nocow-0, "(99.0, 63.0)", "(72.5, 52.5)", "(74.5, 51.5)", "(74.5, 49.5)", "(74.5, 46.5)"
nocow-1, "(91.0, 85.0)", "(103.5, 95.5)", "(107.5, 94.5)", "(75.5, 94.5)", "(73.5, 91.5)"
nocow-10, "(68.0, 99.0)", "(35.5, 104.5)", "(36.5, 101.5)", "(38.5, 107.5)", "(36.5, 107.5)"
nocow-100, "(21.0, 71.0)", "(20.5, 94.5)", "(17.5, 93.5)", "(43.5, 69.5)", "(44.5, 68.5)"
nocow-101, "(21.0, 50.0)", "(40.5, 63.5)", "(36.5, 61.5)", "(35.5, 30.5)", "(34.5, 30.5)"
nocow-102, "(82.0, 26.0)", "(82.5, 45.5)", "(83.5, 45.5)", "(97.5, 14.5)", "(96.5, 13.5)"
nocow-103, "(98.0, 69.0)", "(68.5, 76.5)", "(66.5, 75.5)", "(101.5, 37.5)", "(105.5, 38.5)"
nocow-104, "(69.0, 21.0)", "(64.5, 47.5)", "(65.5, 47.5)", "(46.5, 34.5)", "(44.5, 34.5)"
nocow-105, "(50.0, 21.0)", "(21.5, 14.5)", "(21.5, 15.5)", "(23.5, 23.5)", "(23.5, 27.5)"
nocow-106, "(77.0, 96.0)", "(67.5, 79.5)", "(65.5, 76.5)", "(56.5, 102.5)", "(55.5, 100.5)"
nocow-107, "(38.0, 26.0)", "(54.5, 34.5)", "(55.5, 34.5)", "(22.5, 12.5)", "(22.5, 14.5)"
nocow-108, "(93.0, 38.0)", "(114.5, 34.5)", "(113.5, 34.5)", "(94.5, 18.5)", "(91.5, 15.5)"
nocow-109, "(87.0, 30.0)", "(57.5, 35.5)", "(58.5, 38.5)", "(57.5, 22.5)", "(57.5, 23.5)"
nocow-11, "(21.0, 47.0)", "(24.5, 19.5)", "(26.5, 21.5)", "(13.5, 18.5)", "(17.5, 18.5)"
nocow-110, "(99.0, 58.0)", "(115.5, 66.5)", "(115.5, 67.5)", "(79.5, 70.5)", "(77.5, 68.5)"
nocow-111, "(42.0, 24.0)", "(22.5, 20.5)", "(21.5, 19.5)", "(45.5, 1.5)", "(44.5, 3.5)"
nocow-112, "(77.0, 23.0)", "(104.5, 26.5)", "(104.5, 23.5)", "(104.5, 18.5)", "(104.5, 17.5)"
nocow-113, "(40.0, 25.0)", "(47.5, 46.5)", "(46.5, 47.5)", "(16.5, 32.5)", "(17.5, 33.5)"
nocow-114, "(20.0, 57.0)", "(22.5, 80.5)", "(19.5, 80.5)", "(15.5, 79.5)", "(16.5, 79.5)"
nocow-115, "(70.0, 21.0)", "(69.5, 47.5)", "(71.5, 48.5)", "(41.5, 21.5)", "(44.5, 23.5)"
nocow-116, "(52.0, 99.0)", "(72.5, 110.5)", "(72.5, 111.5)", "(74.5, 91.5)", "(73.5, 88.5)"
nocow-117, "(30.0, 33.0)", "(37.5, 16.5)", "(40.5, 15.5)", "(18.5, 15.5)", "(18.5, 17.5)"
nocow-118, "(20.0, 64.0)", "(19.5, 87.5)", "(20.5, 87.5)", "(21.5, 39.5)", "(20.5, 39.5)"
nocow-119, "(90.0, 85.0)", "(119.5, 83.5)", "(119.5, 84.5)", "(92.5, 114.5)", "(93.5, 114.5)"
nocow-12, "(50.0, 21.0)", "(41.5, 51.5)", "(39.5, 49.5)", "(64.5, 48.5)", "(61.5, 49.5)"
nocow-120, "(35.0, 28.0)", "(42.5, 45.5)", "(44.5, 44.5)", "(42.5, 11.5)", "(46.5, 10.5)"
nocow-121, "(99.0, 56.0)", "(103.5, 83.5)", "(105.5, 82.5)", "(71.5, 47.5)", "(72.5, 50.5)"
nocow-122, "(52.0, 99.0)", "(60.5, 115.5)", "(61.5, 115.5)", "(68.5, 90.5)", "(69.5, 90.5)"
nocow-123, "(97.0, 47.0)", "(93.5, 77.5)", "(91.5, 77.5)", "(98.5, 16.5)", "(101.5, 17.5)"
nocow-124, "(21.0, 71.0)", "(5.5, 52.5)", "(5.5, 50.5)", "(34.5, 50.5)", "(35.5, 53.5)"
nocow-125, "(92.0, 37.0)", "(73.5, 29.5)", "(75.5, 30.5)", "(85.5, 17.5)", "(84.5, 18.5)"
nocow-126, "(41.0, 24.0)", "(56.5, 50.5)", "(55.5, 50.5)", "(67.5, 39.5)", "(68.5, 37.5)"
nocow-127, "(38.0, 26.0)", "(52.5, 48.5)", "(53.5, 48.5)", "(24.5, 48.5)", "(26.5, 49.5)"
nocow-128, "(45.0, 22.0)", "(34.5, 46.5)", "(36.5, 47.5)", "(20.5, 31.5)", "(19.5, 31.5)"
nocow-129, "(20.0, 54.0)", "(29.5, 29.5)", "(28.5, 27.5)", "(22.5, 81.5)", "(24.5, 80.5)"
nocow-13, "(96.0, 75.0)", "(98.5, 56.5)", "(102.5, 57.5)", "(92.5, 57.5)", "(88.5, 58.5)"
nocow-130, "(98.0, 69.0)", "(76.5, 93.5)", "(77.5, 93.5)", "(73.5, 88.5)", "(72.5, 86.5)"
nocow-131, "(22.0, 73.0)", "(15.5, 48.5)", "(18.5, 51.5)", "(9.5, 92.5)", "(9.5, 89.5)"
nocow-132, "(100.0, 60.0)", "(91.5, 42.5)", "(91.5, 40.5)", "(104.5, 41.5)", "(103.5, 41.5)"
nocow-133, "(73.0, 97.0)", "(79.5, 70.5)", "(82.5, 71.5)", "(62.5, 70.5)", "(64.5, 69.5)"
nocow-134, "(88.0, 31.0)", "(79.5, 11.5)", "(80.5, 12.5)", "(85.5, 52.5)", "(86.5, 52.5)"
nocow-135, "(33.0, 89.0)", "(25.5, 69.5)", "(27.5, 70.5)", "(14.5, 81.5)", "(12.5, 81.5)"
nocow-136, "(27.0, 83.0)", "(5.5, 84.5)", "(2.5, 84.5)", "(18.5, 105.5)", "(20.5, 105.5)"
nocow-137, "(77.0, 96.0)", "(87.5, 111.5)", "(85.5, 108.5)", "(94.5, 102.5)", "(95.5, 101.5)"
nocow-138, "(24.0, 78.0)", "(2.5, 92.5)", "(3.5, 92.5)", "(53.5, 70.5)", "(52.5, 69.5)"
nocow-139, "(20.0, 54.0)", "(0.5, 57.5)", "(0.5, 58.5)", "(0.5, 51.5)", "(0.5, 49.5)"
nocow-14, "(39.0, 25.0)", "(18.5, 23.5)", "(19.5, 22.5)", "(34.5, 6.5)", "(34.5, 3.5)"
nocow-140, "(51.0, 99.0)", "(63.5, 107.5)", "(62.5, 109.5)", "(65.5, 88.5)", "(63.5, 85.5)"
nocow-141, "(60.0, 20.0)", "(69.5, 2.5)", "(69.5, 3.5)", "(64.5, 0.5)", "(60.5, 0.5)"
nocow-142, "(96.0, 77.0)", "(100.5, 47.5)", "(98.5, 46.5)", "(102.5, 107.5)", "(108.5, 105.5)"
nocow-143, "(21.0, 48.0)", "(6.5, 67.5)", "(8.5, 64.5)", "(0.5, 54.5)", "(0.5, 55.5)"
nocow-144, "(60.0, 99.0)", "(78.5, 112.5)", "(78.5, 113.5)", "(84.5, 110.5)", "(85.5, 108.5)"
nocow-145, "(52.0, 99.0)", "(78.5, 84.5)", "(79.5, 82.5)", "(24.5, 85.5)", "(23.5, 85.5)"
nocow-146, "(30.0, 86.0)", "(27.5, 69.5)", "(26.5, 66.5)", "(45.5, 96.5)", "(42.5, 96.5)"
nocow-147, "(46.0, 22.0)", "(63.5, 49.5)", "(65.5, 46.5)", "(28.5, 48.5)", "(27.5, 46.5)"
nocow-148, "(26.0, 82.0)", "(45.5, 73.5)", "(45.5, 75.5)", "(14.5, 100.5)", "(13.5, 98.5)"
nocow-149, "(88.0, 31.0)", "(80.5, 50.5)", "(82.5, 50.5)", "(66.5, 35.5)", "(68.5, 36.5)"
nocow-15, "(23.0, 43.0)", "(36.5, 16.5)", "(51.5, 31.5)", "(50.5, 28.5)"
nocow-150, "(47.0, 98.0)", "(38.5, 115.5)", "(39.5, 116.5)", "(66.5, 99.5)", "(66.5, 96.5)"
nocow-151, "(93.0, 38.0)", "(97.5, 67.5)", "(98.5, 67.5)", "(62.5, 35.5)", "(61.5, 33.5)"
nocow-152, "(47.0, 21.0)", "(19.5, 19.5)", "(21.5, 17.5)", "(53.5, 47.5)", "(56.5, 46.5)"
nocow-153, "(24.0, 78.0)", "(50.5, 62.5)", "(51.5, 62.5)", "(36.5, 48.5)", "(37.5, 51.5)"
nocow-154, "(46.0, 97.0)", "(73.5, 111.5)", "(74.5, 111.5)", "(18.5, 109.5)", "(17.5, 108.5)"
nocow-155, "(23.0, 43.0)", "(12.5, 23.5)", "(11.5, 22.5)", "(44.5, 33.5)", "(43.5, 33.5)"
nocow-156, "(22.0, 75.0)", "(33.5, 94.5)", "(30.5, 91.5)", "(38.5, 85.5)", "(38.5, 83.5)"
nocow-157, "(98.0, 51.0)", "(89.5, 63.5)", "(87.5, 66.5)", "(113.5, 61.5)", "(110.5, 57.5)"
nocow-158, "(92.0, 36.0)", "(83.5, 15.5)", "(86.5, 14.5)", "(83.5, 56.5)", "(83.5, 57.5)"
nocow-159, "(31.0, 31.0)", "(2.5, 40.5)", "(1.5, 37.5)", "(60.5, 20.5)", "(60.5, 21.5)"
nocow-16, "(99.0, 55.0)", "(110.5, 70.5)", "(113.5, 73.5)", "(83.5, 73.5)", "(83.5, 74.5)"
nocow-160, "(94.0, 39.0)", "(67.5, 24.5)", "(66.5, 24.5)", "(87.5, 69.5)", "(85.5, 68.5)"
nocow-161, "(67.0, 99.0)", "(46.5, 102.5)", "(46.5, 100.5)", "(85.5, 94.5)", "(85.5, 93.5)"
nocow-162, "(30.0, 33.0)", "(51.5, 20.5)", "(51.5, 24.5)", "(17.5, 13.5)", "(18.5, 10.5)"
nocow-163, "(31.0, 88.0)", "(25.5, 117.5)", "(24.5, 117.5)", "(0.5, 91.5)", "(0.5, 92.5)"
nocow-164, "(25.0, 40.0)", "(50.5, 32.5)", "(50.5, 31.5)", "(0.5, 32.5)", "(0.5, 31.5)"
nocow-165, "(92.0, 82.0)", "(80.5, 93.5)", "(77.5, 96.5)", "(110.5, 78.5)", "(110.5, 76.5)"
nocow-166, "(20.0, 66.0)", "(13.5, 82.5)", "(16.5, 83.5)", "(37.5, 70.5)", "(38.5, 70.5)"
nocow-167, "(99.0, 66.0)", "(96.5, 89.5)", "(94.5, 89.5)", "(114.5, 77.5)", "(115.5, 78.5)"
nocow-168, "(81.0, 26.0)", "(103.5, 25.5)", "(103.5, 22.5)", "(75.5, 48.5)", "(73.5, 48.5)"
nocow-169, "(94.0, 80.0)", "(78.5, 93.5)", "(77.5, 92.5)", "(107.5, 63.5)", "(107.5, 64.5)"
nocow-17, "(99.0, 58.0)", "(118.5, 79.5)", "(119.5, 79.5)", "(79.5, 83.5)", "(79.5, 79.5)"
nocow-170, "(22.0, 74.0)", "(13.5, 95.5)", "(9.5, 94.5)", "(0.5, 69.5)", "(0.5, 67.5)"
nocow-171, "(43.0, 23.0)", "(43.5, 45.5)", "(44.5, 45.5)", "(66.5, 21.5)", "(65.5, 20.5)"
nocow-172, "(25.0, 79.0)", "(29.5, 62.5)", "(29.5, 60.5)", "(20.5, 60.5)", "(16.5, 60.5)"
nocow-173, "(43.0, 23.0)", "(35.5, 49.5)", "(38.5, 48.5)", "(69.5, 29.5)", "(69.5, 25.5)"
nocow-174, "(28.0, 84.0)", "(11.5, 74.5)", "(12.5, 75.5)", "(38.5, 66.5)", "(36.5, 68.5)"
nocow-175, "(97.0, 73.0)", "(80.5, 80.5)", "(80.5, 81.5)", "(115.5, 66.5)", "(114.5, 64.5)"
nocow-176, "(98.0, 68.0)", "(70.5, 73.5)", "(71.5, 72.5)", "(72.5, 61.5)", "(72.5, 58.5)"
nocow-177, "(65.0, 99.0)", "(56.5, 114.5)", "(59.5, 116.5)", "(71.5, 80.5)", "(73.5, 82.5)"
nocow-178, "(72.0, 97.0)", "(65.5, 113.5)", "(65.5, 114.5)", "(89.5, 104.5)", "(89.5, 103.5)"
nocow-179, "(21.0, 48.0)", "(46.5, 57.5)", "(47.5, 53.5)", "(48.5, 52.5)", "(48.5, 49.5)"
nocow-18, "(20.0, 61.0)", "(16.5, 91.5)", "(17.5, 91.5)", "(35.5, 88.5)", "(34.5, 88.5)"
nocow-180, "(79.0, 94.0)", "(60.5, 88.5)", "(60.5, 87.5)", "(72.5, 77.5)", "(73.5, 76.5)"
nocow-181, "(56.0, 99.0)", "(51.5, 69.5)", "(50.5, 67.5)", "(85.5, 110.5)", "(86.5, 108.5)"
nocow-182, "(77.0, 23.0)", "(99.5, 23.5)", "(99.5, 21.5)", "(79.5, 45.5)", "(80.5, 45.5)"
nocow-183, "(63.0, 20.0)", "(94.5, 13.5)", "(93.5, 11.5)", "(82.5, 45.5)", "(83.5, 44.5)"
nocow-184, "(99.0, 52.0)", "(117.5, 38.5)", "(115.5, 38.5)", "(109.5, 32.5)", "(111.5, 32.5)"
nocow-185, "(23.0, 76.0)", "(23.5, 95.5)", "(26.5, 95.5)", "(41.5, 79.5)", "(42.5, 80.5)"
nocow-186, "(22.0, 46.0)", "(40.5, 60.5)", "(44.5, 63.5)", "(46.5, 35.5)", "(47.5, 33.5)"
nocow-187, "(23.0, 43.0)", "(33.5, 26.5)", "(34.5, 26.5)", "(17.5, 63.5)", "(14.5, 63.5)"
nocow-188, "(98.0, 48.0)", "(97.5, 74.5)", "(95.5, 75.5)", "(88.5, 73.5)", "(85.5, 72.5)"
nocow-189, "(37.0, 27.0)", "(59.5, 19.5)", "(58.5, 19.5)", "(29.5, 3.5)", "(28.5, 4.5)"
nocow-19, "(82.0, 93.0)", "(95.5, 68.5)", "(94.5, 69.5)", "(92.5, 117.5)", "(89.5, 118.5)"
nocow-190, "(93.0, 81.0)", "(98.5, 103.5)", "(97.5, 103.5)", "(89.5, 104.5)", "(86.5, 104.5)"
nocow-191, "(49.0, 98.0)", "(55.5, 72.5)", "(56.5, 72.5)", "(42.5, 70.5)", "(38.5, 71.5)"
nocow-192, "(20.0, 61.0)", "(15.5, 83.5)", "(16.5, 83.5)", "(33.5, 77.5)", "(33.5, 76.5)"
nocow-193, "(99.0, 67.0)", "(113.5, 57.5)", "(113.5, 56.5)", "(80.5, 58.5)", "(82.5, 56.5)"
nocow-194, "(37.0, 27.0)", "(54.5, 17.5)", "(54.5, 14.5)", "(46.5, 45.5)", "(43.5, 46.5)"
nocow-195, "(84.0, 91.0)", "(61.5, 79.5)", "(62.5, 80.5)", "(71.5, 111.5)", "(73.5, 110.5)"
nocow-196, "(53.0, 99.0)", "(47.5, 75.5)", "(49.5, 77.5)", "(62.5, 115.5)", "(63.5, 115.5)"
nocow-197, "(84.0, 28.0)", "(66.5, 36.5)", "(64.5, 35.5)", "(62.5, 30.5)", "(63.5, 30.5)"
nocow-198, "(64.0, 20.0)", "(87.5, 24.5)", "(87.5, 20.5)", "(59.5, 42.5)", "(58.5, 42.5)"
nocow-199, "(48.0, 98.0)", "(25.5, 97.5)", "(27.5, 98.5)", "(64.5, 85.5)", "(64.5, 86.5)"
nocow-2, "(20.0, 55.0)", "(43.5, 42.5)", "(44.5, 43.5)", "(31.5, 29.5)", "(30.5, 28.5)"
nocow-20, "(24.0, 78.0)", "(46.5, 93.5)", "(45.5, 95.5)", "(53.5, 85.5)", "(53.5, 84.5)"
nocow-200, "(34.0, 29.0)", "(23.5, 53.5)", "(20.5, 51.5)", "(28.5, 2.5)", "(29.5, 2.5)"
nocow-201, "(38.0, 26.0)", "(31.5, 48.5)", "(31.5, 47.5)", "(59.5, 20.5)", "(60.5, 20.5)"
nocow-202, "(97.0, 46.0)", "(89.5, 60.5)", "(85.5, 60.5)", "(80.5, 55.5)", "(80.5, 56.5)"
nocow-203, "(20.0, 66.0)", "(19.5, 86.5)", "(21.5, 86.5)", "(40.5, 65.5)", "(39.5, 63.5)"
nocow-204, "(31.0, 88.0)", "(4.5, 99.5)", "(2.5, 97.5)", "(58.5, 76.5)", "(57.5, 74.5)"
nocow-205, "(40.0, 94.0)", "(24.5, 102.5)", "(25.5, 105.5)", "(55.5, 82.5)", "(54.5, 83.5)"
nocow-206, "(34.0, 90.0)", "(57.5, 78.5)", "(59.5, 81.5)", "(9.5, 81.5)", "(9.5, 82.5)"
nocow-207, "(61.0, 20.0)", "(47.5, 44.5)", "(49.5, 45.5)", "(40.5, 4.5)", "(39.5, 3.5)"
nocow-208, "(22.0, 44.0)", "(2.5, 53.5)", "(3.5, 53.5)", "(1.5, 34.5)", "(1.5, 36.5)"
nocow-209, "(88.0, 31.0)", "(90.5, 6.5)", "(90.5, 8.5)", "(65.5, 33.5)", "(66.5, 34.5)"
nocow-21, "(76.0, 23.0)", "(67.5, 47.5)", "(64.5, 47.5)", "(100.5, 33.5)", "(102.5, 29.5)"
nocow-210, "(70.0, 98.0)", "(77.5, 71.5)", "(79.5, 73.5)", "(61.5, 72.5)", "(61.5, 70.5)"
nocow-211, "(62.0, 20.0)", "(55.5, 37.5)", "(56.5, 37.5)", "(80.5, 22.5)", "(81.5, 22.5)"
nocow-212, "(98.0, 69.0)", "(101.5, 92.5)", "(102.5, 92.5)", "(112.5, 84.5)", "(108.5, 84.5)"
nocow-213, "(84.0, 28.0)", "(101.5, 17.5)", "(102.5, 17.5)", "(91.5, 8.5)", "(92.5, 10.5)"
nocow-214, "(25.0, 79.0)", "(25.5, 97.5)", "(22.5, 97.5)", "(25.5, 61.5)", "(25.5, 58.5)"
nocow-215, "(75.0, 23.0)", "(49.5, 24.5)", "(48.5, 21.5)", "(77.5, 50.5)", "(77.5, 49.5)"
nocow-216, "(97.0, 47.0)", "(115.5, 42.5)", "(114.5, 42.5)", "(77.5, 43.5)", "(79.5, 41.5)"
nocow-217, "(58.0, 99.0)", "(83.5, 88.5)", "(82.5, 85.5)", "(32.5, 87.5)", "(33.5, 88.5)"
nocow-218, "(70.0, 21.0)", "(80.5, 36.5)", "(79.5, 33.5)", "(65.5, 1.5)", "(62.5, 1.5)"
nocow-219, "(98.0, 49.0)", "(115.5, 70.5)", "(115.5, 67.5)", "(83.5, 25.5)", "(85.5, 26.5)"
nocow-22, "(25.0, 39.0)", "(16.5, 65.5)", "(16.5, 64.5)", "(0.5, 45.5)", "(0.5, 46.5)"
nocow-220, "(40.0, 25.0)", "(36.5, 47.5)", "(38.5, 47.5)", "(18.5, 30.5)", "(17.5, 32.5)"
nocow-221, "(99.0, 67.0)", "(115.5, 73.5)", "(116.5, 70.5)", "(116.5, 61.5)", "(116.5, 59.5)"
nocow-222, "(77.0, 96.0)", "(48.5, 94.5)", "(48.5, 92.5)", "(75.5, 67.5)", "(72.5, 68.5)"
nocow-223, "(37.0, 92.0)", "(45.5, 113.5)", "(48.5, 112.5)", "(49.5, 112.5)", "(49.5, 111.5)"
nocow-224, "(28.0, 84.0)", "(49.5, 69.5)", "(47.5, 68.5)", "(3.5, 68.5)", "(7.5, 68.5)"
nocow-225, "(78.0, 24.0)", "(49.5, 22.5)", "(49.5, 23.5)", "(78.5, 51.5)", "(81.5, 50.5)"
nocow-226, "(24.0, 42.0)", "(39.5, 53.5)", "(40.5, 52.5)", "(4.5, 40.5)", "(3.5, 42.5)"
nocow-227, "(61.0, 20.0)", "(84.5, 18.5)", "(83.5, 16.5)", "(58.5, 42.5)", "(59.5, 42.5)"
nocow-228, "(26.0, 37.0)", "(5.5, 37.5)", "(8.5, 39.5)", "(44.5, 33.5)", "(45.5, 33.5)"
nocow-229, "(80.0, 94.0)", "(59.5, 101.5)", "(61.5, 100.5)", "(88.5, 76.5)", "(87.5, 73.5)"
nocow-23, "(25.0, 79.0)", "(38.5, 93.5)", "(37.5, 95.5)", "(39.5, 90.5)", "(42.5, 90.5)"
nocow-230, "(86.0, 90.0)", "(77.5, 110.5)", "(74.5, 109.5)", "(107.5, 78.5)", "(106.5, 79.5)"
nocow-231, "(46.0, 97.0)", "(20.5, 87.5)", "(20.5, 89.5)", "(19.5, 98.5)", "(17.5, 100.5)"
nocow-232, "(99.0, 61.0)", "(106.5, 80.5)", "(109.5, 78.5)", "(116.5, 51.5)", "(117.5, 51.5)"
nocow-233, "(70.0, 21.0)", "(80.5, 41.5)", "(79.5, 41.5)", "(91.5, 29.5)", "(92.5, 29.5)"
nocow-234, "(87.0, 88.0)", "(60.5, 101.5)", "(61.5, 101.5)", "(70.5, 62.5)", "(71.5, 64.5)"
nocow-235, "(83.0, 27.0)", "(84.5, 3.5)", "(81.5, 5.5)", "(82.5, 50.5)", "(85.5, 49.5)"
nocow-236, "(72.0, 97.0)", "(98.5, 104.5)", "(97.5, 105.5)", "(95.5, 84.5)", "(96.5, 87.5)"
nocow-237, "(70.0, 21.0)", "(45.5, 39.5)", "(44.5, 38.5)", "(43.5, 3.5)", "(44.5, 3.5)"
nocow-238, "(29.0, 86.0)", "(12.5, 75.5)", "(12.5, 73.5)", "(38.5, 70.5)", "(37.5, 70.5)"
nocow-239, "(87.0, 88.0)", "(70.5, 94.5)", "(71.5, 96.5)", "(103.5, 77.5)", "(103.5, 79.5)"
nocow-24, "(31.0, 88.0)", "(60.5, 81.5)", "(60.5, 80.5)", "(37.5, 59.5)", "(36.5, 57.5)"
nocow-240, "(82.0, 93.0)", "(93.5, 112.5)", "(94.5, 112.5)", "(103.5, 102.5)", "(104.5, 99.5)"
nocow-241, "(33.0, 89.0)", "(48.5, 111.5)", "(49.5, 115.5)", "(55.5, 104.5)", "(59.5, 105.5)"
nocow-242, "(20.0, 56.0)", "(3.5, 62.5)", "(0.5, 60.5)", "(2.5, 51.5)", "(1.5, 47.5)"
nocow-243, "(97.0, 74.0)", "(69.5, 87.5)", "(68.5, 89.5)", "(64.5, 71.5)", "(65.5, 72.5)"
nocow-244, "(99.0, 56.0)", "(73.5, 64.5)", "(71.5, 65.5)", "(73.5, 49.5)", "(72.5, 46.5)"
nocow-245, "(36.0, 27.0)", "(19.5, 34.5)", "(19.5, 38.5)", "(53.5, 34.5)", "(55.5, 30.5)"
nocow-246, "(20.0, 62.0)", "(12.5, 80.5)", "(9.5, 76.5)", "(38.5, 69.5)", "(39.5, 67.5)"
nocow-247, "(25.0, 79.0)", "(50.5, 88.5)", "(52.5, 84.5)", "(0.5, 86.5)", "(0.5, 87.5)"
nocow-248, "(20.0, 61.0)", "(14.5, 41.5)", "(17.5, 42.5)", "(27.5, 78.5)", "(29.5, 76.5)"
nocow-249, "(99.0, 52.0)", "(97.5, 71.5)", "(97.5, 70.5)", "(106.5, 64.5)", "(107.5, 64.5)"
nocow-25, "(20.0, 52.0)", "(21.5, 70.5)", "(19.5, 70.5)", "(29.5, 68.5)", "(26.5, 69.5)"
nocow-250, "(20.0, 58.0)", "(38.5, 56.5)", "(39.5, 54.5)", "(9.5, 42.5)", "(9.5, 43.5)"
nocow-251, "(97.0, 74.0)", "(70.5, 83.5)", "(70.5, 81.5)", "(107.5, 50.5)", "(106.5, 49.5)"
nocow-252, "(72.0, 22.0)", "(53.5, 34.5)", "(50.5, 33.5)", "(51.5, 10.5)", "(53.5, 8.5)"
nocow-253, "(20.0, 62.0)", "(39.5, 74.5)", "(42.5, 70.5)", "(20.5, 84.5)", "(19.5, 85.5)"
nocow-254, "(81.0, 26.0)", "(55.5, 17.5)", "(56.5, 13.5)", "(68.5, 0.5)", "(71.5, 2.5)"
nocow-255, "(87.0, 31.0)", "(70.5, 15.5)", "(68.5, 16.5)", "(99.5, 50.5)", "(100.5, 50.5)"
nocow-256, "(96.0, 43.0)", "(106.5, 64.5)", "(105.5, 64.5)", "(116.5, 53.5)", "(117.5, 54.5)"
nocow-257, "(76.0, 96.0)", "(87.5, 77.5)", "(89.5, 75.5)", "(64.5, 76.5)", "(64.5, 75.5)"
nocow-258, "(20.0, 51.0)", "(32.5, 70.5)", "(33.5, 70.5)", "(9.5, 71.5)", "(11.5, 72.5)"
nocow-259, "(98.0, 50.0)", "(108.5, 71.5)", "(109.5, 70.5)", "(119.5, 58.5)", "(119.5, 59.5)"
nocow-26, "(20.0, 54.0)", "(10.5, 71.5)", "(11.5, 71.5)", "(38.5, 64.5)", "(34.5, 64.5)"
nocow-260, "(89.0, 32.0)", "(96.5, 3.5)", "(98.5, 2.5)", "(103.5, 53.5)", "(102.5, 53.5)"
nocow-261, "(97.0, 46.0)", "(97.5, 69.5)", "(96.5, 69.5)", "(92.5, 69.5)", "(95.5, 68.5)"
nocow-262, "(49.0, 98.0)", "(33.5, 117.5)", "(34.5, 117.5)", "(26.5, 92.5)", "(24.5, 93.5)"
nocow-263, "(99.0, 54.0)", "(79.5, 62.5)", "(80.5, 62.5)", "(119.5, 54.5)", "(119.5, 55.5)"
nocow-264, "(31.0, 31.0)", "(13.5, 34.5)", "(12.5, 35.5)", "(12.5, 26.5)", "(13.5, 26.5)"
nocow-265, "(75.0, 23.0)", "(93.5, 48.5)", "(91.5, 45.5)", "(101.5, 39.5)", "(97.5, 38.5)"
nocow-266, "(28.0, 35.0)", "(52.5, 25.5)", "(51.5, 23.5)", "(1.5, 25.5)", "(2.5, 27.5)"
nocow-267, "(20.0, 51.0)", "(4.5, 77.5)", "(6.5, 79.5)", "(12.5, 21.5)", "(13.5, 19.5)"
nocow-268, "(68.0, 99.0)", "(95.5, 113.5)", "(96.5, 112.5)", "(41.5, 113.5)", "(38.5, 110.5)"
nocow-269, "(44.0, 96.0)", "(20.5, 80.5)", "(19.5, 81.5)", "(54.5, 72.5)", "(55.5, 71.5)"
nocow-27, "(76.0, 96.0)", "(48.5, 110.5)", "(50.5, 111.5)", "(44.5, 96.5)", "(45.5, 94.5)"
nocow-270, "(84.0, 91.0)", "(86.5, 109.5)", "(82.5, 109.5)", "(77.5, 108.5)", "(75.5, 107.5)"
nocow-271, "(89.0, 87.0)", "(103.5, 105.5)", "(103.5, 103.5)", "(66.5, 88.5)", "(66.5, 90.5)"
nocow-272, "(62.0, 99.0)", "(89.5, 115.5)", "(90.5, 112.5)", "(36.5, 115.5)", "(34.5, 114.5)"
nocow-273, "(96.0, 42.0)", "(112.5, 33.5)", "(112.5, 30.5)", "(78.5, 30.5)", "(81.5, 32.5)"
nocow-274, "(99.0, 61.0)", "(101.5, 92.5)", "(102.5, 91.5)", "(66.5, 62.5)", "(68.5, 64.5)"
nocow-275, "(90.0, 85.0)", "(102.5, 101.5)", "(100.5, 101.5)", "(110.5, 71.5)", "(106.5, 73.5)"
nocow-276, "(55.0, 99.0)", "(40.5, 110.5)", "(40.5, 109.5)", "(73.5, 102.5)", "(73.5, 105.5)"
nocow-277, "(54.0, 20.0)", "(47.5, 40.5)", "(46.5, 38.5)", "(57.5, 0.5)", "(56.5, 0.5)"
nocow-278, "(67.0, 99.0)", "(83.5, 89.5)", "(82.5, 90.5)", "(56.5, 83.5)", "(56.5, 84.5)"
nocow-279, "(20.0, 52.0)", "(43.5, 35.5)", "(42.5, 34.5)", "(36.5, 28.5)", "(34.5, 29.5)"
nocow-28, "(92.0, 83.0)", "(112.5, 77.5)", "(112.5, 78.5)", "(80.5, 63.5)", "(80.5, 66.5)"
nocow-280, "(38.0, 26.0)", "(19.5, 38.5)", "(18.5, 40.5)", "(16.5, 23.5)", "(13.5, 20.5)"
nocow-281, "(97.0, 47.0)", "(94.5, 67.5)", "(94.5, 66.5)", "(100.5, 66.5)", "(101.5, 67.5)"
nocow-282, "(20.0, 57.0)", "(1.5, 42.5)", "(0.5, 42.5)", "(33.5, 37.5)", "(31.5, 37.5)"
nocow-283, "(42.0, 95.0)", "(50.5, 73.5)", "(50.5, 74.5)", "(28.5, 76.5)", "(29.5, 73.5)"
nocow-284, "(33.0, 30.0)", "(52.5, 24.5)", "(51.5, 26.5)", "(15.5, 25.5)", "(13.5, 26.5)"
nocow-285, "(65.0, 99.0)", "(49.5, 110.5)", "(48.5, 108.5)", "(77.5, 89.5)", "(77.5, 88.5)"
nocow-286, "(97.0, 47.0)", "(77.5, 21.5)", "(78.5, 23.5)", "(95.5, 14.5)", "(94.5, 15.5)"
nocow-287, "(94.0, 39.0)", "(108.5, 48.5)", "(113.5, 46.5)", "(97.5, 59.5)", "(100.5, 58.5)"
nocow-288, "(29.0, 34.0)", "(17.5, 59.5)", "(20.5, 58.5)", "(53.5, 44.5)", "(54.5, 40.5)"
nocow-289, "(24.0, 42.0)", "(34.5, 67.5)", "(36.5, 65.5)", "(15.5, 66.5)", "(12.5, 65.5)"
nocow-29, "(26.0, 37.0)", "(50.5, 42.5)", "(50.5, 43.5)", "(4.5, 44.5)", "(3.5, 46.5)"
nocow-290, "(20.0, 57.0)", "(4.5, 81.5)", "(3.5, 78.5)", "(44.5, 70.5)", "(43.5, 72.5)"
nocow-291, "(99.0, 57.0)", "(112.5, 66.5)", "(113.5, 67.5)", "(119.5, 54.5)", "(119.5, 55.5)"
nocow-292, "(26.0, 82.0)", "(0.5, 76.5)", "(1.5, 75.5)", "(32.5, 56.5)", "(33.5, 57.5)"
nocow-293, "(20.0, 54.0)", "(11.5, 26.5)", "(9.5, 26.5)", "(14.5, 80.5)", "(15.5, 80.5)"
nocow-294, "(31.0, 88.0)", "(34.5, 68.5)", "(33.5, 68.5)", "(21.5, 100.5)", "(20.5, 99.5)"
nocow-295, "(99.0, 63.0)", "(100.5, 83.5)", "(97.5, 84.5)", "(77.5, 62.5)", "(79.5, 61.5)"
nocow-296, "(20.0, 53.0)", "(39.5, 42.5)", "(40.5, 42.5)", "(1.5, 42.5)", "(0.5, 41.5)"
nocow-297, "(21.0, 70.0)", "(18.5, 47.5)", "(16.5, 45.5)", "(29.5, 92.5)", "(31.5, 90.5)"
nocow-298, "(99.0, 64.0)", "(117.5, 56.5)", "(118.5, 56.5)", "(79.5, 69.5)", "(78.5, 69.5)"
nocow-299, "(99.0, 54.0)", "(80.5, 64.5)", "(79.5, 64.5)", "(119.5, 57.5)", "(119.5, 58.5)"
nocow-3, "(98.0, 48.0)", "(117.5, 37.5)", "(117.5, 36.5)", "(77.5, 57.5)", "(76.5, 57.5)"
nocow-30, "(29.0, 33.0)", "(40.5, 9.5)", "(41.5, 7.5)", "(33.5, 59.5)", "(39.5, 57.5)"
nocow-300, "(98.0, 48.0)", "(93.5, 79.5)", "(91.5, 78.5)", "(65.5, 52.5)", "(65.5, 51.5)"
nocow-301, "(26.0, 81.0)", "(43.5, 73.5)", "(42.5, 73.5)", "(8.5, 84.5)", "(8.5, 83.5)"
nocow-302, "(46.0, 22.0)", "(42.5, 48.5)", "(42.5, 49.5)", "(72.5, 21.5)", "(73.5, 23.5)"
nocow-303, "(22.0, 46.0)", "(0.5, 46.5)", "(0.5, 43.5)", "(44.5, 42.5)", "(45.5, 42.5)"
nocow-304, "(81.0, 93.0)", "(110.5, 102.5)", "(111.5, 102.5)", "(52.5, 102.5)", "(51.5, 106.5)"
nocow-305, "(45.0, 97.0)", "(66.5, 88.5)", "(65.5, 88.5)", "(55.5, 117.5)", "(56.5, 116.5)"
nocow-306, "(38.0, 93.0)", "(29.5, 73.5)", "(30.5, 72.5)", "(58.5, 93.5)", "(57.5, 91.5)"
nocow-307, "(23.0, 76.0)", "(24.5, 95.5)", "(22.5, 95.5)", "(38.5, 86.5)", "(38.5, 87.5)"
nocow-308, "(74.0, 97.0)", "(88.5, 79.5)", "(86.5, 77.5)", "(78.5, 119.5)", "(79.5, 119.5)"
nocow-309, "(72.0, 97.0)", "(98.5, 98.5)", "(99.5, 94.5)", "(97.5, 84.5)", "(97.5, 85.5)"
nocow-31, "(72.0, 97.0)", "(70.5, 117.5)", "(67.5, 117.5)", "(91.5, 101.5)", "(92.5, 101.5)"
nocow-310, "(38.0, 26.0)", "(14.5, 27.5)", "(14.5, 29.5)", "(13.5, 23.5)", "(15.5, 24.5)"
nocow-311, "(78.0, 24.0)", "(83.5, 41.5)", "(80.5, 42.5)", "(73.5, 42.5)", "(70.5, 41.5)"
nocow-312, "(44.0, 23.0)", "(21.5, 8.5)", "(20.5, 8.5)", "(29.5, 0.5)", "(30.5, 0.5)"
nocow-313, "(46.0, 97.0)", "(22.5, 95.5)", "(23.5, 96.5)", "(45.5, 119.5)", "(47.5, 119.5)"
nocow-314, "(34.0, 91.0)", "(54.5, 91.5)", "(53.5, 93.5)", "(30.5, 71.5)", "(34.5, 70.5)"
nocow-315, "(24.0, 41.0)", "(29.5, 58.5)", "(28.5, 58.5)", "(6.5, 45.5)", "(7.5, 46.5)"
nocow-316, "(60.0, 99.0)", "(35.5, 89.5)", "(33.5, 88.5)", "(79.5, 113.5)", "(82.5, 115.5)"
nocow-317, "(75.0, 96.0)", "(62.5, 67.5)", "(63.5, 66.5)", "(49.5, 81.5)", "(45.5, 84.5)"
nocow-318, "(63.0, 99.0)", "(82.5, 88.5)", "(79.5, 85.5)", "(75.5, 80.5)", "(72.5, 77.5)"
nocow-319, "(72.0, 97.0)", "(65.5, 66.5)", "(67.5, 66.5)", "(78.5, 66.5)", "(75.5, 64.5)"
nocow-32, "(22.0, 75.0)", "(4.5, 81.5)", "(4.5, 82.5)", "(4.5, 72.5)", "(3.5, 71.5)"
nocow-320, "(57.0, 20.0)", "(36.5, 17.5)", "(38.5, 18.5)", "(58.5, 39.5)", "(55.5, 39.5)"
nocow-321, "(34.0, 91.0)", "(49.5, 116.5)", "(50.5, 116.5)", "(5.5, 102.5)", "(8.5, 105.5)"
nocow-322, "(89.0, 87.0)", "(105.5, 94.5)", "(106.5, 94.5)", "(72.5, 93.5)", "(72.5, 95.5)"
nocow-323, "(34.0, 28.0)", "(48.5, 18.5)", "(51.5, 18.5)", "(42.5, 9.5)", "(45.5, 11.5)"
nocow-324, "(54.0, 99.0)", "(35.5, 101.5)", "(34.5, 100.5)", "(34.5, 96.5)", "(34.5, 95.5)"
nocow-325, "(39.0, 25.0)", "(47.5, 6.5)", "(47.5, 5.5)", "(27.5, 7.5)", "(30.5, 5.5)"
nocow-326, "(24.0, 41.0)", "(16.5, 66.5)", "(17.5, 66.5)", "(48.5, 30.5)", "(49.5, 30.5)"
nocow-327, "(21.0, 50.0)", "(0.5, 59.5)", "(0.5, 60.5)", "(22.5, 25.5)", "(23.5, 27.5)"
nocow-328, "(26.0, 37.0)", "(44.5, 25.5)", "(45.5, 29.5)", "(8.5, 25.5)", "(9.5, 26.5)"
nocow-329, "(24.0, 42.0)", "(18.5, 64.5)", "(20.5, 64.5)", "(14.5, 63.5)", "(12.5, 62.5)"
nocow-33, "(83.0, 27.0)", "(71.5, 41.5)", "(69.5, 42.5)", "(68.5, 15.5)", "(70.5, 13.5)"
nocow-330, "(77.0, 23.0)", "(104.5, 22.5)", "(104.5, 24.5)", "(54.5, 7.5)", "(53.5, 9.5)"
nocow-331, "(34.0, 29.0)", "(43.5, 3.5)", "(47.5, 3.5)", "(19.5, 51.5)", "(18.5, 51.5)"
nocow-332, "(84.0, 28.0)", "(66.5, 50.5)", "(66.5, 47.5)", "(102.5, 43.5)", "(102.5, 44.5)"
nocow-333, "(20.0, 55.0)", "(11.5, 80.5)", "(9.5, 79.5)", "(25.5, 81.5)", "(24.5, 81.5)"
nocow-334, "(99.0, 57.0)", "(100.5, 36.5)", "(102.5, 38.5)", "(89.5, 74.5)", "(89.5, 76.5)"
nocow-335, "(66.0, 99.0)", "(93.5, 100.5)", "(94.5, 100.5)", "(93.5, 96.5)", "(92.5, 94.5)"
nocow-336, "(20.0, 63.0)", "(1.5, 68.5)", "(0.5, 70.5)", "(39.5, 57.5)", "(39.5, 54.5)"
nocow-337, "(28.0, 84.0)", "(0.5, 91.5)", "(0.5, 92.5)", "(0.5, 74.5)", "(0.5, 75.5)"
nocow-338, "(77.0, 96.0)", "(59.5, 81.5)", "(62.5, 82.5)", "(75.5, 117.5)", "(74.5, 117.5)"
nocow-339, "(44.0, 23.0)", "(28.5, 49.5)", "(29.5, 51.5)", "(16.5, 37.5)", "(15.5, 37.5)"
nocow-34, "(59.0, 20.0)", "(58.5, 51.5)", "(56.5, 51.5)", "(74.5, 47.5)", "(76.5, 45.5)"
nocow-340, "(74.0, 22.0)", "(79.5, 48.5)", "(78.5, 48.5)", "(68.5, 49.5)", "(67.5, 48.5)"
nocow-341, "(44.0, 96.0)", "(17.5, 88.5)", "(17.5, 90.5)", "(70.5, 102.5)", "(70.5, 100.5)"
nocow-342, "(72.0, 97.0)", "(94.5, 96.5)", "(95.5, 95.5)", "(73.5, 73.5)", "(74.5, 72.5)"
nocow-343, "(58.0, 99.0)", "(83.5, 110.5)", "(84.5, 110.5)", "(84.5, 106.5)", "(85.5, 106.5)"
nocow-344, "(20.0, 64.0)", "(33.5, 80.5)", "(32.5, 83.5)", "(35.5, 75.5)", "(35.5, 78.5)"
nocow-345, "(81.0, 26.0)", "(69.5, 43.5)", "(73.5, 45.5)", "(91.5, 44.5)", "(90.5, 44.5)"
nocow-346, "(20.0, 53.0)", "(47.5, 48.5)", "(46.5, 44.5)", "(24.5, 25.5)", "(26.5, 26.5)"
nocow-347, "(40.0, 94.0)", "(23.5, 99.5)", "(22.5, 100.5)", "(21.5, 90.5)", "(24.5, 86.5)"
nocow-348, "(72.0, 97.0)", "(45.5, 93.5)", "(44.5, 94.5)", "(73.5, 68.5)", "(77.5, 68.5)"
nocow-349, "(91.0, 34.0)", "(88.5, 52.5)", "(84.5, 50.5)", "(108.5, 40.5)", "(108.5, 38.5)"
nocow-35, "(48.0, 98.0)", "(68.5, 98.5)", "(67.5, 95.5)", "(28.5, 99.5)", "(26.5, 99.5)"
nocow-350, "(90.0, 34.0)", "(91.5, 13.5)", "(91.5, 12.5)", "(92.5, 55.5)", "(91.5, 54.5)"
nocow-351, "(20.0, 60.0)", "(22.5, 78.5)", "(26.5, 78.5)", "(1.5, 56.5)", "(4.5, 52.5)"
nocow-352, "(52.0, 20.0)", "(54.5, 42.5)", "(55.5, 42.5)", "(47.5, 42.5)", "(48.5, 42.5)"
nocow-353, "(99.0, 63.0)", "(116.5, 89.5)", "(118.5, 87.5)", "(73.5, 80.5)", "(71.5, 79.5)"
nocow-354, "(37.0, 92.0)", "(22.5, 68.5)", "(19.5, 70.5)", "(48.5, 116.5)", "(50.5, 116.5)"
nocow-355, "(97.0, 74.0)", "(93.5, 97.5)", "(95.5, 96.5)", "(98.5, 50.5)", "(96.5, 50.5)"
nocow-356, "(99.0, 63.0)", "(119.5, 66.5)", "(119.5, 67.5)", "(79.5, 69.5)", "(77.5, 66.5)"
nocow-357, "(90.0, 85.0)", "(97.5, 65.5)", "(96.5, 65.5)", "(82.5, 66.5)", "(82.5, 64.5)"
nocow-358, "(32.0, 30.0)", "(44.5, 40.5)", "(43.5, 40.5)", "(40.5, 47.5)", "(42.5, 45.5)"
nocow-359, "(51.0, 20.0)", "(69.5, 24.5)", "(70.5, 24.5)", "(67.5, 10.5)", "(66.5, 11.5)"
nocow-36, "(91.0, 35.0)", "(77.5, 58.5)", "(76.5, 57.5)", "(65.5, 24.5)", "(67.5, 24.5)"
nocow-360, "(95.0, 79.0)", "(89.5, 55.5)", "(88.5, 56.5)", "(92.5, 102.5)", "(89.5, 101.5)"
nocow-361, "(89.0, 33.0)", "(78.5, 14.5)", "(79.5, 12.5)", "(69.5, 23.5)", "(70.5, 23.5)"
nocow-362, "(71.0, 98.0)", "(56.5, 87.5)", "(54.5, 87.5)", "(62.5, 116.5)", "(63.5, 115.5)"
nocow-363, "(87.0, 88.0)", "(105.5, 87.5)", "(106.5, 87.5)", "(104.5, 83.5)", "(105.5, 83.5)"
nocow-364, "(27.0, 36.0)", "(3.5, 38.5)", "(2.5, 38.5)", "(31.5, 58.5)", "(37.5, 56.5)"
nocow-365, "(86.0, 29.0)", "(66.5, 27.5)", "(66.5, 28.5)", "(103.5, 16.5)", "(103.5, 18.5)"
nocow-366, "(29.0, 86.0)", "(12.5, 91.5)", "(10.5, 91.5)", "(44.5, 77.5)", "(45.5, 77.5)"
nocow-367, "(96.0, 75.0)", "(67.5, 60.5)", "(68.5, 62.5)", "(110.5, 48.5)", "(109.5, 46.5)"
nocow-368, "(70.0, 98.0)", "(97.5, 95.5)", "(97.5, 93.5)", "(72.5, 70.5)", "(72.5, 71.5)"
nocow-369, "(51.0, 20.0)", "(35.5, 44.5)", "(37.5, 43.5)", "(75.5, 8.5)", "(73.5, 4.5)"
nocow-37, "(29.0, 34.0)", "(48.5, 28.5)", "(49.5, 28.5)", "(9.5, 30.5)", "(9.5, 27.5)"
nocow-370, "(97.0, 47.0)", "(117.5, 36.5)", "(117.5, 38.5)", "(86.5, 28.5)", "(85.5, 26.5)"
nocow-371, "(97.0, 47.0)", "(79.5, 39.5)", "(81.5, 39.5)", "(103.5, 28.5)", "(102.5, 27.5)"
nocow-372, "(20.0, 53.0)", "(12.5, 31.5)", "(18.5, 28.5)", "(33.5, 68.5)", "(35.5, 72.5)"
nocow-373, "(96.0, 42.0)", "(113.5, 30.5)", "(112.5, 31.5)", "(87.5, 25.5)", "(84.5, 25.5)"
nocow-374, "(92.0, 82.0)", "(109.5, 74.5)", "(108.5, 72.5)", "(75.5, 75.5)", "(75.5, 74.5)"
nocow-375, "(24.0, 77.0)", "(0.5, 85.5)", "(0.5, 86.5)", "(17.5, 103.5)", "(20.5, 102.5)"
nocow-376, "(84.0, 28.0)", "(94.5, 9.5)", "(91.5, 9.5)", "(89.5, 7.5)", "(87.5, 7.5)"
nocow-377, "(26.0, 82.0)", "(18.5, 64.5)", "(14.5, 68.5)", "(20.5, 99.5)", "(18.5, 98.5)"
nocow-378, "(92.0, 83.0)", "(103.5, 66.5)", "(103.5, 68.5)", "(83.5, 66.5)", "(80.5, 67.5)"
nocow-379, "(32.0, 30.0)", "(13.5, 54.5)", "(14.5, 53.5)", "(48.5, 5.5)", "(45.5, 4.5)"
nocow-38, "(91.0, 34.0)", "(80.5, 19.5)", "(81.5, 17.5)", "(100.5, 16.5)", "(97.5, 17.5)"
nocow-380, "(52.0, 99.0)", "(38.5, 114.5)", "(42.5, 113.5)", "(34.5, 107.5)", "(36.5, 110.5)"
nocow-381, "(87.0, 89.0)", "(109.5, 86.5)", "(109.5, 87.5)", "(81.5, 111.5)", "(77.5, 109.5)"
nocow-382, "(66.0, 20.0)", "(93.5, 23.5)", "(93.5, 20.5)", "(39.5, 19.5)", "(38.5, 20.5)"
nocow-383, "(96.0, 77.0)", "(97.5, 57.5)", "(99.5, 58.5)", "(93.5, 60.5)", "(92.5, 60.5)"
nocow-384, "(60.0, 20.0)", "(52.5, 51.5)", "(52.5, 50.5)", "(75.5, 48.5)", "(76.5, 46.5)"
nocow-385, "(55.0, 20.0)", "(38.5, 12.5)", "(37.5, 12.5)", "(64.5, 5.5)", "(65.5, 4.5)"
nocow-386, "(67.0, 20.0)", "(78.5, 34.5)", "(76.5, 32.5)", "(56.5, 4.5)", "(54.5, 5.5)"
nocow-387, "(52.0, 99.0)", "(49.5, 75.5)", "(48.5, 76.5)", "(40.5, 118.5)", "(40.5, 119.5)"
nocow-388, "(21.0, 49.0)", "(39.5, 37.5)", "(39.5, 40.5)", "(2.5, 40.5)", "(1.5, 40.5)"
nocow-389, "(97.0, 47.0)", "(94.5, 28.5)", "(91.5, 28.5)", "(87.5, 63.5)", "(85.5, 62.5)"
nocow-39, "(93.0, 81.0)", "(94.5, 63.5)", "(92.5, 60.5)", "(96.5, 99.5)", "(100.5, 98.5)"
nocow-390, "(91.0, 84.0)", "(88.5, 56.5)", "(89.5, 58.5)", "(103.5, 103.5)", "(102.5, 102.5)"
nocow-391, "(27.0, 83.0)", "(53.5, 88.5)", "(53.5, 89.5)", "(15.5, 60.5)", "(14.5, 60.5)"
nocow-392, "(92.0, 83.0)", "(68.5, 92.5)", "(65.5, 88.5)", "(66.5, 72.5)", "(68.5, 74.5)"
nocow-393, "(42.0, 95.0)", "(20.5, 93.5)", "(20.5, 94.5)", "(65.5, 93.5)", "(65.5, 91.5)"
nocow-394, "(22.0, 45.0)", "(44.5, 62.5)", "(49.5, 59.5)", "(48.5, 27.5)", "(48.5, 26.5)"
nocow-395, "(27.0, 36.0)", "(27.5, 11.5)", "(25.5, 12.5)", "(6.5, 29.5)", "(5.5, 26.5)"
nocow-396, "(20.0, 67.0)", "(24.5, 84.5)", "(25.5, 84.5)", "(14.5, 85.5)", "(13.5, 84.5)"
nocow-397, "(20.0, 55.0)", "(37.5, 65.5)", "(38.5, 61.5)", "(1.5, 45.5)", "(5.5, 44.5)"
nocow-398, "(67.0, 20.0)", "(86.5, 19.5)", "(86.5, 21.5)", "(49.5, 22.5)", "(49.5, 23.5)"
nocow-399, "(48.0, 98.0)", "(74.5, 95.5)", "(74.5, 93.5)", "(48.5, 69.5)", "(50.5, 70.5)"
nocow-4, "(87.0, 31.0)", "(106.5, 18.5)", "(106.5, 15.5)", "(99.5, 54.5)", "(96.5, 55.5)"
nocow-40, "(94.0, 39.0)", "(112.5, 33.5)", "(111.5, 30.5)", "(89.5, 20.5)", "(90.5, 18.5)"
nocow-400, "(57.0, 20.0)", "(31.5, 0.5)", "(32.5, 1.5)", "(82.5, 37.5)", "(83.5, 36.5)"
nocow-401, "(30.0, 86.0)", "(38.5, 67.5)", "(40.5, 68.5)", "(22.5, 104.5)", "(24.5, 105.5)"
nocow-402, "(63.0, 20.0)", "(62.5, 51.5)", "(60.5, 50.5)", "(32.5, 18.5)", "(31.5, 18.5)"
nocow-403, "(99.0, 57.0)", "(89.5, 40.5)", "(92.5, 40.5)", "(117.5, 62.5)", "(117.5, 61.5)"
nocow-404, "(85.0, 90.0)", "(93.5, 106.5)", "(91.5, 102.5)", "(67.5, 95.5)", "(65.5, 93.5)"
nocow-405, "(26.0, 38.0)", "(32.5, 57.5)", "(31.5, 58.5)", "(46.5, 41.5)", "(46.5, 45.5)"
nocow-406, "(96.0, 44.0)", "(115.5, 36.5)", "(116.5, 38.5)", "(88.5, 62.5)", "(88.5, 63.5)"
nocow-407, "(24.0, 77.0)", "(15.5, 98.5)", "(14.5, 97.5)", "(1.5, 84.5)", "(2.5, 84.5)"
nocow-408, "(20.0, 51.0)", "(8.5, 33.5)", "(7.5, 33.5)", "(0.5, 49.5)", "(0.5, 48.5)"
nocow-409, "(20.0, 64.0)", "(28.5, 89.5)", "(26.5, 90.5)", "(23.5, 91.5)", "(24.5, 90.5)"
nocow-41, "(90.0, 85.0)", "(74.5, 76.5)", "(73.5, 77.5)", "(106.5, 94.5)", "(105.5, 94.5)"
nocow-410, "(51.0, 20.0)", "(70.5, 33.5)", "(71.5, 31.5)", "(45.5, 42.5)", "(44.5, 43.5)"
nocow-411, "(49.0, 21.0)", "(71.5, 5.5)", "(68.5, 4.5)", "(26.5, 8.5)", "(27.5, 7.5)"
nocow-412, "(20.0, 67.0)", "(14.5, 36.5)", "(14.5, 35.5)", "(2.5, 93.5)", "(0.5, 93.5)"
nocow-413, "(99.0, 58.0)", "(89.5, 38.5)", "(95.5, 34.5)", "(75.5, 62.5)", "(75.5, 66.5)"
nocow-414, "(23.0, 76.0)", "(14.5, 97.5)", "(10.5, 95.5)", "(3.5, 86.5)", "(1.5, 84.5)"
nocow-415, "(34.0, 29.0)", "(31.5, 47.5)", "(31.5, 48.5)", "(16.5, 23.5)", "(13.5, 24.5)"
nocow-416, "(20.0, 63.0)", "(15.5, 39.5)", "(14.5, 38.5)", "(32.5, 82.5)", "(33.5, 82.5)"
nocow-417, "(76.0, 23.0)", "(50.5, 18.5)", "(49.5, 20.5)", "(98.5, 6.5)", "(95.5, 8.5)"
nocow-418, "(98.0, 51.0)", "(81.5, 42.5)", "(78.5, 41.5)", "(87.5, 35.5)", "(87.5, 32.5)"
nocow-419, "(53.0, 20.0)", "(72.5, 27.5)", "(73.5, 23.5)", "(31.5, 13.5)", "(35.5, 11.5)"
nocow-42, "(99.0, 54.0)", "(92.5, 35.5)", "(90.5, 35.5)", "(104.5, 35.5)", "(106.5, 37.5)"
nocow-420, "(23.0, 76.0)", "(20.5, 96.5)", "(21.5, 96.5)", "(32.5, 94.5)", "(31.5, 90.5)"
nocow-421, "(20.0, 66.0)", "(8.5, 50.5)", "(8.5, 48.5)", "(38.5, 70.5)", "(39.5, 70.5)"
nocow-422, "(43.0, 23.0)", "(25.5, 26.5)", "(23.5, 25.5)", "(23.5, 19.5)", "(25.5, 21.5)"
nocow-423, "(53.0, 99.0)", "(35.5, 103.5)", "(35.5, 104.5)", "(37.5, 91.5)", "(35.5, 92.5)"
nocow-424, "(53.0, 20.0)", "(55.5, 43.5)", "(55.5, 42.5)", "(50.5, 42.5)", "(49.5, 42.5)"
nocow-425, "(98.0, 69.0)", "(71.5, 71.5)", "(71.5, 69.5)", "(85.5, 92.5)", "(82.5, 88.5)"
nocow-426, "(96.0, 77.0)", "(117.5, 77.5)", "(116.5, 79.5)", "(117.5, 73.5)", "(116.5, 72.5)"
nocow-427, "(79.0, 94.0)", "(75.5, 70.5)", "(75.5, 72.5)", "(69.5, 114.5)", "(69.5, 115.5)"
nocow-428, "(39.0, 94.0)", "(41.5, 73.5)", "(43.5, 74.5)", "(37.5, 75.5)", "(34.5, 75.5)"
nocow-429, "(48.0, 21.0)", "(26.5, 9.5)", "(27.5, 8.5)", "(60.5, 2.5)", "(59.5, 0.5)"
nocow-43, "(55.0, 99.0)", "(40.5, 117.5)", "(44.5, 115.5)", "(77.5, 107.5)", "(77.5, 104.5)"
nocow-430, "(49.0, 98.0)", "(60.5, 117.5)", "(58.5, 113.5)", "(40.5, 118.5)", "(40.5, 119.5)"
nocow-431, "(30.0, 86.0)", "(2.5, 93.5)", "(4.5, 91.5)", "(4.5, 79.5)", "(2.5, 77.5)"
nocow-432, "(20.0, 60.0)", "(24.5, 91.5)", "(25.5, 90.5)", "(3.5, 88.5)", "(6.5, 88.5)"
nocow-433, "(27.0, 36.0)", "(3.5, 36.5)", "(4.5, 38.5)", "(50.5, 30.5)", "(51.5, 30.5)"
nocow-434, "(38.0, 26.0)", "(27.5, 40.5)", "(26.5, 42.5)", "(53.5, 36.5)", "(55.5, 32.5)"
nocow-435, "(99.0, 63.0)", "(103.5, 45.5)", "(100.5, 43.5)", "(95.5, 45.5)", "(95.5, 43.5)"
nocow-436, "(35.0, 91.0)", "(40.5, 70.5)", "(42.5, 70.5)", "(39.5, 111.5)", "(39.5, 110.5)"
nocow-437, "(98.0, 51.0)", "(117.5, 32.5)", "(117.5, 33.5)", "(114.5, 28.5)", "(113.5, 27.5)"
nocow-438, "(70.0, 21.0)", "(50.5, 24.5)", "(52.5, 24.5)", "(69.5, 0.5)", "(72.5, 0.5)"
nocow-439, "(38.0, 93.0)", "(16.5, 87.5)", "(17.5, 86.5)", "(40.5, 72.5)", "(43.5, 74.5)"
nocow-44, "(31.0, 31.0)", "(49.5, 14.5)", "(49.5, 16.5)", "(38.5, 56.5)", "(39.5, 56.5)"
nocow-440, "(98.0, 50.0)", "(87.5, 71.5)", "(87.5, 70.5)", "(110.5, 70.5)", "(107.5, 66.5)"
nocow-441, "(25.0, 80.0)", "(0.5, 82.5)", "(2.5, 81.5)", "(24.5, 102.5)", "(25.5, 103.5)"
nocow-442, "(96.0, 44.0)", "(110.5, 71.5)", "(109.5, 71.5)", "(80.5, 70.5)", "(81.5, 70.5)"
nocow-443, "(33.0, 30.0)", "(39.5, 55.5)", "(43.5, 55.5)", "(56.5, 18.5)", "(57.5, 18.5)"
nocow-444, "(89.0, 86.0)", "(97.5, 97.5)", "(99.5, 98.5)", "(73.5, 97.5)", "(72.5, 96.5)"
nocow-445, "(96.0, 42.0)", "(88.5, 61.5)", "(90.5, 61.5)", "(77.5, 36.5)", "(74.5, 38.5)"
nocow-446, "(99.0, 53.0)", "(109.5, 33.5)", "(108.5, 30.5)", "(88.5, 33.5)", "(87.5, 34.5)"
nocow-447, "(43.0, 23.0)", "(39.5, 49.5)", "(38.5, 50.5)", "(56.5, 46.5)", "(55.5, 42.5)"
nocow-448, "(92.0, 82.0)", "(103.5, 54.5)", "(103.5, 55.5)", "(108.5, 106.5)", "(107.5, 107.5)"
nocow-449, "(92.0, 83.0)", "(92.5, 61.5)", "(92.5, 62.5)", "(94.5, 104.5)", "(93.5, 104.5)"
nocow-45, "(78.0, 95.0)", "(60.5, 81.5)", "(62.5, 81.5)", "(68.5, 77.5)", "(65.5, 80.5)"
nocow-450, "(51.0, 20.0)", "(61.5, 45.5)", "(58.5, 46.5)", "(66.5, 43.5)", "(64.5, 44.5)"
nocow-451, "(41.0, 24.0)", "(27.5, 51.5)", "(29.5, 51.5)", "(70.5, 33.5)", "(71.5, 33.5)"
nocow-452, "(63.0, 99.0)", "(88.5, 116.5)", "(84.5, 116.5)", "(37.5, 81.5)", "(38.5, 79.5)"
nocow-453, "(99.0, 66.0)", "(109.5, 50.5)", "(109.5, 48.5)", "(88.5, 50.5)", "(86.5, 50.5)"
nocow-454, "(27.0, 83.0)", "(34.5, 108.5)", "(37.5, 107.5)", "(53.5, 73.5)", "(52.5, 76.5)"
nocow-455, "(36.0, 92.0)", "(27.5, 114.5)", "(29.5, 114.5)", "(12.5, 84.5)", "(13.5, 85.5)"
nocow-456, "(71.0, 98.0)", "(78.5, 114.5)", "(77.5, 115.5)", "(87.5, 104.5)", "(88.5, 101.5)"
nocow-457, "(33.0, 30.0)", "(21.5, 45.5)", "(22.5, 48.5)", "(52.5, 33.5)", "(52.5, 34.5)"
nocow-458, "(94.0, 39.0)", "(94.5, 62.5)", "(98.5, 61.5)", "(88.5, 62.5)", "(91.5, 62.5)"
nocow-459, "(91.0, 34.0)", "(70.5, 26.5)", "(70.5, 25.5)", "(79.5, 53.5)", "(81.5, 55.5)"
nocow-46, "(96.0, 43.0)", "(70.5, 35.5)", "(71.5, 33.5)", "(105.5, 16.5)", "(106.5, 17.5)"
nocow-460, "(21.0, 48.0)", "(2.5, 41.5)", "(4.5, 42.5)", "(27.5, 30.5)", "(26.5, 29.5)"
nocow-461, "(96.0, 42.0)", "(104.5, 54.5)", "(107.5, 57.5)", "(103.5, 24.5)", "(106.5, 26.5)"
nocow-462, "(78.0, 24.0)", "(55.5, 13.5)", "(52.5, 14.5)", "(98.5, 8.5)", "(100.5, 10.5)"
nocow-463, "(39.0, 25.0)", "(32.5, 0.5)", "(33.5, 0.5)", "(32.5, 51.5)", "(32.5, 50.5)"
nocow-464, "(72.0, 97.0)", "(102.5, 85.5)", "(100.5, 85.5)", "(42.5, 87.5)", "(42.5, 85.5)"
nocow-465, "(37.0, 92.0)", "(8.5, 97.5)", "(8.5, 96.5)", "(66.5, 87.5)", "(66.5, 85.5)"
nocow-466, "(71.0, 21.0)", "(84.5, 4.5)", "(84.5, 5.5)", "(59.5, 5.5)", "(59.5, 2.5)"
nocow-467, "(80.0, 25.0)", "(91.5, 53.5)", "(95.5, 51.5)", "(65.5, 52.5)", "(66.5, 52.5)"
nocow-468, "(70.0, 21.0)", "(59.5, 37.5)", "(58.5, 35.5)", "(53.5, 31.5)", "(51.5, 31.5)"
nocow-469, "(78.0, 95.0)", "(90.5, 118.5)", "(87.5, 119.5)", "(66.5, 118.5)", "(66.5, 119.5)"
nocow-47, "(54.0, 20.0)", "(60.5, 39.5)", "(60.5, 40.5)", "(46.5, 1.5)", "(48.5, 0.5)"
nocow-470, "(26.0, 38.0)", "(32.5, 67.5)", "(38.5, 65.5)", "(6.5, 60.5)", "(10.5, 63.5)"
nocow-471, "(91.0, 85.0)", "(108.5, 75.5)", "(106.5, 74.5)", "(99.5, 69.5)", "(98.5, 68.5)"
nocow-472, "(94.0, 80.0)", "(84.5, 62.5)", "(83.5, 62.5)", "(90.5, 100.5)", "(91.5, 100.5)"
nocow-473, "(83.0, 27.0)", "(84.5, 57.5)", "(88.5, 57.5)", "(76.5, 56.5)", "(77.5, 56.5)"
nocow-474, "(46.0, 22.0)", "(13.5, 25.5)", "(14.5, 25.5)", "(13.5, 16.5)", "(15.5, 17.5)"
nocow-475, "(91.0, 35.0)", "(86.5, 57.5)", "(87.5, 57.5)", "(68.5, 38.5)", "(66.5, 39.5)"
nocow-476, "(20.0, 62.0)", "(7.5, 86.5)", "(11.5, 88.5)", "(34.5, 85.5)", "(35.5, 85.5)"
nocow-477, "(89.0, 33.0)", "(102.5, 15.5)", "(101.5, 14.5)", "(75.5, 14.5)", "(74.5, 14.5)"
nocow-478, "(21.0, 48.0)", "(2.5, 61.5)", "(3.5, 61.5)", "(46.5, 60.5)", "(47.5, 56.5)"
nocow-479, "(90.0, 85.0)", "(98.5, 103.5)", "(100.5, 102.5)", "(94.5, 65.5)", "(97.5, 66.5)"
nocow-48, "(22.0, 74.0)", "(17.5, 96.5)", "(19.5, 97.5)", "(0.5, 70.5)", "(0.5, 67.5)"
nocow-480, "(65.0, 20.0)", "(78.5, 33.5)", "(78.5, 30.5)", "(48.5, 32.5)", "(46.5, 32.5)"
nocow-481, "(74.0, 97.0)", "(85.5, 72.5)", "(87.5, 73.5)", "(96.5, 82.5)", "(97.5, 82.5)"
nocow-482, "(96.0, 43.0)", "(98.5, 23.5)", "(97.5, 23.5)", "(90.5, 22.5)", "(90.5, 24.5)"
nocow-483, "(78.0, 95.0)", "(109.5, 94.5)", "(110.5, 94.5)", "(48.5, 98.5)", "(48.5, 97.5)"
nocow-484, "(20.0, 57.0)", "(35.5, 84.5)", "(39.5, 81.5)", "(3.5, 84.5)", "(2.5, 82.5)"
nocow-485, "(21.0, 50.0)", "(31.5, 65.5)", "(32.5, 65.5)", "(29.5, 34.5)", "(28.5, 33.5)"
nocow-486, "(98.0, 48.0)", "(67.5, 58.5)", "(68.5, 55.5)", "(68.5, 40.5)", "(67.5, 37.5)"
nocow-487, "(66.0, 99.0)", "(67.5, 76.5)", "(66.5, 75.5)", "(42.5, 101.5)", "(41.5, 98.5)"
nocow-488, "(50.0, 21.0)", "(38.5, 50.5)", "(35.5, 50.5)", "(66.5, 48.5)", "(69.5, 45.5)"
nocow-489, "(98.0, 69.0)", "(68.5, 66.5)", "(67.5, 64.5)", "(118.5, 91.5)", "(118.5, 92.5)"
nocow-49, "(43.0, 23.0)", "(35.5, 0.5)", "(31.5, 4.5)", "(53.5, 1.5)", "(53.5, 2.5)"
nocow-490, "(99.0, 64.0)", "(93.5, 40.5)", "(95.5, 41.5)", "(113.5, 46.5)", "(113.5, 44.5)"
nocow-491, "(99.0, 56.0)", "(95.5, 82.5)", "(93.5, 83.5)", "(107.5, 82.5)", "(107.5, 81.5)"
nocow-492, "(88.0, 88.0)", "(87.5, 65.5)", "(87.5, 64.5)", "(110.5, 90.5)", "(111.5, 87.5)"
nocow-493, "(52.0, 20.0)", "(39.5, 38.5)", "(38.5, 39.5)", "(36.5, 28.5)", "(36.5, 29.5)"
nocow-494, "(91.0, 85.0)", "(67.5, 81.5)", "(66.5, 79.5)", "(77.5, 64.5)", "(75.5, 67.5)"
nocow-495, "(23.0, 76.0)", "(13.5, 45.5)", "(12.5, 46.5)", "(29.5, 45.5)", "(32.5, 45.5)"
nocow-496, "(79.0, 25.0)", "(72.5, 5.5)", "(69.5, 7.5)", "(87.5, 38.5)", "(89.5, 39.5)"
nocow-497, "(84.0, 28.0)", "(97.5, 47.5)", "(98.5, 50.5)", "(68.5, 46.5)", "(67.5, 48.5)"
nocow-498, "(99.0, 67.0)", "(81.5, 75.5)", "(82.5, 73.5)", "(111.5, 55.5)", "(114.5, 57.5)"
nocow-499, "(92.0, 36.0)", "(102.5, 64.5)", "(106.5, 62.5)", "(62.5, 25.5)", "(64.5, 25.5)"
nocow-5, "(20.0, 66.0)", "(14.5, 89.5)", "(14.5, 88.5)", "(35.5, 81.5)", "(39.5, 80.5)"
nocow-50, "(48.0, 98.0)", "(34.5, 114.5)", "(33.5, 117.5)", "(27.5, 110.5)", "(30.5, 111.5)"
nocow-500, "(36.0, 92.0)", "(54.5, 91.5)", "(54.5, 93.5)", "(16.5, 89.5)", "(15.5, 89.5)"
nocow-501, "(72.0, 22.0)", "(95.5, 24.5)", "(95.5, 21.5)", "(95.5, 19.5)", "(94.5, 17.5)"
nocow-502, "(51.0, 99.0)", "(73.5, 101.5)", "(74.5, 100.5)", "(73.5, 96.5)", "(73.5, 94.5)"
nocow-503, "(90.0, 34.0)", "(104.5, 59.5)", "(106.5, 58.5)", "(112.5, 48.5)", "(115.5, 49.5)"
nocow-504, "(26.0, 38.0)", "(1.5, 39.5)", "(3.5, 38.5)", "(3.5, 33.5)", "(1.5, 33.5)"
nocow-505, "(61.0, 99.0)", "(33.5, 111.5)", "(33.5, 113.5)", "(77.5, 71.5)", "(73.5, 71.5)"
nocow-506, "(82.0, 93.0)", "(50.5, 99.5)", "(52.5, 95.5)", "(53.5, 87.5)", "(51.5, 89.5)"
nocow-507, "(21.0, 71.0)", "(38.5, 74.5)", "(39.5, 74.5)", "(38.5, 73.5)", "(39.5, 70.5)"
nocow-508, "(99.0, 66.0)", "(71.5, 69.5)", "(72.5, 68.5)", "(78.5, 49.5)", "(74.5, 52.5)"
nocow-509, "(20.0, 63.0)", "(19.5, 41.5)", "(18.5, 43.5)", "(22.5, 82.5)", "(22.5, 83.5)"
nocow-51, "(96.0, 77.0)", "(108.5, 96.5)", "(112.5, 99.5)", "(80.5, 96.5)", "(78.5, 99.5)"
nocow-510, "(30.0, 86.0)", "(0.5, 92.5)", "(1.5, 93.5)", "(59.5, 76.5)", "(58.5, 76.5)"
nocow-511, "(99.0, 67.0)", "(81.5, 75.5)", "(79.5, 73.5)", "(81.5, 57.5)", "(80.5, 57.5)"
nocow-512, "(30.0, 86.0)", "(32.5, 116.5)", "(34.5, 116.5)", "(24.5, 116.5)", "(26.5, 115.5)"
nocow-513, "(49.0, 98.0)", "(46.5, 66.5)", "(46.5, 67.5)", "(80.5, 92.5)", "(79.5, 95.5)"
nocow-514, "(84.0, 28.0)", "(103.5, 28.5)", "(104.5, 28.5)", "(102.5, 22.5)", "(103.5, 22.5)"
nocow-515, "(33.0, 30.0)", "(47.5, 52.5)", "(44.5, 48.5)", "(40.5, 55.5)", "(41.5, 54.5)"
nocow-516, "(27.0, 36.0)", "(52.5, 42.5)", "(53.5, 42.5)", "(2.5, 42.5)", "(0.5, 42.5)"
nocow-517, "(40.0, 94.0)", "(24.5, 101.5)", "(21.5, 99.5)", "(58.5, 87.5)", "(56.5, 87.5)"
nocow-518, "(39.0, 25.0)", "(16.5, 28.5)", "(15.5, 27.5)", "(40.5, 0.5)", "(42.5, 1.5)"
nocow-519, "(92.0, 82.0)", "(97.5, 101.5)", "(100.5, 100.5)", "(87.5, 101.5)", "(84.5, 101.5)"
nocow-52, "(45.0, 97.0)", "(12.5, 96.5)", "(13.5, 97.5)", "(19.5, 80.5)", "(18.5, 80.5)"
nocow-520, "(86.0, 29.0)", "(69.5, 36.5)", "(68.5, 37.5)", "(91.5, 11.5)", "(95.5, 13.5)"
nocow-521, "(52.0, 99.0)", "(75.5, 114.5)", "(77.5, 110.5)", "(28.5, 114.5)", "(26.5, 113.5)"
nocow-522, "(33.0, 89.0)", "(4.5, 82.5)", "(2.5, 81.5)", "(25.5, 60.5)", "(24.5, 61.5)"
nocow-523, "(49.0, 21.0)", "(79.5, 24.5)", "(80.5, 24.5)", "(80.5, 18.5)", "(79.5, 16.5)"
nocow-524, "(54.0, 99.0)", "(49.5, 116.5)", "(47.5, 116.5)", "(71.5, 104.5)", "(72.5, 101.5)"
nocow-525, "(97.0, 74.0)", "(96.5, 93.5)", "(96.5, 92.5)", "(86.5, 86.5)", "(87.5, 90.5)"
nocow-526, "(97.0, 46.0)", "(84.5, 64.5)", "(87.5, 60.5)", "(85.5, 28.5)", "(85.5, 27.5)"
nocow-527, "(21.0, 47.0)", "(4.5, 34.5)", "(7.5, 34.5)", "(39.5, 41.5)", "(38.5, 44.5)"
nocow-528, "(24.0, 41.0)", "(54.5, 37.5)", "(55.5, 38.5)", "(7.5, 12.5)", "(10.5, 12.5)"
nocow-529, "(80.0, 25.0)", "(81.5, 0.5)", "(81.5, 2.5)", "(90.5, 4.5)", "(88.5, 2.5)"
nocow-53, "(49.0, 98.0)", "(39.5, 79.5)", "(37.5, 78.5)", "(27.5, 102.5)", "(28.5, 102.5)"
nocow-530, "(27.0, 83.0)", "(43.5, 94.5)", "(46.5, 95.5)", "(8.5, 95.5)", "(7.5, 94.5)"
nocow-531, "(56.0, 20.0)", "(60.5, 37.5)", "(59.5, 37.5)", "(51.5, 1.5)", "(51.5, 2.5)"
nocow-532, "(41.0, 24.0)", "(42.5, 47.5)", "(43.5, 46.5)", "(39.5, 46.5)", "(38.5, 46.5)"
nocow-533, "(98.0, 69.0)", "(73.5, 71.5)", "(74.5, 70.5)", "(117.5, 56.5)", "(118.5, 56.5)"
nocow-534, "(23.0, 43.0)", "(4.5, 43.5)", "(3.5, 46.5)", "(30.5, 55.5)", "(33.5, 54.5)"
nocow-535, "(61.0, 99.0)", "(60.5, 78.5)", "(59.5, 78.5)", "(56.5, 117.5)", "(57.5, 117.5)"
nocow-536, "(78.0, 24.0)", "(98.5, 26.5)", "(99.5, 24.5)", "(81.5, 44.5)", "(80.5, 44.5)"
nocow-537, "(99.0, 63.0)", "(102.5, 85.5)", "(101.5, 85.5)", "(95.5, 85.5)", "(95.5, 86.5)"
nocow-538, "(97.0, 72.0)", "(72.5, 72.5)", "(73.5, 72.5)", "(119.5, 77.5)", "(119.5, 78.5)"
nocow-539, "(47.0, 98.0)", "(35.5, 80.5)", "(35.5, 82.5)", "(43.5, 78.5)", "(44.5, 79.5)"
nocow-54, "(20.0, 68.0)", "(8.5, 42.5)", "(5.5, 42.5)", "(9.5, 93.5)", "(8.5, 93.5)"
nocow-540, "(84.0, 28.0)", "(74.5, 1.5)", "(73.5, 1.5)", "(88.5, 54.5)", "(85.5, 54.5)"
nocow-541, "(20.0, 54.0)", "(51.5, 56.5)", "(51.5, 55.5)", "(50.5, 62.5)", "(51.5, 62.5)"
nocow-542, "(20.0, 64.0)", "(26.5, 86.5)", "(23.5, 87.5)", "(4.5, 80.5)", "(5.5, 83.5)"
nocow-543, "(39.0, 94.0)", "(42.5, 114.5)", "(43.5, 114.5)", "(58.5, 100.5)", "(59.5, 101.5)"
nocow-544, "(41.0, 24.0)", "(10.5, 26.5)", "(8.5, 24.5)", "(8.5, 22.5)", "(8.5, 20.5)"
nocow-545, "(74.0, 97.0)", "(59.5, 73.5)", "(62.5, 71.5)", "(49.5, 84.5)", "(50.5, 84.5)"
nocow-546, "(73.0, 22.0)", "(81.5, 48.5)", "(81.5, 47.5)", "(67.5, 48.5)", "(63.5, 46.5)"
nocow-547, "(21.0, 69.0)", "(29.5, 99.5)", "(32.5, 97.5)", "(50.5, 79.5)", "(50.5, 81.5)"
nocow-548, "(62.0, 99.0)", "(90.5, 111.5)", "(90.5, 112.5)", "(34.5, 85.5)", "(31.5, 84.5)"
nocow-549, "(99.0, 64.0)", "(114.5, 86.5)", "(115.5, 86.5)", "(73.5, 50.5)", "(76.5, 50.5)"
nocow-55, "(20.0, 66.0)", "(37.5, 73.5)", "(38.5, 71.5)", "(3.5, 74.5)", "(3.5, 73.5)"
nocow-550, "(94.0, 39.0)", "(117.5, 27.5)", "(118.5, 27.5)", "(102.5, 14.5)", "(103.5, 14.5)"
nocow-551, "(29.0, 33.0)", "(40.5, 48.5)", "(41.5, 52.5)", "(15.5, 49.5)", "(16.5, 49.5)"
nocow-552, "(20.0, 66.0)", "(42.5, 61.5)", "(43.5, 61.5)", "(15.5, 43.5)", "(19.5, 42.5)"
nocow-553, "(34.0, 29.0)", "(34.5, 51.5)", "(31.5, 51.5)", "(57.5, 27.5)", "(57.5, 28.5)"
nocow-554, "(99.0, 58.0)", "(117.5, 60.5)", "(116.5, 62.5)", "(81.5, 59.5)", "(81.5, 60.5)"
nocow-555, "(92.0, 83.0)", "(69.5, 75.5)", "(69.5, 72.5)", "(102.5, 62.5)", "(102.5, 61.5)"
nocow-556, "(53.0, 99.0)", "(28.5, 102.5)", "(28.5, 100.5)", "(31.5, 95.5)", "(29.5, 93.5)"
nocow-557, "(27.0, 83.0)", "(19.5, 99.5)", "(19.5, 100.5)", "(7.5, 89.5)", "(8.5, 86.5)"
nocow-558, "(92.0, 36.0)", "(67.5, 42.5)", "(67.5, 46.5)", "(117.5, 25.5)", "(117.5, 26.5)"
nocow-559, "(67.0, 20.0)", "(50.5, 16.5)", "(49.5, 16.5)", "(78.5, 31.5)", "(77.5, 31.5)"
nocow-56, "(88.0, 88.0)", "(105.5, 81.5)", "(104.5, 81.5)", "(84.5, 71.5)", "(83.5, 68.5)"
nocow-560, "(22.0, 73.0)", "(52.5, 76.5)", "(52.5, 77.5)", "(53.5, 71.5)", "(52.5, 67.5)"
nocow-561, "(96.0, 42.0)", "(107.5, 18.5)", "(109.5, 18.5)", "(92.5, 13.5)", "(91.5, 13.5)"
nocow-562, "(77.0, 96.0)", "(77.5, 75.5)", "(78.5, 74.5)", "(67.5, 114.5)", "(67.5, 113.5)"
nocow-563, "(88.0, 88.0)", "(62.5, 102.5)", "(63.5, 105.5)", "(111.5, 70.5)", "(109.5, 70.5)"
nocow-564, "(74.0, 22.0)", "(56.5, 29.5)", "(57.5, 33.5)", "(92.5, 26.5)", "(92.5, 25.5)"
nocow-565, "(36.0, 92.0)", "(62.5, 99.5)", "(61.5, 99.5)", "(10.5, 96.5)", "(9.5, 95.5)"
nocow-566, "(75.0, 23.0)", "(72.5, 3.5)", "(73.5, 3.5)", "(85.5, 40.5)", "(85.5, 41.5)"
nocow-567, "(20.0, 58.0)", "(6.5, 41.5)", "(9.5, 41.5)", "(21.5, 38.5)", "(21.5, 37.5)"
nocow-568, "(83.0, 27.0)", "(111.5, 14.5)", "(110.5, 17.5)", "(99.5, 51.5)", "(98.5, 49.5)"
nocow-569, "(92.0, 83.0)", "(78.5, 101.5)", "(79.5, 99.5)", "(113.5, 93.5)", "(113.5, 94.5)"
nocow-57, "(42.0, 24.0)", "(19.5, 23.5)", "(19.5, 24.5)", "(18.5, 15.5)", "(19.5, 18.5)"
nocow-570, "(24.0, 78.0)", "(44.5, 84.5)", "(45.5, 84.5)", "(3.5, 88.5)", "(4.5, 86.5)"
nocow-571, "(98.0, 71.0)", "(116.5, 80.5)", "(119.5, 78.5)", "(90.5, 52.5)", "(89.5, 51.5)"
nocow-572, "(59.0, 20.0)", "(75.5, 42.5)", "(77.5, 46.5)", "(84.5, 37.5)", "(81.5, 34.5)"
nocow-573, "(97.0, 74.0)", "(71.5, 54.5)", "(70.5, 55.5)", "(80.5, 46.5)", "(79.5, 48.5)"
nocow-574, "(96.0, 43.0)", "(105.5, 61.5)", "(106.5, 60.5)", "(115.5, 36.5)", "(115.5, 34.5)"
nocow-575, "(56.0, 20.0)", "(87.5, 15.5)", "(86.5, 14.5)", "(86.5, 23.5)"
nocow-576, "(94.0, 80.0)", "(98.5, 110.5)", "(98.5, 109.5)", "(62.5, 85.5)", "(64.5, 85.5)"
nocow-577, "(39.0, 94.0)", "(64.5, 101.5)", "(65.5, 97.5)", "(65.5, 88.5)", "(64.5, 88.5)"
nocow-578, "(20.0, 63.0)", "(17.5, 40.5)", "(18.5, 41.5)", "(42.5, 60.5)", "(43.5, 60.5)"
nocow-579, "(21.0, 71.0)", "(15.5, 98.5)", "(14.5, 97.5)", "(26.5, 44.5)", "(23.5, 42.5)"
nocow-58, "(56.0, 20.0)", "(78.5, 14.5)", "(79.5, 13.5)", "(34.5, 15.5)", "(33.5, 16.5)"
nocow-580, "(96.0, 44.0)", "(99.5, 70.5)", "(98.5, 70.5)", "(92.5, 70.5)", "(91.5, 70.5)"
nocow-581, "(20.0, 52.0)", "(25.5, 83.5)", "(25.5, 82.5)", "(35.5, 80.5)", "(36.5, 78.5)"
nocow-582, "(20.0, 59.0)", "(14.5, 81.5)", "(15.5, 81.5)", "(42.5, 64.5)", "(43.5, 61.5)"
nocow-583, "(96.0, 42.0)", "(113.5, 49.5)", "(113.5, 50.5)", "(76.5, 49.5)", "(79.5, 50.5)"
nocow-584, "(27.0, 36.0)", "(12.5, 61.5)", "(9.5, 58.5)", "(4.5, 17.5)", "(3.5, 18.5)"
nocow-585, "(39.0, 25.0)", "(33.5, 1.5)", "(33.5, 3.5)", "(50.5, 44.5)", "(51.5, 44.5)"
nocow-586, "(36.0, 92.0)", "(55.5, 100.5)", "(55.5, 101.5)", "(15.5, 99.5)", "(17.5, 100.5)"
nocow-587, "(41.0, 95.0)", "(60.5, 93.5)", "(59.5, 93.5)", "(42.5, 74.5)", "(38.5, 74.5)"
nocow-588, "(74.0, 22.0)", "(100.5, 28.5)", "(100.5, 26.5)", "(100.5, 12.5)", "(98.5, 12.5)"
nocow-589, "(72.0, 22.0)", "(52.5, 21.5)", "(50.5, 21.5)", "(91.5, 20.5)", "(92.5, 17.5)"
nocow-59, "(94.0, 39.0)", "(101.5, 68.5)", "(102.5, 68.5)", "(78.5, 65.5)", "(79.5, 65.5)"
nocow-590, "(31.0, 31.0)", "(9.5, 35.5)", "(6.5, 34.5)", "(41.5, 11.5)", "(44.5, 10.5)"
nocow-591, "(21.0, 50.0)", "(10.5, 74.5)", "(10.5, 75.5)", "(30.5, 24.5)", "(29.5, 25.5)"
nocow-592, "(45.0, 22.0)", "(25.5, 16.5)", "(24.5, 18.5)", "(45.5, 2.5)", "(49.5, 1.5)"
nocow-593, "(45.0, 97.0)", "(71.5, 103.5)", "(71.5, 102.5)", "(71.5, 94.5)", "(72.5, 98.5)"
nocow-594, "(54.0, 99.0)", "(76.5, 100.5)", "(77.5, 98.5)", "(29.5, 98.5)", "(30.5, 98.5)"
nocow-595, "(34.0, 29.0)", "(43.5, 49.5)", "(40.5, 50.5)", "(25.5, 8.5)", "(26.5, 8.5)"
nocow-596, "(87.0, 89.0)", "(99.5, 69.5)", "(97.5, 67.5)", "(103.5, 77.5)", "(107.5, 77.5)"
nocow-597, "(52.0, 99.0)", "(60.5, 116.5)", "(61.5, 115.5)", "(36.5, 109.5)", "(36.5, 108.5)"
nocow-598, "(99.0, 58.0)", "(90.5, 84.5)", "(88.5, 83.5)", "(72.5, 63.5)", "(73.5, 63.5)"
nocow-599, "(85.0, 29.0)", "(91.5, 11.5)", "(94.5, 12.5)", "(76.5, 14.5)", "(75.5, 13.5)"
nocow-6, "(99.0, 56.0)", "(72.5, 73.5)", "(72.5, 71.5)", "(80.5, 30.5)", "(83.5, 27.5)"
nocow-60, "(39.0, 25.0)", "(46.5, 6.5)", "(47.5, 4.5)", "(16.5, 26.5)", "(17.5, 27.5)"
nocow-600, "(98.0, 50.0)", "(100.5, 71.5)", "(97.5, 71.5)", "(118.5, 48.5)", "(119.5, 48.5)"
nocow-601, "(39.0, 25.0)", "(62.5, 36.5)", "(64.5, 33.5)", "(14.5, 30.5)", "(12.5, 28.5)"
nocow-602, "(84.0, 28.0)", "(81.5, 45.5)", "(78.5, 46.5)", "(75.5, 45.5)", "(75.5, 43.5)"
nocow-603, "(70.0, 98.0)", "(60.5, 112.5)", "(57.5, 110.5)", "(82.5, 109.5)", "(81.5, 105.5)"
nocow-604, "(98.0, 49.0)", "(68.5, 55.5)", "(69.5, 58.5)", "(108.5, 20.5)", "(104.5, 18.5)"
nocow-605, "(20.0, 56.0)", "(47.5, 70.5)", "(49.5, 67.5)", "(51.5, 59.5)", "(51.5, 61.5)"
nocow-606, "(25.0, 39.0)", "(29.5, 61.5)", "(28.5, 61.5)", "(16.5, 60.5)", "(19.5, 60.5)"
nocow-607, "(93.0, 81.0)", "(79.5, 51.5)", "(79.5, 53.5)", "(100.5, 111.5)", "(99.5, 110.5)"
nocow-608, "(20.0, 55.0)", "(0.5, 69.5)", "(0.5, 66.5)", "(21.5, 32.5)", "(20.5, 30.5)"
nocow-609, "(89.0, 32.0)", "(96.5, 60.5)", "(97.5, 60.5)", "(90.5, 61.5)", "(89.5, 61.5)"
nocow-61, "(94.0, 80.0)", "(85.5, 105.5)", "(83.5, 104.5)", "(117.5, 68.5)", "(118.5, 68.5)"
nocow-610, "(34.0, 90.0)", "(16.5, 92.5)", "(15.5, 93.5)", "(34.5, 70.5)", "(37.5, 69.5)"
nocow-611, "(87.0, 89.0)", "(104.5, 84.5)", "(105.5, 84.5)", "(69.5, 85.5)", "(67.5, 83.5)"
nocow-612, "(99.0, 65.0)", "(84.5, 92.5)", "(83.5, 92.5)", "(71.5, 77.5)", "(70.5, 77.5)"
nocow-613, "(97.0, 72.0)", "(116.5, 71.5)", "(117.5, 71.5)", "(77.5, 75.5)", "(76.5, 75.5)"
nocow-614, "(21.0, 72.0)", "(9.5, 49.5)", "(10.5, 51.5)", "(33.5, 88.5)", "(29.5, 88.5)"
nocow-615, "(97.0, 72.0)", "(108.5, 56.5)", "(110.5, 53.5)", "(117.5, 76.5)", "(117.5, 74.5)"
nocow-616, "(59.0, 99.0)", "(80.5, 96.5)", "(81.5, 96.5)", "(59.5, 77.5)", "(60.5, 77.5)"
nocow-617, "(70.0, 21.0)", "(88.5, 30.5)", "(89.5, 27.5)", "(89.5, 12.5)", "(87.5, 10.5)"
nocow-618, "(48.0, 21.0)", "(70.5, 17.5)", "(70.5, 16.5)", "(23.5, 19.5)", "(23.5, 18.5)"
nocow-619, "(22.0, 75.0)", "(12.5, 92.5)", "(14.5, 92.5)", "(6.5, 82.5)", "(5.5, 80.5)"
nocow-62, "(27.0, 36.0)", "(2.5, 37.5)", "(2.5, 38.5)", "(26.5, 13.5)", "(25.5, 13.5)"
nocow-620, "(87.0, 89.0)", "(88.5, 108.5)", "(85.5, 107.5)", "(98.5, 101.5)", "(99.5, 101.5)"
nocow-621, "(23.0, 43.0)", "(27.5, 61.5)", "(26.5, 60.5)", "(3.5, 41.5)", "(5.5, 40.5)"
nocow-622, "(92.0, 83.0)", "(73.5, 87.5)", "(73.5, 91.5)", "(75.5, 76.5)", "(72.5, 76.5)"
nocow-623, "(30.0, 33.0)", "(4.5, 42.5)", "(3.5, 40.5)", "(54.5, 21.5)", "(55.5, 21.5)"
nocow-624, "(99.0, 64.0)", "(103.5, 40.5)", "(103.5, 41.5)", "(89.5, 44.5)", "(92.5, 43.5)"
nocow-625, "(26.0, 81.0)", "(32.5, 110.5)", "(33.5, 110.5)", "(32.5, 49.5)", "(30.5, 51.5)"
nocow-626, "(55.0, 99.0)", "(41.5, 114.5)", "(44.5, 110.5)", "(40.5, 88.5)", "(39.5, 86.5)"
nocow-627, "(49.0, 21.0)", "(26.5, 7.5)", "(23.5, 7.5)", "(25.5, 4.5)", "(25.5, 6.5)"
nocow-628, "(95.0, 79.0)", "(110.5, 106.5)", "(111.5, 106.5)", "(69.5, 95.5)", "(67.5, 95.5)"
nocow-629, "(87.0, 30.0)", "(90.5, 49.5)", "(91.5, 49.5)", "(97.5, 48.5)", "(96.5, 44.5)"
nocow-63, "(47.0, 98.0)", "(76.5, 83.5)", "(75.5, 83.5)", "(18.5, 83.5)", "(16.5, 87.5)"
nocow-630, "(99.0, 53.0)", "(70.5, 57.5)", "(72.5, 56.5)", "(89.5, 79.5)", "(88.5, 77.5)"
nocow-631, "(46.0, 97.0)", "(26.5, 107.5)", "(23.5, 106.5)", "(38.5, 76.5)", "(35.5, 76.5)"
nocow-632, "(92.0, 82.0)", "(113.5, 83.5)", "(115.5, 81.5)", "(89.5, 59.5)", "(87.5, 62.5)"
nocow-633, "(92.0, 82.0)", "(96.5, 112.5)", "(96.5, 111.5)", "(88.5, 52.5)", "(87.5, 52.5)"
nocow-634, "(78.0, 24.0)", "(74.5, 47.5)", "(75.5, 47.5)", "(101.5, 24.5)", "(102.5, 24.5)"
nocow-635, "(79.0, 25.0)", "(101.5, 20.5)", "(102.5, 20.5)", "(75.5, 1.5)", "(78.5, 2.5)"
nocow-636, "(27.0, 83.0)", "(32.5, 112.5)", "(33.5, 112.5)", "(19.5, 112.5)", "(20.5, 112.5)"
nocow-637, "(92.0, 82.0)", "(96.5, 50.5)", "(94.5, 52.5)", "(89.5, 50.5)", "(90.5, 50.5)"
nocow-638, "(21.0, 70.0)", "(10.5, 89.5)", "(10.5, 87.5)", "(2.5, 78.5)", "(0.5, 75.5)"
nocow-639, "(98.0, 49.0)", "(89.5, 33.5)", "(90.5, 33.5)", "(91.5, 66.5)", "(90.5, 65.5)"
nocow-64, "(22.0, 74.0)", "(0.5, 79.5)", "(0.5, 77.5)", "(44.5, 65.5)", "(43.5, 66.5)"
nocow-640, "(46.0, 22.0)", "(56.5, 46.5)", "(58.5, 45.5)", "(19.5, 30.5)", "(21.5, 28.5)"
nocow-641, "(73.0, 22.0)", "(56.5, 13.5)", "(56.5, 12.5)", "(81.5, 5.5)", "(78.5, 3.5)"
nocow-642, "(79.0, 94.0)", "(63.5, 68.5)", "(60.5, 69.5)", "(48.5, 101.5)", "(49.5, 105.5)"
nocow-643, "(21.0, 72.0)", "(29.5, 102.5)", "(30.5, 101.5)", "(50.5, 83.5)", "(49.5, 83.5)"
nocow-644, "(69.0, 21.0)", "(100.5, 16.5)", "(100.5, 15.5)", "(37.5, 17.5)", "(36.5, 16.5)"
nocow-645, "(84.0, 28.0)", "(92.5, 40.5)", "(94.5, 44.5)", "(71.5, 43.5)", "(72.5, 42.5)"
nocow-646, "(28.0, 35.0)", "(24.5, 58.5)", "(23.5, 57.5)", "(13.5, 50.5)", "(14.5, 54.5)"
nocow-647, "(23.0, 76.0)", "(42.5, 78.5)", "(43.5, 76.5)", "(42.5, 71.5)", "(43.5, 71.5)"
nocow-648, "(69.0, 98.0)", "(94.5, 108.5)", "(94.5, 109.5)", "(94.5, 85.5)", "(94.5, 84.5)"
nocow-649, "(32.0, 30.0)", "(34.5, 60.5)", "(36.5, 59.5)", "(61.5, 35.5)", "(62.5, 31.5)"
nocow-65, "(95.0, 41.0)", "(70.5, 31.5)", "(70.5, 33.5)", "(103.5, 14.5)", "(103.5, 13.5)"
nocow-650, "(34.0, 90.0)", "(31.5, 109.5)", "(32.5, 110.5)", "(12.5, 93.5)", "(13.5, 89.5)"
nocow-651, "(85.0, 90.0)", "(63.5, 95.5)", "(65.5, 92.5)", "(105.5, 86.5)", "(104.5, 85.5)"
nocow-652, "(99.0, 61.0)", "(75.5, 63.5)", "(76.5, 64.5)", "(106.5, 84.5)", "(105.5, 83.5)"
nocow-653, "(29.0, 85.0)", "(12.5, 97.5)", "(10.5, 95.5)", "(49.5, 79.5)", "(49.5, 81.5)"
nocow-654, "(32.0, 30.0)", "(14.5, 20.5)", "(13.5, 21.5)", "(9.5, 30.5)", "(11.5, 30.5)"
nocow-655, "(23.0, 76.0)", "(40.5, 102.5)", "(42.5, 98.5)", "(16.5, 107.5)", "(19.5, 106.5)"
nocow-656, "(29.0, 86.0)", "(27.5, 115.5)", "(27.5, 116.5)", "(43.5, 112.5)", "(44.5, 111.5)"
nocow-657, "(89.0, 33.0)", "(78.5, 60.5)", "(75.5, 60.5)", "(105.5, 59.5)", "(102.5, 55.5)"
nocow-658, "(38.0, 26.0)", "(17.5, 24.5)", "(19.5, 25.5)", "(34.5, 44.5)", "(32.5, 44.5)"
nocow-659, "(95.0, 40.0)", "(117.5, 22.5)", "(117.5, 19.5)", "(68.5, 19.5)", "(68.5, 22.5)"
nocow-66, "(77.0, 23.0)", "(60.5, 12.5)", "(61.5, 15.5)", "(84.5, 40.5)", "(87.5, 38.5)"
nocow-660, "(44.0, 96.0)", "(28.5, 117.5)", "(29.5, 117.5)", "(20.5, 107.5)", "(19.5, 108.5)"
nocow-661, "(25.0, 40.0)", "(55.5, 47.5)", "(55.5, 44.5)", "(17.5, 70.5)", "(16.5, 69.5)"
nocow-662, "(39.0, 25.0)", "(17.5, 11.5)", "(14.5, 12.5)", "(49.5, 0.5)", "(50.5, 1.5)"
nocow-663, "(99.0, 52.0)", "(107.5, 28.5)", "(107.5, 30.5)", "(111.5, 67.5)", "(112.5, 67.5)"
nocow-664, "(51.0, 99.0)", "(66.5, 90.5)", "(68.5, 91.5)", "(58.5, 80.5)", "(54.5, 80.5)"
nocow-665, "(96.0, 44.0)", "(95.5, 67.5)", "(94.5, 66.5)", "(73.5, 43.5)", "(72.5, 41.5)"
nocow-666, "(91.0, 35.0)", "(110.5, 35.5)", "(109.5, 34.5)", "(75.5, 24.5)", "(76.5, 23.5)"
nocow-667, "(69.0, 98.0)", "(67.5, 118.5)", "(68.5, 118.5)", "(69.5, 75.5)", "(67.5, 76.5)"
nocow-668, "(89.0, 32.0)", "(103.5, 20.5)", "(103.5, 22.5)", "(81.5, 13.5)", "(77.5, 15.5)"
nocow-669, "(40.0, 25.0)", "(62.5, 21.5)", "(62.5, 20.5)", "(38.5, 2.5)", "(37.5, 0.5)"
nocow-67, "(26.0, 81.0)", "(44.5, 82.5)", "(44.5, 80.5)", "(7.5, 81.5)", "(8.5, 80.5)"
nocow-670, "(21.0, 69.0)", "(34.5, 57.5)", "(36.5, 59.5)", "(4.5, 61.5)", "(3.5, 60.5)"
nocow-671, "(44.0, 23.0)", "(65.5, 24.5)", "(65.5, 22.5)", "(22.5, 18.5)", "(21.5, 18.5)"
nocow-672, "(89.0, 32.0)", "(90.5, 51.5)", "(87.5, 51.5)", "(70.5, 35.5)", "(67.5, 31.5)"
nocow-673, "(29.0, 33.0)", "(16.5, 48.5)", "(19.5, 51.5)", "(46.5, 43.5)", "(47.5, 43.5)"
nocow-674, "(99.0, 54.0)", "(109.5, 22.5)", "(108.5, 24.5)", "(87.5, 82.5)", "(87.5, 83.5)"
nocow-675, "(22.0, 74.0)", "(35.5, 90.5)", "(35.5, 92.5)", "(0.5, 70.5)", "(0.5, 68.5)"
nocow-676, "(27.0, 83.0)", "(29.5, 54.5)", "(27.5, 53.5)", "(27.5, 113.5)", "(29.5, 112.5)"
nocow-677, "(78.0, 24.0)", "(53.5, 34.5)", "(52.5, 33.5)", "(103.5, 14.5)", "(103.5, 15.5)"
nocow-678, "(42.0, 24.0)", "(42.5, 0.5)", "(43.5, 0.5)", "(30.5, 4.5)", "(26.5, 4.5)"
nocow-679, "(86.0, 29.0)", "(106.5, 29.5)", "(105.5, 27.5)", "(67.5, 30.5)", "(65.5, 27.5)"
nocow-68, "(100.0, 60.0)", "(107.5, 82.5)", "(109.5, 81.5)", "(115.5, 78.5)", "(114.5, 79.5)"
nocow-680, "(68.0, 99.0)", "(41.5, 108.5)", "(40.5, 106.5)", "(41.5, 92.5)", "(42.5, 89.5)"
nocow-681, "(63.0, 20.0)", "(39.5, 33.5)", "(37.5, 31.5)", "(89.5, 27.5)", "(90.5, 27.5)"
nocow-682, "(98.0, 48.0)", "(90.5, 26.5)", "(87.5, 28.5)", "(86.5, 27.5)", "(84.5, 26.5)"
nocow-683, "(50.0, 21.0)", "(33.5, 25.5)", "(31.5, 26.5)", "(65.5, 12.5)", "(67.5, 16.5)"
nocow-684, "(25.0, 80.0)", "(29.5, 56.5)", "(33.5, 59.5)", "(16.5, 56.5)", "(19.5, 57.5)"
nocow-685, "(77.0, 23.0)", "(76.5, 2.5)", "(77.5, 2.5)", "(75.5, 4.5)", "(72.5, 1.5)"
nocow-686, "(59.0, 99.0)", "(50.5, 78.5)", "(52.5, 80.5)", "(79.5, 98.5)", "(78.5, 98.5)"
nocow-687, "(38.0, 26.0)", "(55.5, 23.5)", "(56.5, 23.5)", "(18.5, 20.5)", "(18.5, 22.5)"
nocow-688, "(32.0, 30.0)", "(7.5, 29.5)", "(7.5, 26.5)", "(35.5, 53.5)", "(34.5, 52.5)"
nocow-689, "(99.0, 62.0)", "(82.5, 72.5)", "(84.5, 73.5)", "(80.5, 65.5)", "(82.5, 68.5)"
nocow-69, "(78.0, 95.0)", "(98.5, 91.5)", "(98.5, 87.5)", "(71.5, 114.5)", "(70.5, 113.5)"
nocow-690, "(89.0, 32.0)", "(79.5, 49.5)", "(78.5, 46.5)", "(96.5, 50.5)", "(97.5, 50.5)"
nocow-691, "(26.0, 82.0)", "(28.5, 105.5)", "(29.5, 105.5)", "(23.5, 105.5)", "(22.5, 105.5)"
nocow-692, "(77.0, 23.0)", "(57.5, 18.5)", "(55.5, 19.5)", "(85.5, 41.5)", "(83.5, 37.5)"
nocow-693, "(20.0, 57.0)", "(1.5, 65.5)", "(2.5, 62.5)", "(1.5, 51.5)", "(1.5, 50.5)"
nocow-694, "(99.0, 54.0)", "(97.5, 24.5)", "(100.5, 21.5)", "(74.5, 36.5)", "(72.5, 40.5)"
nocow-695, "(99.0, 66.0)", "(70.5, 57.5)", "(70.5, 54.5)", "(89.5, 35.5)", "(87.5, 38.5)"
nocow-696, "(72.0, 97.0)", "(42.5, 110.5)", "(42.5, 106.5)", "(100.5, 82.5)", "(100.5, 84.5)"
nocow-697, "(66.0, 99.0)", "(40.5, 117.5)", "(40.5, 116.5)", "(87.5, 81.5)", "(91.5, 79.5)"
nocow-698, "(91.0, 84.0)", "(93.5, 114.5)", "(94.5, 113.5)", "(64.5, 95.5)", "(63.5, 93.5)"
nocow-699, "(52.0, 99.0)", "(32.5, 86.5)", "(32.5, 87.5)", "(42.5, 77.5)", "(39.5, 80.5)"
nocow-7, "(99.0, 66.0)", "(117.5, 71.5)", "(117.5, 68.5)", "(79.5, 70.5)", "(80.5, 70.5)"
nocow-70, "(73.0, 97.0)", "(66.5, 68.5)", "(68.5, 68.5)", "(100.5, 92.5)", "(100.5, 90.5)"
nocow-700, "(25.0, 79.0)", "(35.5, 108.5)", "(33.5, 108.5)", "(34.5, 50.5)", "(33.5, 48.5)"
nocow-701, "(75.0, 23.0)", "(94.5, 12.5)", "(96.5, 11.5)", "(54.5, 14.5)", "(55.5, 11.5)"
nocow-702, "(21.0, 48.0)", "(2.5, 34.5)", "(1.5, 36.5)", "(34.5, 27.5)", "(30.5, 26.5)"
nocow-703, "(60.0, 99.0)", "(86.5, 95.5)", "(86.5, 94.5)", "(33.5, 97.5)", "(31.5, 97.5)"
nocow-704, "(20.0, 59.0)", "(24.5, 85.5)", "(25.5, 85.5)", "(15.5, 85.5)", "(16.5, 85.5)"
nocow-705, "(37.0, 92.0)", "(57.5, 94.5)", "(57.5, 93.5)", "(16.5, 96.5)", "(16.5, 94.5)"
nocow-706, "(26.0, 38.0)", "(5.5, 46.5)", "(5.5, 44.5)", "(19.5, 19.5)", "(18.5, 20.5)"
nocow-707, "(20.0, 59.0)", "(24.5, 86.5)", "(28.5, 85.5)", "(47.5, 66.5)", "(47.5, 67.5)"
nocow-708, "(21.0, 71.0)", "(14.5, 88.5)", "(14.5, 89.5)", "(1.5, 62.5)", "(1.5, 65.5)"
nocow-709, "(92.0, 36.0)", "(103.5, 51.5)", "(104.5, 48.5)", "(79.5, 49.5)", "(82.5, 52.5)"
nocow-71, "(27.0, 83.0)", "(7.5, 82.5)", "(5.5, 84.5)", "(9.5, 90.5)", "(7.5, 89.5)"
nocow-710, "(78.0, 95.0)", "(60.5, 92.5)", "(60.5, 93.5)", "(79.5, 75.5)", "(78.5, 74.5)"
nocow-711, "(99.0, 57.0)", "(117.5, 56.5)", "(118.5, 56.5)", "(83.5, 47.5)", "(83.5, 46.5)"
nocow-712, "(35.0, 91.0)", "(30.5, 61.5)", "(28.5, 59.5)", "(39.5, 60.5)", "(37.5, 59.5)"
nocow-713, "(34.0, 29.0)", "(22.5, 53.5)", "(22.5, 52.5)", "(7.5, 39.5)", "(9.5, 39.5)"
nocow-714, "(38.0, 26.0)", "(44.5, 51.5)", "(50.5, 49.5)", "(27.5, 50.5)", "(30.5, 51.5)"
nocow-715, "(84.0, 91.0)", "(88.5, 114.5)", "(87.5, 113.5)", "(81.5, 113.5)", "(80.5, 114.5)"
nocow-716, "(25.0, 39.0)", "(6.5, 38.5)", "(7.5, 40.5)", "(11.5, 26.5)", "(12.5, 26.5)"
nocow-717, "(98.0, 68.0)", "(68.5, 81.5)", "(68.5, 79.5)", "(109.5, 39.5)", "(109.5, 38.5)"
nocow-718, "(35.0, 91.0)", "(54.5, 97.5)", "(55.5, 95.5)", "(40.5, 72.5)", "(41.5, 71.5)"
nocow-719, "(78.0, 95.0)", "(59.5, 105.5)", "(61.5, 102.5)", "(94.5, 85.5)", "(94.5, 86.5)"
nocow-72, "(94.0, 80.0)", "(78.5, 71.5)", "(78.5, 67.5)", "(76.5, 76.5)", "(73.5, 79.5)"
nocow-720, "(44.0, 96.0)", "(56.5, 78.5)", "(55.5, 80.5)", "(37.5, 74.5)", "(40.5, 76.5)"
nocow-721, "(65.0, 99.0)", "(42.5, 95.5)", "(43.5, 96.5)", "(67.5, 119.5)", "(68.5, 119.5)"
nocow-722, "(66.0, 20.0)", "(68.5, 50.5)", "(69.5, 51.5)", "(97.5, 23.5)", "(97.5, 20.5)"
nocow-723, "(99.0, 52.0)", "(106.5, 64.5)", "(108.5, 64.5)", "(114.5, 62.5)", "(114.5, 63.5)"
nocow-724, "(62.0, 20.0)", "(45.5, 12.5)", "(43.5, 9.5)", "(69.5, 37.5)", "(70.5, 37.5)"
nocow-725, "(43.0, 23.0)", "(36.5, 46.5)", "(37.5, 46.5)", "(64.5, 31.5)", "(64.5, 33.5)"
nocow-726, "(95.0, 79.0)", "(107.5, 102.5)", "(106.5, 103.5)", "(104.5, 53.5)", "(107.5, 53.5)"
nocow-727, "(48.0, 21.0)", "(78.5, 19.5)", "(79.5, 19.5)", "(47.5, 52.5)", "(50.5, 51.5)"
nocow-728, "(83.0, 27.0)", "(54.5, 31.5)", "(52.5, 33.5)", "(112.5, 20.5)", "(112.5, 19.5)"
nocow-729, "(99.0, 57.0)", "(99.5, 76.5)", "(101.5, 75.5)", "(117.5, 55.5)", "(117.5, 52.5)"
nocow-73, "(51.0, 99.0)", "(34.5, 92.5)", "(32.5, 91.5)", "(42.5, 80.5)", "(44.5, 81.5)"
nocow-730, "(62.0, 20.0)", "(91.5, 7.5)", "(91.5, 8.5)", "(31.5, 9.5)", "(32.5, 6.5)"
nocow-731, "(87.0, 30.0)", "(110.5, 30.5)", "(109.5, 28.5)", "(87.5, 53.5)", "(89.5, 52.5)"
nocow-732, "(31.0, 87.0)", "(2.5, 77.5)", "(5.5, 74.5)", "(21.5, 59.5)", "(22.5, 59.5)"
nocow-733, "(92.0, 83.0)", "(66.5, 79.5)", "(67.5, 77.5)", "(95.5, 56.5)", "(97.5, 58.5)"
nocow-734, "(21.0, 71.0)", "(25.5, 51.5)", "(26.5, 51.5)", "(33.5, 82.5)", "(36.5, 80.5)"
nocow-735, "(42.0, 95.0)", "(67.5, 89.5)", "(68.5, 90.5)", "(26.5, 113.5)", "(25.5, 115.5)"
nocow-736, "(61.0, 20.0)", "(61.5, 43.5)", "(63.5, 42.5)", "(83.5, 16.5)", "(83.5, 17.5)"
nocow-737, "(84.0, 91.0)", "(55.5, 103.5)", "(54.5, 99.5)", "(113.5, 85.5)", "(114.5, 85.5)"
nocow-738, "(37.0, 27.0)", "(35.5, 46.5)", "(36.5, 46.5)", "(32.5, 8.5)", "(32.5, 5.5)"
nocow-739, "(54.0, 99.0)", "(31.5, 97.5)", "(33.5, 97.5)", "(57.5, 79.5)", "(54.5, 76.5)"
nocow-74, "(33.0, 89.0)", "(20.5, 70.5)", "(22.5, 68.5)", "(32.5, 111.5)", "(30.5, 111.5)"
nocow-740, "(84.0, 28.0)", "(76.5, 50.5)", "(74.5, 50.5)", "(106.5, 36.5)", "(106.5, 32.5)"
nocow-741, "(98.0, 68.0)", "(78.5, 74.5)", "(79.5, 72.5)", "(103.5, 50.5)", "(106.5, 48.5)"
nocow-742, "(20.0, 59.0)", "(0.5, 66.5)", "(0.5, 65.5)", "(38.5, 47.5)", "(37.5, 47.5)"
nocow-743, "(63.0, 99.0)", "(35.5, 112.5)", "(35.5, 115.5)", "(90.5, 80.5)", "(87.5, 80.5)"
nocow-744, "(36.0, 27.0)", "(52.5, 34.5)", "(53.5, 31.5)", "(17.5, 28.5)", "(18.5, 28.5)"
nocow-745, "(26.0, 38.0)", "(34.5, 57.5)", "(35.5, 56.5)", "(27.5, 59.5)", "(29.5, 58.5)"
nocow-746, "(85.0, 90.0)", "(69.5, 98.5)", "(68.5, 102.5)", "(75.5, 75.5)", "(72.5, 74.5)"
nocow-747, "(34.0, 29.0)", "(17.5, 33.5)", "(18.5, 36.5)", "(36.5, 46.5)", "(37.5, 46.5)"
nocow-748, "(46.0, 22.0)", "(43.5, 1.5)", "(39.5, 3.5)", "(51.5, 41.5)", "(48.5, 42.5)"
nocow-749, "(31.0, 31.0)", "(28.5, 9.5)", "(30.5, 10.5)", "(32.5, 51.5)", "(29.5, 50.5)"
nocow-75, "(60.0, 20.0)", "(64.5, 37.5)", "(63.5, 37.5)", "(57.5, 37.5)", "(54.5, 37.5)"
nocow-750, "(26.0, 82.0)", "(43.5, 86.5)", "(43.5, 85.5)", "(27.5, 100.5)", "(28.5, 99.5)"
nocow-751, "(64.0, 99.0)", "(39.5, 113.5)", "(40.5, 113.5)", "(36.5, 110.5)", "(36.5, 108.5)"
nocow-752, "(46.0, 22.0)", "(49.5, 52.5)", "(50.5, 52.5)", "(14.5, 22.5)", "(14.5, 25.5)"
nocow-753, "(23.0, 43.0)", "(3.5, 42.5)", "(3.5, 44.5)", "(20.5, 63.5)", "(20.5, 62.5)"
nocow-754, "(25.0, 39.0)", "(33.5, 57.5)", "(35.5, 56.5)", "(4.5, 47.5)", "(4.5, 45.5)"
nocow-755, "(99.0, 58.0)", "(114.5, 86.5)", "(115.5, 84.5)", "(71.5, 73.5)", "(72.5, 73.5)"
nocow-756, "(64.0, 99.0)", "(91.5, 94.5)", "(91.5, 95.5)", "(35.5, 96.5)", "(37.5, 96.5)"
nocow-757, "(46.0, 97.0)", "(24.5, 94.5)", "(23.5, 97.5)", "(48.5, 119.5)", "(49.5, 119.5)"
nocow-758, "(91.0, 34.0)", "(73.5, 48.5)", "(71.5, 44.5)", "(110.5, 20.5)", "(110.5, 18.5)"
nocow-759, "(38.0, 93.0)", "(45.5, 109.5)", "(46.5, 109.5)", "(55.5, 101.5)", "(55.5, 97.5)"
nocow-76, "(31.0, 32.0)", "(10.5, 23.5)", "(9.5, 23.5)", "(40.5, 11.5)", "(42.5, 9.5)"
nocow-760, "(91.0, 34.0)", "(114.5, 23.5)", "(114.5, 21.5)", "(67.5, 21.5)", "(68.5, 21.5)"
nocow-761, "(56.0, 20.0)", "(30.5, 2.5)", "(31.5, 2.5)", "(59.5, 51.5)", "(60.5, 51.5)"
nocow-762, "(34.0, 28.0)", "(30.5, 45.5)", "(30.5, 46.5)", "(43.5, 43.5)", "(44.5, 43.5)"
nocow-763, "(50.0, 98.0)", "(79.5, 111.5)", "(79.5, 109.5)", "(19.5, 108.5)", "(19.5, 107.5)"
nocow-764, "(37.0, 27.0)", "(55.5, 36.5)", "(51.5, 34.5)", "(18.5, 36.5)", "(23.5, 34.5)"
nocow-765, "(23.0, 76.0)", "(30.5, 59.5)", "(33.5, 57.5)", "(19.5, 57.5)", "(20.5, 56.5)"
nocow-766, "(78.0, 95.0)", "(103.5, 77.5)", "(103.5, 75.5)", "(96.5, 71.5)", "(94.5, 69.5)"
nocow-767, "(93.0, 81.0)", "(75.5, 92.5)", "(74.5, 91.5)", "(94.5, 60.5)", "(96.5, 60.5)"
nocow-768, "(72.0, 22.0)", "(59.5, 50.5)", "(57.5, 50.5)", "(101.5, 33.5)", "(101.5, 34.5)"
nocow-769, "(53.0, 20.0)", "(65.5, 29.5)", "(69.5, 30.5)", "(65.5, 9.5)", "(69.5, 12.5)"
nocow-77, "(92.0, 37.0)", "(72.5, 25.5)", "(71.5, 24.5)", "(85.5, 60.5)", "(86.5, 59.5)"
nocow-770, "(99.0, 52.0)", "(88.5, 78.5)", "(87.5, 76.5)", "(73.5, 42.5)", "(72.5, 42.5)"
nocow-771, "(30.0, 33.0)", "(23.5, 7.5)", "(20.5, 6.5)", "(26.5, 59.5)", "(27.5, 59.5)"
nocow-772, "(57.0, 99.0)", "(82.5, 116.5)", "(84.5, 113.5)", "(30.5, 117.5)", "(30.5, 115.5)"
nocow-773, "(76.0, 96.0)", "(46.5, 106.5)", "(47.5, 106.5)", "(49.5, 82.5)", "(46.5, 82.5)"
nocow-774, "(43.0, 96.0)", "(31.5, 104.5)", "(32.5, 104.5)", "(58.5, 84.5)", "(54.5, 86.5)"
nocow-775, "(20.0, 62.0)", "(29.5, 35.5)", "(28.5, 35.5)", "(24.5, 88.5)", "(21.5, 89.5)"
nocow-776, "(86.0, 29.0)", "(101.5, 54.5)", "(102.5, 54.5)", "(115.5, 32.5)", "(116.5, 32.5)"
nocow-777, "(52.0, 99.0)", "(82.5, 94.5)", "(82.5, 91.5)", "(64.5, 71.5)", "(65.5, 71.5)"
nocow-778, "(31.0, 31.0)", "(51.5, 34.5)", "(52.5, 34.5)", "(51.5, 24.5)", "(51.5, 23.5)"
nocow-779, "(98.0, 48.0)", "(71.5, 66.5)", "(70.5, 62.5)", "(115.5, 20.5)", "(115.5, 23.5)"
nocow-78, "(36.0, 27.0)", "(55.5, 23.5)", "(54.5, 23.5)", "(27.5, 10.5)", "(27.5, 7.5)"
nocow-780, "(99.0, 53.0)", "(74.5, 51.5)", "(74.5, 52.5)", "(100.5, 28.5)", "(97.5, 29.5)"
nocow-781, "(41.0, 24.0)", "(63.5, 27.5)", "(64.5, 23.5)", "(64.5, 21.5)", "(63.5, 22.5)"
nocow-782, "(70.0, 21.0)", "(73.5, 44.5)", "(72.5, 43.5)", "(65.5, 43.5)", "(67.5, 44.5)"
nocow-783, "(27.0, 36.0)", "(57.5, 33.5)", "(56.5, 32.5)", "(29.5, 65.5)", "(29.5, 66.5)"
nocow-784, "(62.0, 20.0)", "(46.5, 47.5)", "(45.5, 46.5)", "(34.5, 1.5)", "(36.5, 4.5)"
nocow-785, "(62.0, 20.0)", "(36.5, 33.5)", "(37.5, 32.5)", "(87.5, 31.5)", "(87.5, 30.5)"
nocow-786, "(87.0, 30.0)", "(61.5, 45.5)", "(60.5, 43.5)", "(60.5, 14.5)", "(62.5, 14.5)"
nocow-787, "(76.0, 23.0)", "(95.5, 19.5)", "(96.5, 20.5)", "(96.5, 26.5)", "(95.5, 25.5)"
nocow-788, "(75.0, 96.0)", "(53.5, 84.5)", "(53.5, 82.5)", "(65.5, 75.5)", "(64.5, 75.5)"
nocow-789, "(29.0, 33.0)", "(8.5, 33.5)", "(11.5, 36.5)", "(8.5, 29.5)", "(10.5, 31.5)"
nocow-79, "(34.0, 29.0)", "(39.5, 46.5)", "(41.5, 45.5)", "(27.5, 45.5)", "(27.5, 46.5)"
nocow-790, "(54.0, 20.0)", "(71.5, 23.5)", "(72.5, 23.5)", "(35.5, 23.5)", "(37.5, 26.5)"
nocow-791, "(87.0, 31.0)", "(62.5, 45.5)", "(59.5, 45.5)", "(59.5, 18.5)", "(61.5, 15.5)"
nocow-792, "(38.0, 26.0)", "(19.5, 17.5)", "(21.5, 15.5)", "(45.5, 40.5)", "(46.5, 40.5)"
nocow-793, "(31.0, 31.0)", "(14.5, 41.5)", "(11.5, 39.5)", "(9.5, 31.5)", "(11.5, 31.5)"
nocow-794, "(24.0, 42.0)", "(42.5, 67.5)", "(42.5, 66.5)", "(46.5, 60.5)", "(49.5, 60.5)"
nocow-795, "(100.0, 60.0)", "(95.5, 77.5)", "(92.5, 78.5)", "(111.5, 74.5)", "(108.5, 71.5)"
nocow-796, "(90.0, 85.0)", "(63.5, 95.5)", "(63.5, 93.5)", "(115.5, 76.5)", "(113.5, 73.5)"
nocow-797, "(71.0, 98.0)", "(97.5, 106.5)", "(97.5, 103.5)", "(79.5, 72.5)", "(77.5, 72.5)"
nocow-798, "(34.0, 29.0)", "(24.5, 57.5)", "(20.5, 57.5)", "(46.5, 51.5)", "(50.5, 54.5)"
nocow-799, "(31.0, 31.0)", "(22.5, 49.5)", "(19.5, 48.5)", "(10.5, 40.5)", "(11.5, 38.5)"
nocow-8, "(54.0, 99.0)", "(40.5, 118.5)", "(41.5, 118.5)", "(70.5, 110.5)", "(74.5, 109.5)"
nocow-80, "(81.0, 26.0)", "(85.5, 46.5)", "(87.5, 45.5)", "(100.5, 19.5)", "(99.5, 17.5)"
nocow-800, "(25.0, 79.0)", "(29.5, 47.5)", "(32.5, 50.5)", "(20.5, 47.5)", "(16.5, 48.5)"
nocow-801, "(70.0, 21.0)", "(85.5, 33.5)", "(82.5, 29.5)", "(55.5, 31.5)", "(54.5, 32.5)"
nocow-802, "(100.0, 60.0)", "(76.5, 78.5)", "(73.5, 79.5)", "(102.5, 91.5)", "(98.5, 90.5)"
nocow-803, "(99.0, 67.0)", "(115.5, 93.5)", "(118.5, 91.5)", "(72.5, 84.5)", "(70.5, 81.5)"
nocow-804, "(39.0, 25.0)", "(29.5, 41.5)", "(27.5, 39.5)", "(54.5, 14.5)", "(56.5, 15.5)"
nocow-805, "(60.0, 99.0)", "(42.5, 90.5)", "(41.5, 90.5)", "(55.5, 77.5)", "(52.5, 77.5)"
nocow-806, "(53.0, 20.0)", "(63.5, 40.5)", "(64.5, 40.5)", "(31.5, 24.5)", "(31.5, 25.5)"
nocow-807, "(65.0, 99.0)", "(74.5, 84.5)", "(74.5, 82.5)", "(54.5, 82.5)", "(53.5, 84.5)"
nocow-808, "(60.0, 20.0)", "(74.5, 39.5)", "(73.5, 39.5)", "(53.5, 43.5)", "(56.5, 42.5)"
nocow-809, "(43.0, 96.0)", "(17.5, 106.5)", "(16.5, 104.5)", "(49.5, 71.5)", "(53.5, 70.5)"
nocow-81, "(35.0, 91.0)", "(11.5, 83.5)", "(8.5, 81.5)", "(61.5, 95.5)", "(61.5, 92.5)"
nocow-810, "(38.0, 26.0)", "(31.5, 55.5)", "(32.5, 55.5)", "(68.5, 28.5)", "(67.5, 30.5)"
nocow-811, "(100.0, 60.0)", "(93.5, 42.5)", "(92.5, 42.5)", "(92.5, 77.5)", "(94.5, 78.5)"
nocow-812, "(96.0, 76.0)", "(82.5, 59.5)", "(84.5, 61.5)", "(108.5, 86.5)", "(111.5, 87.5)"
nocow-813, "(20.0, 61.0)", "(24.5, 88.5)", "(27.5, 87.5)", "(34.5, 85.5)", "(34.5, 84.5)"
nocow-814, "(97.0, 73.0)", "(71.5, 83.5)", "(72.5, 85.5)", "(86.5, 48.5)", "(82.5, 51.5)"
nocow-815, "(23.0, 43.0)", "(26.5, 70.5)", "(23.5, 70.5)", "(50.5, 46.5)", "(50.5, 47.5)"
nocow-816, "(64.0, 99.0)", "(66.5, 118.5)", "(67.5, 118.5)", "(59.5, 118.5)", "(60.5, 118.5)"
nocow-817, "(33.0, 30.0)", "(16.5, 34.5)", "(14.5, 34.5)", "(51.5, 25.5)", "(50.5, 26.5)"
nocow-818, "(25.0, 79.0)", "(21.5, 97.5)", "(22.5, 97.5)", "(8.5, 90.5)", "(7.5, 89.5)"
nocow-819, "(20.0, 60.0)", "(48.5, 48.5)", "(47.5, 45.5)", "(5.5, 32.5)", "(7.5, 32.5)"
nocow-82, "(53.0, 99.0)", "(20.5, 94.5)", "(23.5, 96.5)", "(48.5, 68.5)", "(49.5, 66.5)"
nocow-820, "(77.0, 23.0)", "(56.5, 21.5)", "(57.5, 23.5)", "(76.5, 1.5)", "(76.5, 3.5)"
nocow-821, "(24.0, 42.0)", "(22.5, 72.5)", "(25.5, 72.5)", "(20.5, 12.5)", "(22.5, 11.5)"
nocow-822, "(79.0, 25.0)", "(90.5, 34.5)", "(90.5, 32.5)", "(63.5, 36.5)", "(63.5, 35.5)"
nocow-823, "(65.0, 20.0)", "(80.5, 32.5)", "(80.5, 33.5)", "(43.5, 26.5)", "(43.5, 27.5)"
nocow-824, "(50.0, 98.0)", "(62.5, 86.5)", "(65.5, 85.5)", "(57.5, 82.5)", "(59.5, 81.5)"
nocow-825, "(36.0, 27.0)", "(28.5, 10.5)", "(28.5, 11.5)", "(18.5, 18.5)", "(18.5, 19.5)"
nocow-826, "(39.0, 94.0)", "(33.5, 62.5)", "(31.5, 64.5)", "(45.5, 63.5)", "(41.5, 63.5)"
nocow-827, "(61.0, 99.0)", "(41.5, 103.5)", "(40.5, 99.5)", "(43.5, 93.5)", "(40.5, 95.5)"
nocow-828, "(49.0, 98.0)", "(23.5, 86.5)", "(25.5, 83.5)", "(63.5, 73.5)", "(62.5, 75.5)"
nocow-829, "(89.0, 32.0)", "(91.5, 10.5)", "(87.5, 9.5)", "(84.5, 53.5)", "(87.5, 52.5)"
nocow-83, "(96.0, 77.0)", "(71.5, 64.5)", "(71.5, 61.5)", "(111.5, 54.5)", "(107.5, 52.5)"
nocow-830, "(20.0, 68.0)", "(4.5, 76.5)", "(4.5, 77.5)", "(21.5, 46.5)", "(20.5, 43.5)"
nocow-831, "(22.0, 75.0)", "(45.5, 71.5)", "(44.5, 71.5)", "(1.5, 82.5)", "(0.5, 80.5)"
nocow-832, "(25.0, 40.0)", "(7.5, 34.5)", "(5.5, 38.5)", "(19.5, 57.5)", "(18.5, 56.5)"
nocow-833, "(37.0, 27.0)", "(17.5, 24.5)", "(18.5, 23.5)", "(38.5, 8.5)", "(36.5, 7.5)"
nocow-834, "(71.0, 21.0)", "(92.5, 20.5)", "(91.5, 20.5)", "(51.5, 20.5)", "(51.5, 19.5)"
nocow-835, "(57.0, 20.0)", "(26.5, 28.5)", "(25.5, 29.5)", "(87.5, 8.5)", "(87.5, 10.5)"
nocow-836, "(87.0, 89.0)", "(57.5, 100.5)", "(59.5, 101.5)", "(57.5, 89.5)", "(57.5, 92.5)"
nocow-837, "(33.0, 30.0)", "(19.5, 52.5)", "(21.5, 53.5)", "(10.5, 42.5)", "(8.5, 42.5)"
nocow-838, "(21.0, 71.0)", "(0.5, 66.5)", "(1.5, 66.5)", "(20.5, 49.5)", "(20.5, 51.5)"
nocow-839, "(46.0, 97.0)", "(73.5, 96.5)", "(72.5, 96.5)", "(46.5, 68.5)", "(47.5, 71.5)"
nocow-84, "(99.0, 62.0)", "(86.5, 37.5)", "(85.5, 39.5)", "(101.5, 89.5)", "(104.5, 88.5)"
nocow-840, "(92.0, 37.0)", "(92.5, 12.5)", "(91.5, 12.5)", "(68.5, 38.5)", "(70.5, 40.5)"
nocow-841, "(64.0, 99.0)", "(81.5, 110.5)", "(78.5, 106.5)", "(44.5, 88.5)", "(45.5, 89.5)"
nocow-842, "(20.0, 53.0)", "(0.5, 52.5)", "(1.5, 52.5)", "(19.5, 35.5)", "(22.5, 32.5)"
nocow-843, "(100.0, 60.0)", "(94.5, 79.5)", "(95.5, 79.5)", "(89.5, 76.5)", "(90.5, 78.5)"
nocow-844, "(21.0, 71.0)", "(27.5, 85.5)", "(30.5, 85.5)", "(0.5, 72.5)", "(0.5, 71.5)"
nocow-845, "(98.0, 68.0)", "(100.5, 48.5)", "(98.5, 48.5)", "(100.5, 86.5)", "(105.5, 84.5)"
nocow-846, "(20.0, 59.0)", "(26.5, 33.5)", "(27.5, 33.5)", "(10.5, 33.5)", "(10.5, 34.5)"
nocow-847, "(92.0, 83.0)", "(82.5, 60.5)", "(80.5, 60.5)", "(100.5, 99.5)", "(101.5, 99.5)"
nocow-848, "(95.0, 40.0)", "(91.5, 22.5)", "(91.5, 21.5)", "(99.5, 22.5)", "(97.5, 20.5)"
nocow-849, "(20.0, 66.0)", "(11.5, 92.5)", "(12.5, 92.5)", "(27.5, 37.5)", "(24.5, 39.5)"
nocow-85, "(23.0, 76.0)", "(22.5, 49.5)", "(20.5, 50.5)", "(25.5, 102.5)", "(26.5, 102.5)"
nocow-850, "(99.0, 63.0)", "(79.5, 53.5)", "(78.5, 53.5)", "(106.5, 44.5)", "(104.5, 42.5)"
nocow-851, "(48.0, 21.0)", "(27.5, 31.5)", "(26.5, 29.5)", "(34.5, 3.5)", "(37.5, 2.5)"
nocow-852, "(92.0, 83.0)", "(74.5, 82.5)", "(74.5, 81.5)", "(110.5, 78.5)", "(110.5, 76.5)"
nocow-853, "(53.0, 99.0)", "(30.5, 83.5)", "(31.5, 83.5)", "(37.5, 74.5)", "(40.5, 76.5)"
nocow-854, "(45.0, 97.0)", "(72.5, 112.5)", "(72.5, 114.5)", "(18.5, 82.5)", "(16.5, 78.5)"
nocow-855, "(40.0, 94.0)", "(29.5, 115.5)", "(28.5, 115.5)", "(60.5, 104.5)", "(62.5, 100.5)"
nocow-856, "(84.0, 28.0)", "(63.5, 21.5)", "(65.5, 21.5)", "(87.5, 6.5)", "(89.5, 7.5)"
nocow-857, "(50.0, 21.0)", "(53.5, 3.5)", "(55.5, 1.5)", "(61.5, 35.5)", "(58.5, 32.5)"
nocow-858, "(51.0, 99.0)", "(38.5, 68.5)", "(36.5, 68.5)", "(79.5, 112.5)", "(80.5, 112.5)"
nocow-859, "(99.0, 55.0)", "(99.5, 74.5)", "(101.5, 73.5)", "(108.5, 71.5)", "(105.5, 72.5)"
nocow-86, "(24.0, 42.0)", "(50.5, 48.5)", "(50.5, 47.5)", "(49.5, 36.5)", "(50.5, 34.5)"
nocow-860, "(52.0, 20.0)", "(42.5, 31.5)", "(42.5, 35.5)", "(39.5, 7.5)", "(41.5, 4.5)"
nocow-861, "(73.0, 22.0)", "(93.5, 9.5)", "(93.5, 12.5)", "(61.5, 3.5)", "(62.5, 0.5)"
nocow-862, "(99.0, 63.0)", "(94.5, 82.5)", "(96.5, 83.5)", "(116.5, 72.5)", "(113.5, 69.5)"
nocow-863, "(90.0, 85.0)", "(83.5, 102.5)", "(85.5, 103.5)", "(70.5, 77.5)", "(71.5, 78.5)"
nocow-864, "(66.0, 20.0)", "(77.5, 10.5)", "(78.5, 11.5)", "(51.5, 9.5)", "(49.5, 9.5)"
nocow-865, "(94.0, 80.0)", "(90.5, 109.5)", "(92.5, 110.5)", "(76.5, 55.5)", "(79.5, 53.5)"
nocow-866, "(20.0, 67.0)", "(34.5, 94.5)", "(31.5, 95.5)", "(49.5, 75.5)", "(50.5, 75.5)"
nocow-867, "(25.0, 40.0)", "(43.5, 39.5)", "(43.5, 36.5)", "(15.5, 23.5)", "(13.5, 24.5)"
nocow-868, "(98.0, 49.0)", "(73.5, 63.5)", "(74.5, 61.5)", "(74.5, 35.5)", "(77.5, 32.5)"
nocow-869, "(85.0, 90.0)", "(106.5, 105.5)", "(104.5, 105.5)", "(76.5, 114.5)", "(77.5, 114.5)"
nocow-87, "(99.0, 67.0)", "(105.5, 81.5)", "(106.5, 81.5)", "(79.5, 56.5)", "(81.5, 55.5)"
nocow-870, "(37.0, 27.0)", "(33.5, 49.5)", "(34.5, 49.5)", "(59.5, 24.5)", "(60.5, 24.5)"
nocow-871, "(21.0, 71.0)", "(28.5, 89.5)", "(27.5, 88.5)", "(4.5, 80.5)", "(4.5, 78.5)"
nocow-872, "(94.0, 80.0)", "(116.5, 77.5)", "(116.5, 75.5)", "(70.5, 77.5)", "(72.5, 76.5)"
nocow-873, "(23.0, 76.0)", "(43.5, 75.5)", "(44.5, 75.5)", "(2.5, 78.5)", "(1.5, 78.5)"
nocow-874, "(22.0, 44.0)", "(0.5, 50.5)", "(1.5, 46.5)", "(2.5, 40.5)", "(0.5, 36.5)"
nocow-875, "(97.0, 45.0)", "(83.5, 74.5)", "(85.5, 73.5)", "(66.5, 55.5)", "(66.5, 57.5)"
nocow-876, "(90.0, 85.0)", "(59.5, 77.5)", "(59.5, 74.5)", "(97.5, 56.5)", "(95.5, 54.5)"
nocow-877, "(24.0, 41.0)", "(33.5, 17.5)", "(33.5, 15.5)", "(16.5, 67.5)", "(15.5, 67.5)"
nocow-878, "(62.0, 99.0)", "(41.5, 105.5)", "(42.5, 107.5)", "(68.5, 78.5)", "(68.5, 79.5)"
nocow-879, "(93.0, 38.0)", "(113.5, 28.5)", "(113.5, 26.5)", "(105.5, 19.5)", "(104.5, 18.5)"
nocow-88, "(93.0, 38.0)", "(76.5, 56.5)", "(77.5, 57.5)", "(115.5, 52.5)", "(115.5, 54.5)"
nocow-880, "(27.0, 83.0)", "(44.5, 79.5)", "(45.5, 77.5)", "(20.5, 64.5)", "(21.5, 64.5)"
nocow-881, "(94.0, 39.0)", "(68.5, 49.5)", "(68.5, 46.5)", "(83.5, 15.5)", "(86.5, 14.5)"
nocow-882, "(30.0, 33.0)", "(9.5, 48.5)", "(7.5, 46.5)", "(9.5, 15.5)", "(8.5, 16.5)"
nocow-883, "(38.0, 93.0)", "(57.5, 97.5)", "(58.5, 93.5)", "(58.5, 87.5)", "(58.5, 90.5)"
nocow-884, "(95.0, 41.0)", "(100.5, 59.5)", "(99.5, 58.5)", "(78.5, 49.5)", "(77.5, 48.5)"
nocow-885, "(99.0, 56.0)", "(106.5, 75.5)", "(108.5, 74.5)", "(88.5, 75.5)", "(89.5, 75.5)"
nocow-886, "(64.0, 99.0)", "(40.5, 94.5)", "(39.5, 97.5)", "(64.5, 74.5)", "(65.5, 75.5)"
nocow-887, "(21.0, 69.0)", "(26.5, 86.5)", "(27.5, 86.5)", "(13.5, 85.5)", "(13.5, 86.5)"
nocow-888, "(61.0, 99.0)", "(66.5, 80.5)", "(67.5, 79.5)", "(54.5, 80.5)", "(56.5, 80.5)"
nocow-889, "(26.0, 81.0)", "(28.5, 110.5)", "(29.5, 110.5)", "(21.5, 110.5)", "(22.5, 110.5)"
nocow-89, "(98.0, 70.0)", "(117.5, 82.5)", "(114.5, 79.5)", "(77.5, 81.5)", "(78.5, 81.5)"
nocow-890, "(20.0, 58.0)", "(34.5, 68.5)", "(34.5, 64.5)", "(40.5, 59.5)", "(40.5, 62.5)"
nocow-891, "(97.0, 74.0)", "(84.5, 102.5)", "(86.5, 103.5)", "(65.5, 80.5)", "(66.5, 80.5)"
nocow-892, "(42.0, 95.0)", "(39.5, 115.5)", "(40.5, 115.5)", "(45.5, 114.5)", "(44.5, 115.5)"
nocow-893, "(25.0, 39.0)", "(44.5, 54.5)", "(43.5, 53.5)", "(47.5, 24.5)", "(47.5, 25.5)"
nocow-894, "(34.0, 91.0)", "(29.5, 72.5)", "(28.5, 74.5)", "(34.5, 71.5)", "(33.5, 70.5)"
nocow-895, "(38.0, 26.0)", "(58.5, 29.5)", "(58.5, 27.5)", "(57.5, 21.5)", "(58.5, 21.5)"
nocow-896, "(99.0, 56.0)", "(98.5, 37.5)", "(98.5, 34.5)", "(98.5, 75.5)", "(95.5, 75.5)"
nocow-897, "(97.0, 45.0)", "(86.5, 67.5)", "(88.5, 66.5)", "(110.5, 64.5)", "(109.5, 61.5)"
nocow-898, "(98.0, 68.0)", "(119.5, 76.5)", "(119.5, 77.5)", "(118.5, 57.5)", "(119.5, 57.5)"
nocow-899, "(28.0, 84.0)", "(35.5, 113.5)", "(39.5, 111.5)", "(0.5, 76.5)", "(0.5, 73.5)"
nocow-9, "(89.0, 87.0)", "(69.5, 78.5)", "(67.5, 80.5)", "(84.5, 63.5)", "(80.5, 64.5)"
nocow-90, "(49.0, 21.0)", "(21.5, 35.5)", "(23.5, 38.5)", "(71.5, 1.5)", "(71.5, 5.5)"
nocow-900, "(44.0, 23.0)", "(29.5, 32.5)", "(26.5, 31.5)", "(53.5, 39.5)", "(50.5, 35.5)"
nocow-901, "(77.0, 23.0)", "(56.5, 14.5)", "(57.5, 14.5)", "(81.5, 1.5)", "(84.5, 2.5)"
nocow-902, "(96.0, 44.0)", "(113.5, 42.5)", "(114.5, 42.5)", "(91.5, 27.5)", "(93.5, 26.5)"
nocow-903, "(98.0, 51.0)", "(116.5, 55.5)", "(117.5, 55.5)", "(116.5, 45.5)", "(115.5, 41.5)"
nocow-904, "(40.0, 25.0)", "(59.5, 22.5)", "(58.5, 26.5)", "(46.5, 43.5)", "(47.5, 42.5)"
nocow-905, "(81.0, 93.0)", "(84.5, 73.5)", "(82.5, 72.5)", "(79.5, 72.5)", "(77.5, 74.5)"
nocow-906, "(84.0, 91.0)", "(62.5, 99.5)", "(63.5, 100.5)", "(104.5, 77.5)", "(100.5, 78.5)"
nocow-907, "(85.0, 90.0)", "(90.5, 108.5)", "(88.5, 108.5)", "(77.5, 107.5)", "(76.5, 105.5)"
nocow-908, "(34.0, 29.0)", "(28.5, 48.5)", "(29.5, 48.5)", "(53.5, 35.5)", "(53.5, 34.5)"
nocow-909, "(90.0, 34.0)", "(83.5, 60.5)", "(85.5, 60.5)", "(76.5, 56.5)", "(77.5, 56.5)"
nocow-91, "(49.0, 98.0)", "(61.5, 106.5)", "(65.5, 107.5)", "(67.5, 101.5)", "(68.5, 101.5)"
nocow-910, "(46.0, 97.0)", "(41.5, 114.5)", "(42.5, 114.5)", "(63.5, 93.5)", "(63.5, 92.5)"
nocow-911, "(90.0, 85.0)", "(79.5, 109.5)", "(80.5, 109.5)", "(65.5, 94.5)", "(66.5, 95.5)"
nocow-912, "(81.0, 26.0)", "(79.5, 44.5)", "(78.5, 44.5)", "(96.5, 37.5)", "(93.5, 33.5)"
nocow-913, "(66.0, 20.0)", "(93.5, 14.5)", "(93.5, 16.5)", "(39.5, 14.5)", "(37.5, 13.5)"
nocow-914, "(20.0, 63.0)", "(7.5, 49.5)", "(8.5, 48.5)", "(28.5, 75.5)", "(30.5, 77.5)"
nocow-915, "(54.0, 20.0)", "(70.5, 11.5)", "(37.5, 27.5)", "(36.5, 27.5)"
nocow-916, "(95.0, 41.0)", "(114.5, 33.5)", "(113.5, 32.5)", "(76.5, 34.5)", "(77.5, 33.5)"
nocow-917, "(46.0, 97.0)", "(48.5, 115.5)", "(48.5, 114.5)", "(43.5, 114.5)", "(44.5, 114.5)"
nocow-918, "(93.0, 38.0)", "(89.5, 61.5)", "(88.5, 60.5)", "(116.5, 37.5)", "(116.5, 40.5)"
nocow-919, "(31.0, 88.0)", "(36.5, 68.5)", "(36.5, 69.5)", "(29.5, 71.5)", "(29.5, 70.5)"
nocow-92, "(24.0, 77.0)", "(39.5, 68.5)", "(40.5, 68.5)", "(7.5, 69.5)", "(6.5, 69.5)"
nocow-920, "(57.0, 99.0)", "(38.5, 86.5)", "(38.5, 90.5)", "(44.5, 82.5)", "(45.5, 83.5)"
nocow-921, "(91.0, 85.0)", "(78.5, 102.5)", "(80.5, 102.5)", "(101.5, 67.5)", "(98.5, 66.5)"
nocow-922, "(89.0, 87.0)", "(95.5, 109.5)", "(99.5, 107.5)", "(80.5, 109.5)", "(81.5, 108.5)"
nocow-923, "(37.0, 27.0)", "(62.5, 19.5)", "(63.5, 23.5)", "(9.5, 19.5)", "(12.5, 22.5)"
nocow-924, "(27.0, 36.0)", "(32.5, 59.5)", "(30.5, 59.5)", "(15.5, 57.5)", "(15.5, 56.5)"
nocow-925, "(97.0, 45.0)", "(79.5, 47.5)", "(76.5, 48.5)", "(93.5, 26.5)", "(95.5, 27.5)"
nocow-926, "(98.0, 49.0)", "(81.5, 76.5)", "(81.5, 75.5)", "(68.5, 63.5)", "(68.5, 62.5)"
nocow-927, "(54.0, 20.0)", "(61.5, 1.5)", "(57.5, 0.5)", "(39.5, 36.5)", "(40.5, 36.5)"
nocow-928, "(21.0, 48.0)", "(48.5, 40.5)", "(47.5, 39.5)", "(24.5, 19.5)", "(27.5, 21.5)"
nocow-929, "(58.0, 99.0)", "(31.5, 103.5)", "(30.5, 103.5)", "(85.5, 94.5)", "(85.5, 93.5)"
nocow-93, "(60.0, 99.0)", "(35.5, 99.5)", "(36.5, 99.5)", "(83.5, 95.5)", "(82.5, 95.5)"
nocow-930, "(50.0, 21.0)", "(34.5, 10.5)", "(33.5, 10.5)", "(45.5, 38.5)", "(44.5, 38.5)"
nocow-931, "(30.0, 33.0)", "(38.5, 49.5)", "(35.5, 50.5)", "(10.5, 38.5)", "(10.5, 35.5)"
nocow-932, "(71.0, 98.0)", "(48.5, 101.5)", "(48.5, 105.5)", "(82.5, 117.5)", "(83.5, 117.5)"
nocow-933, "(91.0, 84.0)", "(99.5, 103.5)", "(99.5, 102.5)", "(83.5, 63.5)", "(81.5, 64.5)"
nocow-934, "(80.0, 94.0)", "(48.5, 96.5)", "(50.5, 95.5)", "(108.5, 82.5)", "(108.5, 84.5)"
nocow-935, "(29.0, 34.0)", "(20.5, 46.5)", "(18.5, 46.5)", "(11.5, 40.5)", "(9.5, 39.5)"
nocow-936, "(74.0, 22.0)", "(56.5, 15.5)", "(55.5, 18.5)", "(90.5, 14.5)", "(86.5, 13.5)"
nocow-937, "(36.0, 27.0)", "(39.5, 57.5)", "(40.5, 56.5)", "(65.5, 21.5)", "(65.5, 20.5)"
nocow-938, "(21.0, 69.0)", "(33.5, 41.5)", "(32.5, 40.5)", "(9.5, 40.5)", "(10.5, 41.5)"
nocow-939, "(66.0, 20.0)", "(41.5, 5.5)", "(40.5, 4.5)", "(59.5, 46.5)", "(60.5, 46.5)"
nocow-94, "(25.0, 39.0)", "(53.5, 28.5)", "(54.5, 29.5)", "(16.5, 10.5)", "(15.5, 10.5)"
nocow-940, "(39.0, 94.0)", "(36.5, 63.5)", "(34.5, 62.5)", "(54.5, 116.5)", "(57.5, 115.5)"
nocow-941, "(20.0, 60.0)", "(5.5, 77.5)", "(8.5, 79.5)", "(36.5, 69.5)", "(36.5, 70.5)"
nocow-942, "(78.0, 95.0)", "(98.5, 77.5)", "(96.5, 78.5)", "(92.5, 117.5)", "(93.5, 117.5)"
nocow-943, "(50.0, 21.0)", "(35.5, 9.5)", "(34.5, 10.5)", "(58.5, 37.5)", "(59.5, 38.5)"
nocow-944, "(84.0, 28.0)", "(107.5, 28.5)", "(107.5, 27.5)", "(107.5, 23.5)", "(108.5, 23.5)"
nocow-945, "(96.0, 43.0)", "(77.5, 55.5)", "(78.5, 55.5)", "(108.5, 25.5)", "(104.5, 24.5)"
nocow-946, "(99.0, 64.0)", "(104.5, 81.5)", "(107.5, 81.5)", "(116.5, 59.5)", "(117.5, 57.5)"
nocow-947, "(86.0, 90.0)", "(72.5, 112.5)", "(69.5, 110.5)", "(63.5, 102.5)", "(64.5, 104.5)"
nocow-948, "(21.0, 72.0)", "(49.5, 83.5)", "(49.5, 84.5)", "(10.5, 40.5)", "(13.5, 40.5)"
nocow-949, "(96.0, 43.0)", "(74.5, 42.5)", "(72.5, 39.5)", "(91.5, 65.5)", "(93.5, 65.5)"
nocow-95, "(56.0, 20.0)", "(29.5, 6.5)", "(31.5, 10.5)", "(35.5, 4.5)", "(36.5, 2.5)"
nocow-950, "(96.0, 75.0)", "(117.5, 76.5)", "(117.5, 74.5)", "(116.5, 70.5)", "(117.5, 70.5)"
nocow-951, "(93.0, 38.0)", "(65.5, 54.5)", "(66.5, 54.5)", "(63.5, 48.5)", "(65.5, 48.5)"
nocow-952, "(31.0, 31.0)", "(3.5, 38.5)", "(0.5, 39.5)", "(32.5, 61.5)", "(31.5, 60.5)"
nocow-953, "(22.0, 73.0)", "(24.5, 42.5)", "(27.5, 41.5)", "(15.5, 40.5)", "(17.5, 43.5)"
nocow-954, "(95.0, 40.0)", "(96.5, 60.5)", "(97.5, 60.5)", "(114.5, 45.5)", "(115.5, 41.5)"
nocow-955, "(86.0, 90.0)", "(69.5, 97.5)", "(69.5, 98.5)", "(70.5, 80.5)", "(67.5, 80.5)"
nocow-956, "(72.0, 22.0)", "(80.5, 39.5)", "(82.5, 37.5)", "(53.5, 28.5)", "(55.5, 30.5)"
nocow-957, "(89.0, 32.0)", "(92.5, 54.5)", "(83.5, 10.5)", "(87.5, 8.5)"
nocow-958, "(27.0, 83.0)", "(17.5, 57.5)", "(14.5, 60.5)", "(32.5, 55.5)", "(33.5, 57.5)"
nocow-959, "(84.0, 28.0)", "(103.5, 34.5)", "(104.5, 34.5)", "(63.5, 32.5)", "(64.5, 31.5)"
nocow-96, "(79.0, 25.0)", "(73.5, 47.5)", "(74.5, 48.5)", "(92.5, 43.5)", "(91.5, 40.5)"
nocow-960, "(37.0, 27.0)", "(41.5, 3.5)", "(43.5, 5.5)", "(32.5, 49.5)", "(28.5, 47.5)"
nocow-961, "(65.0, 20.0)", "(60.5, 42.5)", "(58.5, 43.5)", "(87.5, 25.5)", "(88.5, 21.5)"
nocow-962, "(52.0, 99.0)", "(27.5, 104.5)", "(27.5, 100.5)", "(74.5, 94.5)", "(74.5, 92.5)"
nocow-963, "(72.0, 97.0)", "(46.5, 112.5)", "(44.5, 109.5)", "(41.5, 98.5)", "(39.5, 98.5)"
nocow-964, "(94.0, 80.0)", "(100.5, 105.5)", "(101.5, 105.5)", "(66.5, 84.5)", "(66.5, 86.5)"
nocow-965, "(27.0, 36.0)", "(50.5, 21.5)", "(50.5, 22.5)", "(3.5, 23.5)", "(1.5, 24.5)"
nocow-966, "(44.0, 96.0)", "(44.5, 116.5)", "(41.5, 116.5)", "(29.5, 112.5)", "(31.5, 112.5)"
nocow-967, "(36.0, 27.0)", "(53.5, 49.5)", "(50.5, 49.5)", "(17.5, 51.5)", "(20.5, 52.5)"
nocow-968, "(33.0, 89.0)", "(40.5, 114.5)", "(41.5, 114.5)", "(7.5, 97.5)", "(8.5, 95.5)"
nocow-969, "(48.0, 21.0)", "(62.5, 33.5)", "(62.5, 29.5)", "(38.5, 4.5)", "(37.5, 2.5)"
nocow-97, "(26.0, 37.0)", "(16.5, 57.5)", "(16.5, 58.5)", "(48.5, 30.5)", "(47.5, 27.5)"
nocow-970, "(82.0, 26.0)", "(66.5, 36.5)", "(66.5, 35.5)", "(70.5, 12.5)", "(73.5, 11.5)"
nocow-971, "(71.0, 98.0)", "(80.5, 115.5)", "(81.5, 113.5)", "(64.5, 115.5)", "(63.5, 114.5)"
nocow-972, "(96.0, 43.0)", "(77.5, 50.5)", "(76.5, 47.5)", "(98.5, 61.5)", "(99.5, 61.5)"
nocow-973, "(20.0, 57.0)", "(26.5, 79.5)", "(31.5, 77.5)", "(9.5, 78.5)", "(10.5, 78.5)"
nocow-974, "(20.0, 54.0)", "(29.5, 32.5)", "(29.5, 33.5)", "(12.5, 30.5)", "(11.5, 30.5)"
nocow-975, "(87.0, 31.0)", "(108.5, 38.5)", "(109.5, 37.5)", "(108.5, 22.5)", "(107.5, 22.5)"
nocow-976, "(70.0, 21.0)", "(67.5, 41.5)", "(67.5, 40.5)", "(48.5, 21.5)", "(49.5, 24.5)"
nocow-977, "(66.0, 99.0)", "(79.5, 110.5)", "(80.5, 112.5)", "(47.5, 111.5)", "(48.5, 108.5)"
nocow-978, "(97.0, 74.0)", "(116.5, 88.5)", "(116.5, 85.5)", "(73.5, 86.5)", "(74.5, 87.5)"
nocow-979, "(90.0, 34.0)", "(65.5, 26.5)", "(64.5, 25.5)", "(96.5, 8.5)", "(99.5, 8.5)"
nocow-98, "(94.0, 80.0)", "(110.5, 72.5)", "(109.5, 69.5)", "(101.5, 62.5)", "(102.5, 62.5)"
nocow-980, "(20.0, 59.0)", "(27.5, 40.5)", "(29.5, 42.5)", "(0.5, 57.5)", "(0.5, 56.5)"
nocow-981, "(60.0, 99.0)", "(71.5, 113.5)", "(71.5, 114.5)", "(46.5, 113.5)", "(46.5, 112.5)"
nocow-982, "(94.0, 39.0)", "(68.5, 32.5)", "(67.5, 33.5)", "(67.5, 41.5)", "(68.5, 40.5)"
nocow-983, "(68.0, 20.0)", "(47.5, 29.5)", "(45.5, 30.5)", "(44.5, 24.5)", "(43.5, 24.5)"
nocow-984, "(98.0, 70.0)", "(101.5, 40.5)", "(98.5, 38.5)", "(94.5, 39.5)", "(95.5, 39.5)"
nocow-985, "(22.0, 44.0)", "(20.5, 62.5)", "(22.5, 63.5)", "(13.5, 60.5)", "(10.5, 58.5)"
nocow-986, "(51.0, 20.0)", "(45.5, 37.5)", "(46.5, 38.5)", "(34.5, 14.5)", "(35.5, 12.5)"
nocow-987, "(78.0, 95.0)", "(105.5, 95.5)", "(104.5, 94.5)", "(69.5, 68.5)", "(66.5, 70.5)"
nocow-988, "(87.0, 31.0)", "(83.5, 6.5)", "(85.5, 7.5)", "(110.5, 28.5)", "(109.5, 29.5)"
nocow-989, "(82.0, 26.0)", "(93.5, 50.5)", "(96.5, 48.5)", "(68.5, 50.5)", "(67.5, 48.5)"
nocow-99, "(90.0, 85.0)", "(88.5, 65.5)", "(85.5, 62.5)", "(92.5, 64.5)", "(93.5, 64.5)"
nocow-990, "(68.0, 99.0)", "(51.5, 109.5)", "(50.5, 111.5)", "(62.5, 79.5)", "(64.5, 78.5)"
nocow-991, "(89.0, 87.0)", "(107.5, 84.5)", "(108.5, 84.5)", "(70.5, 83.5)", "(70.5, 85.5)"
nocow-992, "(79.0, 25.0)", "(58.5, 18.5)", "(55.5, 19.5)", "(84.5, 1.5)", "(85.5, 1.5)"
nocow-993, "(46.0, 97.0)", "(37.5, 116.5)", "(37.5, 115.5)", "(52.5, 75.5)", "(51.5, 77.5)"
nocow-994, "(97.0, 45.0)", "(93.5, 65.5)", "(93.5, 64.5)", "(106.5, 62.5)", "(105.5, 63.5)"
nocow-995, "(91.0, 35.0)", "(113.5, 36.5)", "(114.5, 33.5)", "(68.5, 33.5)", "(67.5, 33.5)"
nocow-996, "(34.0, 28.0)", "(51.5, 38.5)", "(51.5, 35.5)", "(19.5, 16.5)", "(16.5, 20.5)"
nocow-997, "(84.0, 91.0)", "(69.5, 70.5)", "(70.5, 69.5)", "(94.5, 116.5)", "(94.5, 115.5)"
nocow-998, "(22.0, 74.0)", "(7.5, 50.5)", "(8.5, 49.5)", "(21.5, 46.5)", "(22.5, 47.5)"
nocow-999, "(54.0, 20.0)", "(69.5, 47.5)", "(73.5, 44.5)", "(37.5, 47.5)", "(35.5, 44.5)"