og-0, "(19.0, 69.0)", "(18.5, 91.5)", "(17.5, 91.5)", "(38.5, 69.5)", "(37.5, 70.5)"
og-1, "(28.0, 32.0)", "(21.5, 8.5)", "(20.5, 5.5)", "(45.5, 3.5)", "(45.5, 6.5)"
og-10, "(109.0, 44.0)", "(107.5, 17.5)", "(111.5, 17.5)", "(104.5, 68.5)", "(102.5, 68.5)"
og-100, "(83.0, 102.0)", "(108.5, 114.5)", "(109.5, 113.5)", "(99.5, 99.5)", "(99.5, 100.5)"
og-101, "(75.0, 21.0)", "(48.5, 18.5)", "(50.5, 15.5)", "(89.5, 36.5)", "(93.5, 34.5)"
og-102, "(93.0, 79.0)", "(110.5, 66.5)", "(110.5, 70.5)", "(76.5, 72.5)", "(76.5, 73.5)"
og-103, "(52.0, 104.0)", "(55.5, 83.5)", "(57.5, 81.5)", "(42.5, 91.5)", "(43.5, 91.5)"
og-104, "(43.0, 100.0)", "(61.5, 70.5)", "(60.5, 71.5)", "(35.5, 70.5)", "(35.5, 72.5)"
og-105, "(109.0, 29.0)", "(79.5, 27.5)", "(77.5, 24.5)", "(88.5, 52.5)", "(85.5, 50.5)"
og-106, "(48.0, 10.0)", "(49.5, 33.5)", "(48.5, 33.5)", "(26.5, 12.5)", "(25.5, 12.5)"
og-107, "(9.0, 67.0)", "(35.5, 54.5)", "(32.5, 53.5)", "(27.5, 83.5)", "(27.5, 82.5)"
og-108, "(86.0, 13.0)", "(100.5, 23.5)", "(102.5, 23.5)", "(107.5, 32.5)", "(108.5, 35.5)"
og-109, "(27.0, 66.0)", "(10.5, 59.5)", "(10.5, 57.5)", "(42.5, 48.5)", "(43.5, 47.5)"
og-11, "(76.0, 10.0)", "(92.5, 22.5)", "(91.5, 22.5)", "(92.5, 2.5)", "(94.5, 0.5)"
og-110, "(70.0, 91.0)", "(50.5, 78.5)", "(46.5, 80.5)", "(82.5, 69.5)", "(82.5, 71.5)"
og-111, "(31.0, 107.0)", "(44.5, 116.5)", "(47.5, 117.5)", "(59.5, 95.5)", "(57.5, 95.5)"
og-112, "(52.0, 90.0)", "(66.5, 110.5)", "(67.5, 111.5)", "(34.5, 90.5)", "(33.5, 91.5)"
og-113, "(9.0, 37.0)", "(4.5, 58.5)", "(3.5, 61.5)", "(11.5, 14.5)", "(7.5, 12.5)"
og-114, "(38.0, 17.0)", "(54.5, 34.5)", "(53.5, 32.5)", "(19.5, 6.5)", "(20.5, 6.5)"
og-115, "(101.0, 71.0)", "(82.5, 93.5)", "(83.5, 93.5)", "(108.5, 49.5)", "(109.5, 48.5)"
og-116, "(79.0, 15.0)", "(60.5, 1.5)", "(56.5, 1.5)", "(54.5, 1.5)", "(54.5, 2.5)"
og-117, "(92.0, 61.0)", "(63.5, 54.5)", "(62.5, 55.5)", "(77.5, 31.5)", "(75.5, 29.5)"
og-118, "(26.0, 74.0)", "(53.5, 84.5)", "(51.5, 81.5)", "(50.5, 59.5)", "(51.5, 60.5)"
og-119, "(36.0, 101.0)", "(49.5, 114.5)", "(47.5, 114.5)", "(11.5, 92.5)", "(11.5, 93.5)"
og-12, "(97.0, 86.0)", "(66.5, 91.5)", "(67.5, 91.5)", "(74.5, 80.5)", "(74.5, 79.5)"
og-120, "(69.0, 101.0)", "(85.5, 99.5)", "(86.5, 98.5)", "(47.5, 89.5)", "(48.5, 89.5)"
og-121, "(101.0, 77.0)", "(116.5, 56.5)", "(112.5, 54.5)", "(76.5, 103.5)", "(75.5, 100.5)"
og-122, "(106.0, 79.0)", "(79.5, 62.5)", "(77.5, 65.5)", "(80.5, 55.5)", "(77.5, 55.5)"
og-123, "(26.0, 39.0)", "(0.5, 60.5)", "(1.5, 56.5)", "(25.5, 11.5)", "(24.5, 12.5)"
og-124, "(47.0, 9.0)", "(18.5, 12.5)", "(17.5, 14.5)", "(65.5, 9.5)", "(65.5, 8.5)"
og-125, "(92.0, 75.0)", "(66.5, 88.5)", "(64.5, 89.5)", "(82.5, 45.5)", "(81.5, 46.5)"
og-126, "(65.0, 99.0)", "(91.5, 77.5)", "(91.5, 75.5)", "(34.5, 71.5)", "(35.5, 73.5)"
og-127, "(73.0, 90.0)", "(50.5, 92.5)", "(46.5, 91.5)", "(45.5, 105.5)", "(41.5, 104.5)"
og-128, "(20.0, 45.0)", "(37.5, 25.5)", "(34.5, 27.5)", "(1.5, 17.5)", "(1.5, 18.5)"
og-129, "(73.0, 98.0)", "(90.5, 69.5)", "(90.5, 67.5)", "(75.5, 67.5)", "(76.5, 68.5)"
og-13, "(54.0, 26.0)", "(68.5, 39.5)", "(71.5, 37.5)", "(72.5, 20.5)", "(71.5, 18.5)"
og-130, "(19.0, 63.0)", "(46.5, 70.5)", "(46.5, 69.5)", "(1.5, 38.5)", "(1.5, 37.5)"
og-131, "(26.0, 75.0)", "(1.5, 84.5)", "(0.5, 84.5)", "(17.5, 92.5)", "(18.5, 90.5)"
og-132, "(31.0, 20.0)", "(58.5, 41.5)", "(56.5, 43.5)", "(10.5, 45.5)", "(12.5, 46.5)"
og-133, "(101.0, 57.0)", "(99.5, 33.5)", "(100.5, 33.5)", "(74.5, 45.5)", "(75.5, 45.5)"
og-134, "(44.0, 13.0)", "(58.5, 41.5)", "(60.5, 40.5)", "(60.5, 33.5)", "(59.5, 31.5)"
og-135, "(107.0, 56.0)", "(75.5, 63.5)", "(76.5, 65.5)", "(103.5, 28.5)", "(103.5, 26.5)"
og-136, "(62.0, 21.0)", "(64.5, 43.5)", "(68.5, 41.5)", "(76.5, 49.5)", "(78.5, 46.5)"
og-137, "(25.0, 68.0)", "(2.5, 45.5)", "(1.5, 45.5)", "(46.5, 70.5)", "(44.5, 72.5)"
og-138, "(18.0, 64.0)", "(32.5, 57.5)", "(34.5, 61.5)", "(30.5, 37.5)", "(30.5, 39.5)"
og-139, "(90.0, 99.0)", "(73.5, 84.5)", "(74.5, 84.5)", "(58.5, 112.5)", "(62.5, 111.5)"
og-14, "(100.0, 36.0)", "(75.5, 60.5)", "(75.5, 58.5)", "(85.5, 11.5)", "(86.5, 11.5)"
og-140, "(10.0, 43.0)", "(38.5, 65.5)", "(38.5, 64.5)", "(27.5, 68.5)", "(28.5, 67.5)"
og-141, "(64.0, 92.0)", "(52.5, 68.5)", "(51.5, 70.5)", "(59.5, 78.5)", "(59.5, 76.5)"
og-142, "(80.0, 104.0)", "(97.5, 104.5)", "(94.5, 103.5)", "(65.5, 102.5)", "(63.5, 102.5)"
og-143, "(71.0, 98.0)", "(92.5, 85.5)", "(91.5, 83.5)", "(96.5, 113.5)", "(98.5, 112.5)"
og-144, "(47.0, 90.0)", "(67.5, 104.5)", "(66.5, 102.5)", "(68.5, 80.5)", "(69.5, 78.5)"
og-145, "(91.0, 87.0)", "(67.5, 91.5)", "(70.5, 91.5)", "(112.5, 113.5)", "(113.5, 114.5)"
og-146, "(69.0, 14.0)", "(86.5, 35.5)", "(86.5, 36.5)", "(76.5, 38.5)", "(73.5, 36.5)"
og-147, "(19.0, 85.0)", "(39.5, 96.5)", "(40.5, 99.5)", "(17.5, 112.5)", "(19.5, 112.5)"
og-148, "(22.0, 63.0)", "(6.5, 84.5)", "(6.5, 83.5)", "(4.5, 43.5)", "(4.5, 45.5)"
og-149, "(107.0, 65.0)", "(112.5, 46.5)", "(112.5, 45.5)", "(86.5, 81.5)", "(84.5, 79.5)"
og-15, "(17.0, 48.0)", "(36.5, 61.5)", "(39.5, 61.5)", "(39.5, 53.5)", "(42.5, 54.5)"
og-150, "(16.0, 74.0)", "(27.5, 73.5)", "(29.5, 70.5)", "(40.5, 94.5)", "(36.5, 96.5)"
og-151, "(12.0, 44.0)", "(11.5, 20.5)", "(13.5, 21.5)", "(24.5, 63.5)", "(23.5, 66.5)"
og-152, "(26.0, 35.0)", "(42.5, 5.5)", "(43.5, 6.5)", "(41.5, 46.5)", "(40.5, 48.5)"
og-153, "(100.0, 80.0)", "(108.5, 52.5)", "(108.5, 54.5)", "(68.5, 64.5)", "(69.5, 64.5)"
og-154, "(45.0, 98.0)", "(59.5, 116.5)", "(56.5, 116.5)", "(67.5, 71.5)", "(68.5, 72.5)"
og-155, "(28.0, 49.0)", "(53.5, 39.5)", "(49.5, 42.5)", "(48.5, 21.5)", "(45.5, 21.5)"
og-156, "(66.0, 103.0)", "(37.5, 86.5)", "(38.5, 85.5)", "(82.5, 92.5)", "(82.5, 88.5)"
og-157, "(26.0, 81.0)", "(47.5, 52.5)", "(47.5, 51.5)", "(1.5, 52.5)", "(1.5, 51.5)"
og-158, "(48.0, 96.0)", "(34.5, 113.5)", "(34.5, 114.5)", "(52.5, 110.5)", "(48.5, 109.5)"
og-159, "(91.0, 33.0)", "(73.5, 60.5)", "(76.5, 58.5)", "(90.5, 46.5)", "(90.5, 45.5)"
og-16, "(34.0, 98.0)", "(52.5, 88.5)", "(49.5, 91.5)", "(40.5, 114.5)", "(41.5, 112.5)"
og-160, "(44.0, 20.0)", "(48.5, 4.5)", "(46.5, 2.5)", "(31.5, 5.5)", "(29.5, 4.5)"
og-161, "(60.0, 26.0)", "(77.5, 49.5)", "(75.5, 53.5)", "(85.5, 43.5)", "(87.5, 46.5)"
og-162, "(78.0, 100.0)", "(47.5, 111.5)", "(47.5, 115.5)", "(52.5, 106.5)", "(56.5, 107.5)"
og-163, "(70.0, 11.0)", "(44.5, 7.5)", "(45.5, 8.5)", "(43.5, 29.5)", "(43.5, 30.5)"
og-164, "(96.0, 80.0)", "(68.5, 73.5)", "(66.5, 75.5)", "(72.5, 91.5)", "(68.5, 90.5)"
og-165, "(89.0, 97.0)", "(116.5, 81.5)", "(115.5, 83.5)", "(70.5, 107.5)", "(68.5, 108.5)"
og-166, "(12.0, 45.0)", "(34.5, 19.5)", "(34.5, 18.5)", "(34.5, 74.5)", "(36.5, 72.5)"
og-167, "(41.0, 108.0)", "(14.5, 93.5)", "(14.5, 92.5)", "(63.5, 105.5)", "(64.5, 104.5)"
og-168, "(94.0, 31.0)", "(70.5, 52.5)", "(72.5, 52.5)", "(88.5, 8.5)", "(84.5, 8.5)"
og-169, "(26.0, 46.0)", "(52.5, 64.5)", "(51.5, 64.5)", "(10.5, 29.5)", "(14.5, 28.5)"
og-17, "(9.0, 89.0)", "(5.5, 100.5)", "(3.5, 104.5)", "(19.5, 64.5)", "(21.5, 62.5)"
og-170, "(54.0, 93.0)", "(64.5, 65.5)", "(66.5, 68.5)", "(30.5, 63.5)", "(30.5, 62.5)"
og-171, "(68.0, 16.0)", "(66.5, 42.5)", "(65.5, 43.5)", "(43.5, 28.5)", "(44.5, 30.5)"
og-172, "(27.0, 48.0)", "(56.5, 71.5)", "(54.5, 68.5)", "(12.5, 46.5)", "(9.5, 49.5)"
og-173, "(62.0, 14.0)", "(36.5, 12.5)", "(37.5, 13.5)", "(84.5, 23.5)", "(86.5, 21.5)"
og-174, "(41.0, 94.0)", "(59.5, 112.5)", "(62.5, 112.5)", "(69.5, 72.5)", "(67.5, 75.5)"
og-175, "(93.0, 67.0)", "(64.5, 45.5)", "(64.5, 44.5)", "(109.5, 52.5)", "(108.5, 55.5)"
og-176, "(72.0, 90.0)", "(54.5, 61.5)", "(52.5, 61.5)", "(86.5, 67.5)", "(83.5, 64.5)"
og-177, "(91.0, 34.0)", "(110.5, 37.5)", "(113.5, 37.5)", "(68.5, 1.5)", "(69.5, 1.5)"
og-178, "(77.0, 96.0)", "(53.5, 73.5)", "(50.5, 74.5)", "(96.5, 109.5)", "(95.5, 107.5)"
og-179, "(11.0, 65.0)", "(31.5, 56.5)", "(31.5, 57.5)", "(16.5, 84.5)", "(19.5, 84.5)"
og-18, "(62.0, 104.0)", "(46.5, 78.5)", "(50.5, 81.5)", "(32.5, 114.5)", "(34.5, 113.5)"
og-180, "(14.0, 72.0)", "(6.5, 55.5)", "(6.5, 51.5)", "(16.5, 56.5)", "(14.5, 55.5)"
og-181, "(96.0, 72.0)", "(117.5, 42.5)", "(117.5, 43.5)", "(101.5, 43.5)", "(105.5, 43.5)"
og-182, "(9.0, 41.0)", "(22.5, 69.5)", "(21.5, 68.5)", "(28.5, 47.5)", "(29.5, 47.5)"
og-183, "(39.0, 21.0)", "(56.5, 34.5)", "(55.5, 34.5)", "(25.5, 42.5)", "(23.5, 44.5)"
og-184, "(56.0, 17.0)", "(32.5, 6.5)", "(31.5, 7.5)", "(49.5, 1.5)", "(48.5, 1.5)"
og-185, "(19.0, 42.0)", "(0.5, 63.5)", "(3.5, 63.5)", "(21.5, 65.5)", "(20.5, 66.5)"
og-186, "(17.0, 73.0)", "(40.5, 53.5)", "(39.5, 51.5)", "(4.5, 91.5)", "(4.5, 88.5)"
og-187, "(93.0, 86.0)", "(102.5, 65.5)", "(100.5, 65.5)", "(71.5, 102.5)", "(69.5, 102.5)"
og-188, "(108.0, 54.0)", "(110.5, 72.5)", "(110.5, 71.5)", "(84.5, 80.5)", "(83.5, 82.5)"
og-189, "(98.0, 70.0)", "(116.5, 58.5)", "(115.5, 58.5)", "(105.5, 95.5)", "(106.5, 97.5)"
og-19, "(108.0, 33.0)", "(103.5, 6.5)", "(102.5, 8.5)", "(91.5, 17.5)", "(89.5, 17.5)"
og-190, "(65.0, 19.0)", "(51.5, 31.5)", "(53.5, 33.5)", "(85.5, 26.5)", "(86.5, 22.5)"
og-191, "(9.0, 50.0)", "(21.5, 18.5)", "(19.5, 22.5)", "(19.5, 32.5)", "(23.5, 28.5)"
og-192, "(97.0, 68.0)", "(74.5, 56.5)", "(72.5, 57.5)", "(89.5, 36.5)", "(86.5, 39.5)"
og-193, "(60.0, 9.0)", "(33.5, 6.5)", "(34.5, 10.5)", "(50.5, 33.5)", "(50.5, 34.5)"
og-194, "(69.0, 25.0)", "(66.5, 4.5)", "(66.5, 3.5)", "(72.5, 6.5)", "(75.5, 6.5)"
og-195, "(57.0, 95.0)", "(37.5, 112.5)", "(38.5, 108.5)", "(54.5, 117.5)", "(58.5, 114.5)"
og-196, "(45.0, 25.0)", "(71.5, 14.5)", "(67.5, 15.5)", "(50.5, 46.5)", "(48.5, 50.5)"
og-197, "(80.0, 16.0)", "(78.5, 44.5)", "(77.5, 40.5)", "(98.5, 36.5)", "(99.5, 36.5)"
og-198, "(21.0, 73.0)", "(39.5, 89.5)", "(42.5, 91.5)", "(47.5, 97.5)", "(48.5, 97.5)"
og-199, "(11.0, 83.0)", "(25.5, 57.5)", "(26.5, 55.5)", "(33.5, 101.5)", "(30.5, 100.5)"
og-2, "(95.0, 39.0)", "(68.5, 15.5)", "(67.5, 16.5)", "(85.5, 18.5)", "(86.5, 18.5)"
og-20, "(102.0, 52.0)", "(110.5, 37.5)", "(111.5, 33.5)", "(104.5, 24.5)", "(103.5, 21.5)"
og-200, "(99.0, 39.0)", "(82.5, 62.5)", "(84.5, 62.5)", "(79.5, 52.5)", "(75.5, 56.5)"
og-201, "(59.0, 18.0)", "(57.5, 35.5)", "(57.5, 32.5)", "(66.5, 1.5)", "(63.5, 0.5)"
og-202, "(50.0, 26.0)", "(49.5, 3.5)", "(49.5, 4.5)", "(53.5, 8.5)", "(51.5, 7.5)"
og-203, "(106.0, 85.0)", "(81.5, 70.5)", "(81.5, 66.5)", "(91.5, 53.5)", "(94.5, 55.5)"
og-204, "(18.0, 38.0)", "(12.5, 64.5)", "(14.5, 67.5)", "(27.5, 8.5)", "(24.5, 11.5)"
og-205, "(21.0, 59.0)", "(31.5, 29.5)", "(29.5, 27.5)", "(13.5, 78.5)", "(14.5, 75.5)"
og-206, "(31.0, 10.0)", "(29.5, 22.5)", "(29.5, 24.5)", "(16.5, 33.5)", "(17.5, 34.5)"
og-207, "(99.0, 63.0)", "(115.5, 85.5)", "(113.5, 87.5)", "(76.5, 54.5)", "(75.5, 54.5)"
og-208, "(14.0, 70.0)", "(36.5, 49.5)", "(36.5, 47.5)", "(4.5, 48.5)", "(1.5, 52.5)"
og-209, "(10.0, 75.0)", "(29.5, 52.5)", "(30.5, 48.5)", "(34.5, 68.5)", "(34.5, 66.5)"
og-21, "(96.0, 69.0)", "(67.5, 71.5)", "(65.5, 71.5)", "(78.5, 93.5)", "(75.5, 94.5)"
og-210, "(109.0, 34.0)", "(85.5, 37.5)", "(88.5, 36.5)", "(89.5, 28.5)", "(86.5, 29.5)"
og-211, "(18.0, 42.0)", "(2.5, 14.5)", "(3.5, 15.5)", "(13.5, 15.5)", "(16.5, 15.5)"
og-212, "(60.0, 20.0)", "(70.5, 3.5)", "(71.5, 3.5)", "(34.5, 42.5)", "(33.5, 43.5)"
og-213, "(24.0, 89.0)", "(23.5, 67.5)", "(24.5, 69.5)", "(50.5, 110.5)", "(50.5, 111.5)"
og-214, "(62.0, 103.0)", "(35.5, 113.5)", "(36.5, 111.5)", "(84.5, 82.5)", "(84.5, 83.5)"
og-215, "(74.0, 10.0)", "(96.5, 18.5)", "(97.5, 18.5)", "(88.5, 27.5)", "(90.5, 30.5)"
og-216, "(36.0, 102.0)", "(25.5, 89.5)", "(25.5, 85.5)", "(7.5, 87.5)", "(7.5, 86.5)"
og-217, "(56.0, 106.0)", "(56.5, 92.5)", "(54.5, 89.5)", "(78.5, 116.5)", "(79.5, 116.5)"
og-218, "(44.0, 21.0)", "(34.5, 3.5)", "(32.5, 0.5)", "(58.5, 38.5)", "(57.5, 41.5)"
og-219, "(80.0, 12.0)", "(62.5, 37.5)", "(58.5, 40.5)", "(52.5, 18.5)", "(50.5, 18.5)"
og-22, "(17.0, 53.0)", "(42.5, 29.5)", "(42.5, 30.5)", "(7.5, 25.5)", "(6.5, 24.5)"
og-220, "(13.0, 56.0)", "(15.5, 81.5)", "(11.5, 80.5)", "(27.5, 76.5)", "(27.5, 75.5)"
og-221, "(10.0, 61.0)", "(15.5, 45.5)", "(15.5, 47.5)", "(32.5, 80.5)", "(31.5, 79.5)"
og-222, "(25.0, 52.0)", "(0.5, 39.5)", "(4.5, 38.5)", "(11.5, 22.5)", "(10.5, 25.5)"
og-223, "(11.0, 84.0)", "(35.5, 89.5)", "(36.5, 86.5)", "(26.5, 107.5)", "(25.5, 111.5)"
og-224, "(63.0, 12.0)", "(35.5, 21.5)", "(36.5, 21.5)", "(71.5, 33.5)", "(73.5, 33.5)"
og-225, "(23.0, 63.0)", "(16.5, 77.5)", "(15.5, 77.5)", "(41.5, 80.5)", "(43.5, 78.5)"
og-226, "(102.0, 53.0)", "(117.5, 28.5)", "(116.5, 28.5)", "(76.5, 61.5)", "(76.5, 62.5)"
og-227, "(55.0, 17.0)", "(60.5, 32.5)", "(63.5, 36.5)", "(27.5, 23.5)", "(27.5, 25.5)"
og-228, "(97.0, 38.0)", "(87.5, 61.5)", "(87.5, 60.5)", "(98.5, 20.5)", "(99.5, 19.5)"
og-229, "(24.0, 79.0)", "(36.5, 54.5)", "(35.5, 52.5)", "(45.5, 90.5)", "(47.5, 92.5)"
og-23, "(22.0, 40.0)", "(0.5, 34.5)", "(0.5, 30.5)", "(38.5, 17.5)", "(38.5, 21.5)"
og-230, "(98.0, 30.0)", "(103.5, 48.5)", "(103.5, 51.5)", "(84.5, 25.5)", "(81.5, 25.5)"
og-231, "(41.0, 90.0)", "(13.5, 79.5)", "(15.5, 79.5)", "(66.5, 57.5)", "(67.5, 57.5)"
og-232, "(97.0, 36.0)", "(96.5, 48.5)", "(99.5, 49.5)", "(78.5, 3.5)", "(75.5, 6.5)"
og-233, "(75.0, 95.0)", "(50.5, 74.5)", "(51.5, 74.5)", "(71.5, 64.5)", "(71.5, 68.5)"
og-234, "(101.0, 88.0)", "(115.5, 108.5)", "(114.5, 110.5)", "(103.5, 108.5)", "(104.5, 112.5)"
og-235, "(41.0, 17.0)", "(64.5, 3.5)", "(65.5, 3.5)", "(57.5, 9.5)", "(59.5, 11.5)"
og-236, "(72.0, 94.0)", "(90.5, 105.5)", "(91.5, 104.5)", "(58.5, 112.5)", "(56.5, 115.5)"
og-237, "(16.0, 83.0)", "(11.5, 56.5)", "(14.5, 58.5)", "(12.5, 109.5)", "(10.5, 108.5)"
og-238, "(104.0, 72.0)", "(89.5, 58.5)", "(86.5, 57.5)", "(117.5, 46.5)", "(117.5, 47.5)"
og-239, "(19.0, 74.0)", "(1.5, 44.5)", "(0.5, 48.5)", "(36.5, 77.5)", "(36.5, 78.5)"
og-24, "(91.0, 63.0)", "(114.5, 54.5)", "(115.5, 54.5)", "(74.5, 34.5)", "(78.5, 38.5)"
og-240, "(52.0, 91.0)", "(45.5, 61.5)", "(47.5, 59.5)", "(23.5, 112.5)", "(24.5, 112.5)"
og-241, "(101.0, 85.0)", "(107.5, 60.5)", "(107.5, 62.5)", "(109.5, 105.5)", "(111.5, 105.5)"
og-242, "(67.0, 107.0)", "(39.5, 81.5)", "(37.5, 81.5)", "(81.5, 81.5)", "(80.5, 84.5)"
og-243, "(13.0, 84.0)", "(28.5, 78.5)", "(28.5, 76.5)", "(32.5, 83.5)", "(31.5, 82.5)"
og-244, "(69.0, 109.0)", "(90.5, 93.5)", "(91.5, 93.5)", "(91.5, 98.5)", "(92.5, 99.5)"
og-245, "(27.0, 32.0)", "(32.5, 57.5)", "(32.5, 58.5)", "(52.5, 48.5)", "(53.5, 45.5)"
og-246, "(106.0, 79.0)", "(85.5, 82.5)", "(86.5, 82.5)", "(77.5, 74.5)", "(76.5, 73.5)"
og-247, "(34.0, 103.0)", "(59.5, 79.5)", "(61.5, 81.5)", "(58.5, 98.5)", "(55.5, 97.5)"
og-248, "(94.0, 39.0)", "(92.5, 17.5)", "(93.5, 15.5)", "(110.5, 64.5)", "(109.5, 63.5)"
og-249, "(40.0, 98.0)", "(57.5, 68.5)", "(57.5, 70.5)", "(13.5, 90.5)", "(13.5, 92.5)"
og-25, "(24.0, 38.0)", "(2.5, 40.5)", "(1.5, 42.5)", "(11.5, 51.5)", "(12.5, 50.5)"
og-250, "(100.0, 61.0)", "(88.5, 84.5)", "(91.5, 82.5)", "(87.5, 37.5)", "(83.5, 35.5)"
og-251, "(59.0, 17.0)", "(45.5, 39.5)", "(45.5, 43.5)", "(40.5, 2.5)", "(36.5, 0.5)"
og-252, "(15.0, 54.0)", "(1.5, 32.5)", "(3.5, 35.5)", "(34.5, 51.5)", "(33.5, 52.5)"
og-253, "(27.0, 58.0)", "(55.5, 68.5)", "(55.5, 70.5)", "(8.5, 51.5)", "(12.5, 53.5)"
og-254, "(24.0, 86.0)", "(10.5, 62.5)", "(8.5, 61.5)", "(49.5, 80.5)", "(45.5, 80.5)"
og-255, "(28.0, 31.0)", "(0.5, 38.5)", "(1.5, 36.5)", "(44.5, 55.5)", "(45.5, 54.5)"
og-256, "(84.0, 23.0)", "(69.5, 24.5)", "(67.5, 21.5)", "(99.5, 26.5)", "(101.5, 26.5)"
og-257, "(69.0, 24.0)", "(43.5, 18.5)", "(42.5, 20.5)", "(98.5, 48.5)", "(96.5, 48.5)"
og-258, "(56.0, 94.0)", "(76.5, 69.5)", "(72.5, 69.5)", "(84.5, 115.5)", "(83.5, 114.5)"
og-259, "(59.0, 99.0)", "(41.5, 112.5)", "(39.5, 112.5)", "(74.5, 85.5)", "(71.5, 84.5)"
og-26, "(83.0, 108.0)", "(57.5, 80.5)", "(57.5, 82.5)", "(103.5, 100.5)", "(103.5, 104.5)"
og-260, "(107.0, 33.0)", "(81.5, 6.5)", "(79.5, 7.5)", "(93.5, 44.5)", "(93.5, 43.5)"
og-261, "(80.0, 101.0)", "(72.5, 78.5)", "(74.5, 78.5)", "(54.5, 106.5)", "(57.5, 105.5)"
og-262, "(80.0, 25.0)", "(101.5, 4.5)", "(100.5, 7.5)", "(49.5, 15.5)", "(51.5, 17.5)"
og-263, "(108.0, 48.0)", "(94.5, 18.5)", "(96.5, 17.5)", "(84.5, 28.5)", "(80.5, 29.5)"
og-264, "(11.0, 57.0)", "(30.5, 51.5)", "(29.5, 51.5)", "(32.5, 51.5)", "(34.5, 52.5)"
og-265, "(107.0, 87.0)", "(89.5, 73.5)", "(90.5, 75.5)", "(77.5, 77.5)", "(76.5, 79.5)"
og-266, "(105.0, 81.0)", "(101.5, 49.5)", "(105.5, 50.5)", "(96.5, 68.5)", "(99.5, 68.5)"
og-267, "(73.0, 94.0)", "(94.5, 88.5)", "(90.5, 90.5)", "(53.5, 77.5)", "(53.5, 78.5)"
og-268, "(71.0, 101.0)", "(49.5, 96.5)", "(51.5, 97.5)", "(46.5, 95.5)", "(44.5, 95.5)"
og-269, "(70.0, 24.0)", "(41.5, 45.5)", "(42.5, 46.5)", "(42.5, 13.5)", "(45.5, 10.5)"
og-27, "(56.0, 92.0)", "(27.5, 86.5)", "(27.5, 85.5)", "(77.5, 102.5)", "(78.5, 99.5)"
og-270, "(29.0, 20.0)", "(36.5, 41.5)", "(35.5, 44.5)", "(50.5, 17.5)", "(53.5, 17.5)"
og-271, "(24.0, 60.0)", "(7.5, 79.5)", "(9.5, 79.5)", "(4.5, 35.5)", "(1.5, 36.5)"
og-272, "(57.0, 15.0)", "(26.5, 14.5)", "(27.5, 14.5)", "(31.5, 0.5)", "(33.5, 0.5)"
og-273, "(63.0, 18.0)", "(50.5, 23.5)", "(46.5, 21.5)", "(88.5, 12.5)", "(91.5, 8.5)"
og-274, "(103.0, 56.0)", "(88.5, 69.5)", "(90.5, 72.5)", "(88.5, 38.5)", "(91.5, 34.5)"
og-275, "(9.0, 69.0)", "(19.5, 92.5)", "(21.5, 93.5)", "(36.5, 44.5)", "(34.5, 45.5)"
og-276, "(72.0, 19.0)", "(91.5, 43.5)", "(91.5, 44.5)", "(41.5, 26.5)", "(41.5, 27.5)"
og-277, "(79.0, 14.0)", "(78.5, 29.5)", "(79.5, 25.5)", "(53.5, 9.5)", "(55.5, 11.5)"
og-278, "(105.0, 85.0)", "(104.5, 65.5)", "(104.5, 63.5)", "(87.5, 107.5)", "(85.5, 106.5)"
og-279, "(88.0, 22.0)", "(105.5, 6.5)", "(106.5, 6.5)", "(85.5, 45.5)", "(87.5, 43.5)"
og-28, "(24.0, 82.0)", "(14.5, 52.5)", "(13.5, 51.5)", "(1.5, 61.5)", "(1.5, 59.5)"
og-280, "(54.0, 90.0)", "(55.5, 70.5)", "(56.5, 70.5)", "(33.5, 114.5)", "(33.5, 117.5)"
og-281, "(90.0, 32.0)", "(101.5, 2.5)", "(101.5, 3.5)", "(104.5, 50.5)", "(101.5, 52.5)"
og-282, "(101.0, 89.0)", "(117.5, 97.5)", "(116.5, 94.5)", "(107.5, 62.5)", "(107.5, 64.5)"
og-283, "(81.0, 97.0)", "(90.5, 70.5)", "(91.5, 66.5)", "(78.5, 113.5)", "(78.5, 115.5)"
og-284, "(103.0, 84.0)", "(86.5, 76.5)", "(85.5, 75.5)", "(73.5, 85.5)", "(75.5, 85.5)"
og-285, "(90.0, 50.0)", "(66.5, 31.5)", "(67.5, 29.5)", "(97.5, 75.5)", "(98.5, 78.5)"
og-286, "(46.0, 25.0)", "(18.5, 39.5)", "(21.5, 41.5)", "(62.5, 20.5)", "(62.5, 23.5)"
og-287, "(107.0, 43.0)", "(91.5, 39.5)", "(92.5, 35.5)", "(84.5, 47.5)", "(85.5, 48.5)"
og-288, "(101.0, 57.0)", "(75.5, 82.5)", "(77.5, 82.5)", "(87.5, 35.5)", "(90.5, 35.5)"
og-289, "(99.0, 30.0)", "(89.5, 12.5)", "(91.5, 12.5)", "(106.5, 14.5)", "(107.5, 12.5)"
og-29, "(52.0, 95.0)", "(35.5, 83.5)", "(31.5, 86.5)", "(73.5, 93.5)", "(71.5, 94.5)"
og-290, "(94.0, 82.0)", "(77.5, 56.5)", "(77.5, 55.5)", "(107.5, 94.5)", "(106.5, 93.5)"
og-291, "(79.0, 95.0)", "(94.5, 115.5)", "(93.5, 116.5)", "(98.5, 83.5)", "(97.5, 85.5)"
og-292, "(94.0, 73.0)", "(105.5, 62.5)", "(108.5, 64.5)", "(65.5, 75.5)", "(65.5, 78.5)"
og-293, "(33.0, 10.0)", "(54.5, 27.5)", "(55.5, 27.5)", "(37.5, 35.5)", "(40.5, 34.5)"
og-294, "(39.0, 102.0)", "(27.5, 81.5)", "(26.5, 81.5)", "(18.5, 109.5)", "(15.5, 109.5)"
og-295, "(56.0, 90.0)", "(48.5, 112.5)", "(49.5, 112.5)", "(57.5, 111.5)", "(54.5, 115.5)"
og-296, "(32.0, 12.0)", "(54.5, 0.5)", "(56.5, 0.5)", "(11.5, 39.5)", "(7.5, 38.5)"
og-297, "(24.0, 33.0)", "(43.5, 53.5)", "(44.5, 51.5)", "(37.5, 13.5)", "(37.5, 14.5)"
og-298, "(25.0, 72.0)", "(1.5, 63.5)", "(0.5, 61.5)", "(37.5, 90.5)", "(36.5, 89.5)"
og-299, "(21.0, 36.0)", "(4.5, 5.5)", "(4.5, 6.5)", "(45.5, 32.5)", "(45.5, 34.5)"
og-3, "(27.0, 49.0)", "(41.5, 57.5)", "(45.5, 56.5)", "(19.5, 67.5)", "(19.5, 70.5)"
og-30, "(15.0, 73.0)", "(39.5, 65.5)", "(42.5, 65.5)", "(3.5, 55.5)", "(2.5, 51.5)"
og-300, "(82.0, 14.0)", "(88.5, 41.5)", "(89.5, 38.5)", "(59.5, 25.5)", "(58.5, 25.5)"
og-301, "(91.0, 68.0)", "(112.5, 48.5)", "(113.5, 48.5)", "(98.5, 89.5)", "(98.5, 86.5)"
og-302, "(109.0, 34.0)", "(78.5, 42.5)", "(80.5, 44.5)", "(97.5, 7.5)", "(96.5, 8.5)"
og-303, "(81.0, 90.0)", "(52.5, 68.5)", "(50.5, 66.5)", "(60.5, 82.5)", "(59.5, 84.5)"
og-304, "(101.0, 57.0)", "(90.5, 71.5)", "(92.5, 73.5)", "(77.5, 43.5)", "(74.5, 41.5)"
og-305, "(53.0, 109.0)", "(30.5, 94.5)", "(31.5, 95.5)", "(30.5, 106.5)", "(29.5, 110.5)"
og-306, "(80.0, 101.0)", "(103.5, 101.5)", "(104.5, 101.5)", "(105.5, 81.5)", "(107.5, 79.5)"
og-307, "(108.0, 30.0)", "(109.5, 15.5)", "(108.5, 15.5)", "(87.5, 0.5)", "(91.5, 2.5)"
og-308, "(78.0, 12.0)", "(67.5, 31.5)", "(65.5, 30.5)", "(57.5, 7.5)", "(57.5, 6.5)"
og-309, "(31.0, 15.0)", "(15.5, 5.5)", "(15.5, 9.5)", "(1.5, 39.5)", "(2.5, 39.5)"
og-31, "(18.0, 78.0)", "(31.5, 94.5)", "(31.5, 98.5)", "(25.5, 106.5)", "(25.5, 103.5)"
og-310, "(44.0, 15.0)", "(21.5, 29.5)", "(19.5, 28.5)", "(40.5, 39.5)", "(40.5, 41.5)"
og-311, "(64.0, 107.0)", "(40.5, 97.5)", "(43.5, 93.5)", "(81.5, 82.5)", "(82.5, 86.5)"
og-312, "(22.0, 40.0)", "(30.5, 61.5)", "(32.5, 61.5)", "(5.5, 33.5)", "(2.5, 29.5)"
og-313, "(85.0, 28.0)", "(108.5, 21.5)", "(104.5, 21.5)", "(102.5, 56.5)", "(101.5, 53.5)"
og-314, "(59.0, 25.0)", "(28.5, 32.5)", "(29.5, 32.5)", "(38.5, 50.5)", "(37.5, 51.5)"
og-315, "(78.0, 11.0)", "(104.5, 22.5)", "(103.5, 19.5)", "(91.5, 12.5)", "(89.5, 11.5)"
og-316, "(107.0, 30.0)", "(106.5, 55.5)", "(105.5, 54.5)", "(82.5, 7.5)", "(83.5, 7.5)"
og-317, "(103.0, 87.0)", "(92.5, 107.5)", "(90.5, 106.5)", "(100.5, 66.5)", "(99.5, 64.5)"
og-318, "(109.0, 41.0)", "(91.5, 62.5)", "(91.5, 61.5)", "(87.5, 41.5)", "(86.5, 43.5)"
og-319, "(18.0, 84.0)", "(10.5, 105.5)", "(14.5, 108.5)", "(34.5, 77.5)", "(31.5, 77.5)"
og-32, "(46.0, 104.0)", "(62.5, 80.5)", "(63.5, 80.5)", "(43.5, 83.5)", "(42.5, 80.5)"
og-320, "(59.0, 13.0)", "(81.5, 31.5)", "(82.5, 33.5)", "(73.5, 10.5)", "(72.5, 7.5)"
og-321, "(62.0, 15.0)", "(54.5, 40.5)", "(56.5, 39.5)", "(45.5, 38.5)", "(44.5, 37.5)"
og-322, "(71.0, 24.0)", "(84.5, 47.5)", "(83.5, 46.5)", "(47.5, 20.5)", "(45.5, 17.5)"
og-323, "(55.0, 12.0)", "(42.5, 34.5)", "(42.5, 30.5)", "(37.5, 40.5)", "(40.5, 39.5)"
og-324, "(21.0, 73.0)", "(7.5, 60.5)", "(8.5, 60.5)", "(42.5, 80.5)", "(41.5, 81.5)"
og-325, "(27.0, 82.0)", "(21.5, 94.5)", "(20.5, 93.5)", "(25.5, 61.5)", "(24.5, 60.5)"
og-326, "(14.0, 41.0)", "(28.5, 14.5)", "(27.5, 12.5)", "(31.5, 31.5)", "(31.5, 30.5)"
og-327, "(47.0, 16.0)", "(63.5, 32.5)", "(59.5, 31.5)", "(27.5, 42.5)", "(25.5, 44.5)"
og-328, "(45.0, 100.0)", "(46.5, 83.5)", "(46.5, 82.5)", "(46.5, 76.5)", "(49.5, 75.5)"
og-329, "(66.0, 17.0)", "(45.5, 22.5)", "(44.5, 24.5)", "(83.5, 5.5)", "(81.5, 6.5)"
og-33, "(63.0, 106.0)", "(63.5, 84.5)", "(62.5, 87.5)", "(35.5, 92.5)", "(34.5, 95.5)"
og-330, "(52.0, 20.0)", "(35.5, 43.5)", "(35.5, 42.5)", "(22.5, 5.5)", "(24.5, 3.5)"
og-331, "(81.0, 22.0)", "(52.5, 24.5)", "(52.5, 22.5)", "(56.5, 38.5)", "(54.5, 39.5)"
og-332, "(39.0, 106.0)", "(12.5, 106.5)", "(11.5, 107.5)", "(61.5, 113.5)", "(61.5, 115.5)"
og-333, "(61.0, 20.0)", "(66.5, 5.5)", "(65.5, 7.5)", "(79.5, 9.5)", "(78.5, 12.5)"
og-334, "(50.0, 14.0)", "(62.5, 0.5)", "(61.5, 1.5)", "(65.5, 42.5)", "(63.5, 38.5)"
og-335, "(73.0, 92.0)", "(86.5, 87.5)", "(85.5, 84.5)", "(47.5, 115.5)", "(47.5, 113.5)"
og-336, "(79.0, 100.0)", "(70.5, 69.5)", "(71.5, 69.5)", "(74.5, 79.5)", "(76.5, 82.5)"
og-337, "(34.0, 26.0)", "(15.5, 42.5)", "(14.5, 41.5)", "(61.5, 18.5)", "(58.5, 19.5)"
og-338, "(85.0, 95.0)", "(104.5, 103.5)", "(105.5, 100.5)", "(97.5, 76.5)", "(97.5, 74.5)"
og-339, "(19.0, 35.0)", "(17.5, 49.5)", "(16.5, 49.5)", "(13.5, 10.5)", "(13.5, 11.5)"
og-34, "(80.0, 108.0)", "(56.5, 115.5)", "(57.5, 116.5)", "(48.5, 100.5)", "(51.5, 100.5)"
og-340, "(98.0, 53.0)", "(86.5, 74.5)", "(88.5, 75.5)", "(103.5, 21.5)", "(101.5, 22.5)"
og-341, "(88.0, 109.0)", "(69.5, 104.5)", "(72.5, 105.5)", "(103.5, 106.5)", "(101.5, 102.5)"
og-342, "(90.0, 76.0)", "(115.5, 79.5)", "(115.5, 78.5)", "(114.5, 96.5)", "(114.5, 98.5)"
og-343, "(17.0, 75.0)", "(27.5, 43.5)", "(24.5, 43.5)", "(23.5, 89.5)", "(20.5, 89.5)"
og-344, "(53.0, 9.0)", "(79.5, 17.5)", "(79.5, 18.5)", "(34.5, 36.5)", "(35.5, 32.5)"
og-345, "(107.0, 75.0)", "(106.5, 61.5)", "(106.5, 62.5)", "(99.5, 93.5)", "(99.5, 90.5)"
og-346, "(41.0, 92.0)", "(13.5, 60.5)", "(14.5, 63.5)", "(53.5, 64.5)", "(49.5, 61.5)"
og-347, "(94.0, 29.0)", "(69.5, 36.5)", "(67.5, 37.5)", "(74.5, 12.5)", "(73.5, 14.5)"
og-348, "(28.0, 48.0)", "(19.5, 65.5)", "(16.5, 68.5)", "(3.5, 18.5)", "(4.5, 17.5)"
og-349, "(90.0, 97.0)", "(113.5, 95.5)", "(116.5, 96.5)", "(116.5, 90.5)", "(114.5, 92.5)"
og-35, "(91.0, 39.0)", "(92.5, 63.5)", "(92.5, 64.5)", "(107.5, 12.5)", "(106.5, 13.5)"
og-350, "(22.0, 53.0)", "(46.5, 55.5)", "(44.5, 57.5)", "(38.5, 76.5)", "(40.5, 73.5)"
og-351, "(30.0, 22.0)", "(0.5, 33.5)", "(1.5, 33.5)", "(28.5, 1.5)", "(28.5, 2.5)"
og-352, "(103.0, 29.0)", "(111.5, 47.5)", "(108.5, 48.5)", "(110.5, 3.5)", "(110.5, 4.5)"
og-353, "(109.0, 70.0)", "(81.5, 75.5)", "(81.5, 78.5)", "(110.5, 82.5)", "(112.5, 84.5)"
og-354, "(49.0, 26.0)", "(65.5, 42.5)", "(67.5, 41.5)", "(41.5, 5.5)", "(41.5, 3.5)"
og-355, "(21.0, 31.0)", "(8.5, 55.5)", "(8.5, 58.5)", "(16.5, 48.5)", "(19.5, 49.5)"
og-356, "(49.0, 92.0)", "(67.5, 68.5)", "(68.5, 64.5)", "(22.5, 86.5)", "(23.5, 86.5)"
og-357, "(102.0, 53.0)", "(102.5, 26.5)", "(103.5, 25.5)", "(105.5, 38.5)", "(107.5, 39.5)"
og-358, "(97.0, 37.0)", "(114.5, 32.5)", "(113.5, 30.5)", "(95.5, 61.5)", "(96.5, 63.5)"
og-359, "(37.0, 21.0)", "(60.5, 35.5)", "(62.5, 35.5)", "(58.5, 24.5)", "(58.5, 27.5)"
og-36, "(94.0, 44.0)", "(67.5, 69.5)", "(66.5, 72.5)", "(84.5, 17.5)", "(84.5, 18.5)"
og-360, "(22.0, 55.0)", "(33.5, 80.5)", "(34.5, 77.5)", "(27.5, 74.5)", "(28.5, 72.5)"
og-361, "(91.0, 44.0)", "(63.5, 53.5)", "(64.5, 53.5)", "(70.5, 19.5)", "(72.5, 16.5)"
og-362, "(50.0, 19.0)", "(60.5, 43.5)", "(64.5, 43.5)", "(25.5, 1.5)", "(22.5, 4.5)"
og-363, "(102.0, 87.0)", "(70.5, 107.5)", "(73.5, 108.5)", "(96.5, 109.5)", "(96.5, 106.5)"
og-364, "(79.0, 11.0)", "(70.5, 39.5)", "(66.5, 38.5)", "(61.5, 31.5)", "(63.5, 34.5)"
og-365, "(88.0, 106.0)", "(105.5, 107.5)", "(101.5, 105.5)", "(106.5, 116.5)", "(108.5, 117.5)"
og-366, "(45.0, 23.0)", "(24.5, 46.5)", "(21.5, 48.5)", "(64.5, 36.5)", "(63.5, 35.5)"
og-367, "(48.0, 90.0)", "(54.5, 70.5)", "(52.5, 73.5)", "(16.5, 109.5)", "(17.5, 108.5)"
og-368, "(95.0, 68.0)", "(65.5, 53.5)", "(66.5, 53.5)", "(96.5, 47.5)", "(97.5, 45.5)"
og-369, "(92.0, 45.0)", "(107.5, 55.5)", "(105.5, 53.5)", "(104.5, 21.5)", "(101.5, 21.5)"
og-37, "(41.0, 10.0)", "(65.5, 12.5)", "(61.5, 11.5)", "(21.5, 2.5)", "(23.5, 6.5)"
og-370, "(9.0, 31.0)", "(31.5, 30.5)", "(29.5, 30.5)", "(28.5, 52.5)", "(27.5, 54.5)"
og-371, "(15.0, 81.0)", "(23.5, 97.5)", "(21.5, 96.5)", "(26.5, 79.5)", "(28.5, 78.5)"
og-372, "(75.0, 102.0)", "(89.5, 83.5)", "(91.5, 86.5)", "(78.5, 76.5)", "(77.5, 79.5)"
og-373, "(73.0, 105.0)", "(85.5, 107.5)", "(85.5, 106.5)", "(80.5, 76.5)", "(79.5, 77.5)"
og-374, "(34.0, 104.0)", "(21.5, 77.5)", "(22.5, 78.5)", "(12.5, 112.5)", "(10.5, 108.5)"
og-375, "(103.0, 76.0)", "(74.5, 61.5)", "(71.5, 60.5)", "(100.5, 60.5)", "(99.5, 60.5)"
og-376, "(25.0, 63.0)", "(43.5, 37.5)", "(41.5, 40.5)", "(4.5, 58.5)", "(6.5, 56.5)"
og-377, "(107.0, 70.0)", "(77.5, 62.5)", "(79.5, 61.5)", "(105.5, 46.5)", "(105.5, 48.5)"
og-378, "(97.0, 55.0)", "(76.5, 84.5)", "(73.5, 80.5)", "(115.5, 47.5)", "(112.5, 48.5)"
og-379, "(43.0, 95.0)", "(54.5, 79.5)", "(56.5, 80.5)", "(17.5, 100.5)", "(21.5, 97.5)"
og-38, "(89.0, 108.0)", "(111.5, 104.5)", "(111.5, 103.5)", "(115.5, 92.5)", "(114.5, 89.5)"
og-380, "(19.0, 60.0)", "(13.5, 82.5)", "(11.5, 84.5)", "(47.5, 58.5)", "(46.5, 58.5)"
og-381, "(89.0, 15.0)", "(93.5, 39.5)", "(96.5, 38.5)", "(64.5, 29.5)", "(66.5, 29.5)"
og-382, "(81.0, 19.0)", "(58.5, 29.5)", "(55.5, 32.5)", "(57.5, 4.5)", "(57.5, 1.5)"
og-383, "(106.0, 57.0)", "(77.5, 61.5)", "(77.5, 59.5)", "(100.5, 38.5)", "(100.5, 36.5)"
og-384, "(107.0, 79.0)", "(75.5, 93.5)", "(78.5, 95.5)", "(107.5, 52.5)", "(107.5, 54.5)"
og-385, "(41.0, 94.0)", "(64.5, 114.5)", "(63.5, 113.5)", "(43.5, 64.5)", "(42.5, 66.5)"
og-386, "(102.0, 62.0)", "(115.5, 36.5)", "(114.5, 37.5)", "(73.5, 58.5)", "(70.5, 61.5)"
og-387, "(105.0, 39.0)", "(108.5, 7.5)", "(111.5, 6.5)", "(112.5, 14.5)", "(115.5, 18.5)"
og-388, "(42.0, 99.0)", "(54.5, 112.5)", "(56.5, 116.5)", "(54.5, 72.5)", "(55.5, 74.5)"
og-389, "(104.0, 77.0)", "(84.5, 79.5)", "(85.5, 79.5)", "(78.5, 65.5)", "(79.5, 62.5)"
og-39, "(48.0, 17.0)", "(29.5, 45.5)", "(28.5, 44.5)", "(36.5, 2.5)", "(37.5, 0.5)"
og-390, "(9.0, 64.0)", "(22.5, 33.5)", "(22.5, 35.5)", "(17.5, 86.5)", "(20.5, 87.5)"
og-391, "(43.0, 100.0)", "(44.5, 84.5)", "(46.5, 83.5)", "(39.5, 73.5)", "(42.5, 74.5)"
og-392, "(69.0, 95.0)", "(87.5, 80.5)", "(85.5, 80.5)", "(90.5, 107.5)", "(89.5, 109.5)"
og-393, "(86.0, 97.0)", "(61.5, 96.5)", "(61.5, 98.5)", "(96.5, 112.5)", "(95.5, 111.5)"
og-394, "(71.0, 9.0)", "(94.5, 13.5)", "(96.5, 13.5)", "(93.5, 10.5)", "(94.5, 9.5)"
og-395, "(34.0, 90.0)", "(43.5, 102.5)", "(39.5, 105.5)", "(23.5, 58.5)", "(24.5, 59.5)"
og-396, "(21.0, 77.0)", "(42.5, 98.5)", "(41.5, 99.5)", "(0.5, 74.5)", "(1.5, 78.5)"
og-397, "(106.0, 58.0)", "(105.5, 29.5)", "(103.5, 31.5)", "(83.5, 33.5)", "(84.5, 32.5)"
og-398, "(50.0, 102.0)", "(74.5, 116.5)", "(77.5, 116.5)", "(34.5, 80.5)", "(33.5, 80.5)"
og-399, "(103.0, 62.0)", "(86.5, 47.5)", "(85.5, 47.5)", "(116.5, 36.5)", "(115.5, 36.5)"
og-4, "(48.0, 15.0)", "(19.5, 36.5)", "(20.5, 36.5)", "(72.5, 9.5)", "(74.5, 12.5)"
og-40, "(47.0, 17.0)", "(30.5, 17.5)", "(29.5, 20.5)", "(14.5, 35.5)", "(17.5, 35.5)"
og-400, "(74.0, 17.0)", "(47.5, 27.5)", "(48.5, 27.5)", "(96.5, 11.5)", "(94.5, 14.5)"
og-401, "(79.0, 22.0)", "(86.5, 47.5)", "(82.5, 46.5)", "(63.5, 16.5)", "(60.5, 18.5)"
og-402, "(104.0, 76.0)", "(103.5, 51.5)", "(101.5, 51.5)", "(108.5, 103.5)", "(108.5, 102.5)"
og-403, "(90.0, 67.0)", "(114.5, 94.5)", "(115.5, 91.5)", "(92.5, 48.5)", "(92.5, 46.5)"
og-404, "(100.0, 81.0)", "(78.5, 80.5)", "(79.5, 82.5)", "(102.5, 96.5)", "(101.5, 97.5)"
og-405, "(67.0, 9.0)", "(38.5, 37.5)", "(38.5, 33.5)", "(39.5, 10.5)", "(39.5, 8.5)"
og-406, "(85.0, 101.0)", "(105.5, 89.5)", "(104.5, 89.5)", "(113.5, 93.5)", "(109.5, 96.5)"
og-407, "(20.0, 54.0)", "(43.5, 56.5)", "(44.5, 54.5)", "(25.5, 71.5)", "(23.5, 72.5)"
og-408, "(72.0, 96.0)", "(42.5, 104.5)", "(41.5, 101.5)", "(93.5, 100.5)", "(96.5, 100.5)"
og-409, "(27.0, 72.0)", "(42.5, 67.5)", "(40.5, 64.5)", "(3.5, 54.5)", "(7.5, 54.5)"
og-41, "(100.0, 87.0)", "(70.5, 78.5)", "(71.5, 77.5)", "(109.5, 108.5)", "(110.5, 105.5)"
og-410, "(10.0, 35.0)", "(6.5, 50.5)", "(8.5, 53.5)", "(34.5, 17.5)", "(34.5, 14.5)"
og-411, "(15.0, 56.0)", "(7.5, 81.5)", "(5.5, 79.5)", "(32.5, 78.5)", "(35.5, 78.5)"
og-412, "(101.0, 34.0)", "(79.5, 59.5)", "(79.5, 58.5)", "(85.5, 56.5)", "(85.5, 59.5)"
og-413, "(106.0, 31.0)", "(84.5, 48.5)", "(84.5, 49.5)", "(90.5, 2.5)", "(89.5, 1.5)"
og-414, "(77.0, 100.0)", "(74.5, 82.5)", "(73.5, 84.5)", "(95.5, 86.5)", "(94.5, 86.5)"
og-415, "(23.0, 45.0)", "(2.5, 67.5)", "(1.5, 68.5)", "(50.5, 58.5)", "(48.5, 60.5)"
og-416, "(33.0, 96.0)", "(59.5, 66.5)", "(57.5, 67.5)", "(51.5, 69.5)", "(54.5, 71.5)"
og-417, "(20.0, 73.0)", "(37.5, 46.5)", "(39.5, 48.5)", "(38.5, 79.5)", "(37.5, 78.5)"
og-418, "(21.0, 73.0)", "(47.5, 76.5)", "(48.5, 74.5)", "(29.5, 99.5)", "(29.5, 100.5)"
og-419, "(31.0, 106.0)", "(2.5, 111.5)", "(2.5, 112.5)", "(58.5, 82.5)", "(58.5, 83.5)"
og-42, "(98.0, 44.0)", "(95.5, 69.5)", "(97.5, 68.5)", "(79.5, 33.5)", "(81.5, 35.5)"
og-420, "(60.0, 18.0)", "(81.5, 45.5)", "(81.5, 42.5)", "(81.5, 19.5)", "(83.5, 17.5)"
og-421, "(32.0, 25.0)", "(41.5, 54.5)", "(40.5, 52.5)", "(58.5, 5.5)", "(56.5, 5.5)"
og-422, "(20.0, 63.0)", "(41.5, 42.5)", "(45.5, 40.5)", "(16.5, 86.5)", "(16.5, 83.5)"
og-423, "(51.0, 28.0)", "(28.5, 50.5)", "(29.5, 51.5)", "(71.5, 17.5)", "(70.5, 17.5)"
og-424, "(19.0, 74.0)", "(39.5, 94.5)", "(39.5, 93.5)", "(47.5, 45.5)", "(43.5, 45.5)"
og-425, "(15.0, 42.0)", "(41.5, 43.5)", "(41.5, 45.5)", "(35.5, 56.5)", "(34.5, 55.5)"
og-426, "(9.0, 79.0)", "(16.5, 104.5)", "(17.5, 102.5)", "(12.5, 104.5)", "(11.5, 107.5)"
og-427, "(81.0, 10.0)", "(83.5, 27.5)", "(82.5, 27.5)", "(106.5, 14.5)", "(104.5, 13.5)"
og-428, "(105.0, 73.0)", "(107.5, 100.5)", "(105.5, 100.5)", "(78.5, 45.5)", "(77.5, 49.5)"
og-429, "(63.0, 21.0)", "(87.5, 32.5)", "(87.5, 35.5)", "(42.5, 5.5)", "(44.5, 5.5)"
og-43, "(25.0, 35.0)", "(49.5, 12.5)", "(49.5, 13.5)", "(47.5, 60.5)", "(46.5, 60.5)"
og-430, "(36.0, 12.0)", "(27.5, 27.5)", "(24.5, 27.5)", "(21.5, 4.5)", "(22.5, 2.5)"
og-431, "(17.0, 45.0)", "(35.5, 35.5)", "(34.5, 35.5)", "(38.5, 22.5)", "(36.5, 25.5)"
og-432, "(19.0, 31.0)", "(0.5, 5.5)", "(1.5, 6.5)", "(28.5, 12.5)", "(29.5, 12.5)"
og-433, "(48.0, 25.0)", "(70.5, 33.5)", "(72.5, 33.5)", "(20.5, 35.5)", "(22.5, 38.5)"
og-434, "(66.0, 97.0)", "(54.5, 112.5)", "(56.5, 114.5)", "(74.5, 71.5)", "(75.5, 72.5)"
og-435, "(99.0, 49.0)", "(117.5, 63.5)", "(115.5, 65.5)", "(72.5, 75.5)", "(70.5, 75.5)"
og-436, "(55.0, 96.0)", "(31.5, 69.5)", "(30.5, 70.5)", "(76.5, 94.5)", "(77.5, 96.5)"
og-437, "(99.0, 52.0)", "(71.5, 69.5)", "(72.5, 66.5)", "(92.5, 19.5)", "(92.5, 21.5)"
og-438, "(23.0, 29.0)", "(21.5, 50.5)", "(20.5, 51.5)", "(33.5, 4.5)", "(34.5, 1.5)"
og-439, "(31.0, 24.0)", "(47.5, 50.5)", "(43.5, 49.5)", "(56.5, 35.5)", "(57.5, 37.5)"
og-44, "(52.0, 13.0)", "(58.5, 38.5)", "(58.5, 37.5)", "(44.5, 39.5)", "(45.5, 40.5)"
og-440, "(19.0, 81.0)", "(43.5, 83.5)", "(46.5, 87.5)", "(43.5, 94.5)", "(43.5, 96.5)"
og-441, "(12.0, 45.0)", "(0.5, 16.5)", "(0.5, 17.5)", "(16.5, 71.5)", "(16.5, 74.5)"
og-442, "(34.0, 22.0)", "(52.5, 13.5)", "(51.5, 12.5)", "(40.5, 1.5)", "(38.5, 2.5)"
og-443, "(67.0, 99.0)", "(46.5, 100.5)", "(46.5, 99.5)", "(55.5, 77.5)", "(54.5, 79.5)"
og-444, "(89.0, 105.0)", "(84.5, 82.5)", "(84.5, 80.5)", "(106.5, 100.5)", "(111.5, 96.5)"
og-445, "(92.0, 45.0)", "(77.5, 59.5)", "(77.5, 58.5)", "(69.5, 44.5)", "(67.5, 46.5)"
og-446, "(56.0, 24.0)", "(84.5, 23.5)", "(85.5, 22.5)", "(83.5, 13.5)", "(82.5, 14.5)"
og-447, "(23.0, 43.0)", "(35.5, 19.5)", "(36.5, 20.5)", "(2.5, 65.5)", "(5.5, 66.5)"
og-448, "(95.0, 32.0)", "(106.5, 14.5)", "(106.5, 13.5)", "(106.5, 49.5)", "(106.5, 50.5)"
og-449, "(87.0, 97.0)", "(112.5, 80.5)", "(110.5, 81.5)", "(65.5, 107.5)", "(64.5, 104.5)"
og-45, "(60.0, 107.0)", "(29.5, 104.5)", "(30.5, 106.5)", "(44.5, 75.5)", "(44.5, 76.5)"
og-450, "(41.0, 13.0)", "(8.5, 21.5)", "(12.5, 21.5)", "(11.5, 14.5)", "(12.5, 11.5)"
og-451, "(55.0, 107.0)", "(37.5, 91.5)", "(39.5, 91.5)", "(29.5, 99.5)", "(29.5, 100.5)"
og-452, "(96.0, 65.0)", "(80.5, 80.5)", "(81.5, 79.5)", "(69.5, 86.5)", "(65.5, 87.5)"
og-453, "(22.0, 32.0)", "(2.5, 8.5)", "(4.5, 8.5)", "(2.5, 50.5)", "(6.5, 46.5)"
og-454, "(73.0, 93.0)", "(93.5, 71.5)", "(95.5, 70.5)", "(96.5, 110.5)", "(99.5, 109.5)"
og-455, "(13.0, 67.0)", "(40.5, 68.5)", "(38.5, 71.5)", "(27.5, 35.5)", "(28.5, 36.5)"
og-456, "(15.0, 31.0)", "(24.5, 4.5)", "(21.5, 1.5)", "(18.5, 1.5)", "(18.5, 4.5)"
og-457, "(76.0, 15.0)", "(87.5, 37.5)", "(88.5, 36.5)", "(83.5, 30.5)", "(82.5, 30.5)"
og-458, "(31.0, 90.0)", "(26.5, 59.5)", "(23.5, 60.5)", "(38.5, 107.5)", "(36.5, 108.5)"
og-459, "(94.0, 37.0)", "(74.5, 41.5)", "(73.5, 41.5)", "(69.5, 16.5)", "(69.5, 20.5)"
og-46, "(36.0, 109.0)", "(56.5, 107.5)", "(55.5, 105.5)", "(10.5, 99.5)", "(7.5, 98.5)"
og-460, "(104.0, 83.0)", "(88.5, 106.5)", "(90.5, 103.5)", "(83.5, 91.5)", "(86.5, 92.5)"
og-461, "(21.0, 29.0)", "(42.5, 48.5)", "(44.5, 48.5)", "(44.5, 52.5)", "(44.5, 55.5)"
og-462, "(103.0, 80.0)", "(79.5, 79.5)", "(79.5, 78.5)", "(117.5, 55.5)", "(114.5, 55.5)"
og-463, "(70.0, 99.0)", "(55.5, 94.5)", "(53.5, 96.5)", "(38.5, 84.5)", "(37.5, 80.5)"
og-464, "(105.0, 55.0)", "(102.5, 32.5)", "(103.5, 36.5)", "(79.5, 26.5)", "(77.5, 27.5)"
og-465, "(81.0, 99.0)", "(108.5, 82.5)", "(106.5, 84.5)", "(103.5, 85.5)", "(103.5, 84.5)"
og-466, "(87.0, 20.0)", "(113.5, 49.5)", "(112.5, 49.5)", "(61.5, 14.5)", "(62.5, 13.5)"
og-467, "(61.0, 11.0)", "(38.5, 30.5)", "(37.5, 28.5)", "(52.5, 32.5)", "(48.5, 34.5)"
og-468, "(90.0, 99.0)", "(63.5, 87.5)", "(63.5, 89.5)", "(78.5, 86.5)", "(81.5, 83.5)"
og-469, "(31.0, 102.0)", "(54.5, 100.5)", "(53.5, 103.5)", "(53.5, 114.5)", "(51.5, 113.5)"
og-47, "(34.0, 100.0)", "(5.5, 96.5)", "(6.5, 97.5)", "(56.5, 85.5)", "(57.5, 86.5)"
og-470, "(86.0, 21.0)", "(74.5, 1.5)", "(77.5, 2.5)", "(60.5, 7.5)", "(61.5, 9.5)"
og-471, "(103.0, 34.0)", "(75.5, 7.5)", "(74.5, 5.5)", "(117.5, 25.5)", "(114.5, 24.5)"
og-472, "(53.0, 94.0)", "(78.5, 77.5)", "(78.5, 79.5)", "(75.5, 68.5)", "(74.5, 70.5)"
og-473, "(103.0, 35.0)", "(89.5, 17.5)", "(88.5, 15.5)", "(100.5, 58.5)", "(98.5, 61.5)"
og-474, "(59.0, 107.0)", "(72.5, 114.5)", "(71.5, 115.5)", "(45.5, 101.5)", "(44.5, 100.5)"
og-475, "(66.0, 107.0)", "(61.5, 89.5)", "(63.5, 90.5)", "(53.5, 79.5)", "(50.5, 79.5)"
og-476, "(17.0, 38.0)", "(21.5, 62.5)", "(18.5, 63.5)", "(0.5, 7.5)", "(0.5, 9.5)"
og-477, "(76.0, 18.0)", "(91.5, 7.5)", "(88.5, 10.5)", "(75.5, 37.5)", "(72.5, 36.5)"
og-478, "(93.0, 88.0)", "(104.5, 63.5)", "(105.5, 65.5)", "(112.5, 107.5)", "(112.5, 104.5)"
og-479, "(83.0, 25.0)", "(62.5, 16.5)", "(61.5, 14.5)", "(104.5, 20.5)", "(104.5, 19.5)"
og-48, "(80.0, 93.0)", "(89.5, 116.5)", "(89.5, 113.5)", "(99.5, 86.5)", "(98.5, 87.5)"
og-480, "(60.0, 97.0)", "(29.5, 94.5)", "(31.5, 94.5)", "(62.5, 114.5)", "(64.5, 112.5)"
og-481, "(102.0, 85.0)", "(114.5, 60.5)", "(113.5, 62.5)", "(86.5, 104.5)", "(86.5, 103.5)"
og-482, "(84.0, 18.0)", "(101.5, 22.5)", "(103.5, 22.5)", "(77.5, 42.5)", "(78.5, 41.5)"
og-483, "(83.0, 94.0)", "(62.5, 110.5)", "(58.5, 110.5)", "(94.5, 108.5)", "(98.5, 108.5)"
og-484, "(50.0, 24.0)", "(33.5, 7.5)", "(32.5, 8.5)", "(78.5, 20.5)", "(74.5, 20.5)"
og-485, "(26.0, 83.0)", "(19.5, 108.5)", "(20.5, 108.5)", "(22.5, 69.5)", "(18.5, 66.5)"
og-486, "(10.0, 37.0)", "(34.5, 35.5)", "(34.5, 36.5)", "(31.5, 51.5)", "(29.5, 55.5)"
og-487, "(48.0, 25.0)", "(46.5, 46.5)", "(46.5, 45.5)", "(49.5, 1.5)", "(48.5, 0.5)"
og-488, "(10.0, 85.0)", "(6.5, 113.5)", "(5.5, 113.5)", "(35.5, 61.5)", "(37.5, 62.5)"
og-489, "(17.0, 54.0)", "(10.5, 72.5)", "(10.5, 73.5)", "(0.5, 73.5)", "(1.5, 76.5)"
og-49, "(96.0, 31.0)", "(76.5, 44.5)", "(75.5, 45.5)", "(92.5, 5.5)", "(89.5, 2.5)"
og-490, "(64.0, 13.0)", "(49.5, 35.5)", "(49.5, 37.5)", "(61.5, 34.5)", "(59.5, 34.5)"
og-491, "(82.0, 25.0)", "(101.5, 38.5)", "(99.5, 37.5)", "(59.5, 29.5)", "(60.5, 29.5)"
og-492, "(34.0, 108.0)", "(61.5, 117.5)", "(62.5, 114.5)", "(4.5, 109.5)", "(5.5, 108.5)"
og-493, "(106.0, 42.0)", "(78.5, 36.5)", "(77.5, 35.5)", "(94.5, 14.5)", "(93.5, 11.5)"
og-494, "(108.0, 65.0)", "(104.5, 38.5)", "(105.5, 40.5)", "(81.5, 47.5)", "(84.5, 49.5)"
og-495, "(35.0, 16.0)", "(3.5, 29.5)", "(2.5, 27.5)", "(41.5, 30.5)", "(39.5, 32.5)"
og-496, "(29.0, 14.0)", "(44.5, 28.5)", "(45.5, 28.5)", "(42.5, 42.5)", "(44.5, 39.5)"
og-497, "(67.0, 14.0)", "(46.5, 3.5)", "(45.5, 3.5)", "(89.5, 19.5)", "(91.5, 18.5)"
og-498, "(20.0, 47.0)", "(0.5, 65.5)", "(0.5, 66.5)", "(6.5, 21.5)", "(8.5, 19.5)"
og-499, "(13.0, 47.0)", "(16.5, 71.5)", "(15.5, 72.5)", "(31.5, 33.5)", "(29.5, 34.5)"
og-5, "(104.0, 29.0)", "(78.5, 25.5)", "(76.5, 22.5)", "(79.5, 9.5)", "(77.5, 11.5)"
og-50, "(40.0, 108.0)", "(41.5, 92.5)", "(41.5, 91.5)", "(59.5, 80.5)", "(55.5, 82.5)"
og-500, "(46.0, 90.0)", "(65.5, 73.5)", "(63.5, 76.5)", "(45.5, 106.5)", "(45.5, 104.5)"
og-501, "(12.0, 59.0)", "(14.5, 83.5)", "(16.5, 83.5)", "(27.5, 83.5)", "(25.5, 83.5)"
og-502, "(14.0, 62.0)", "(32.5, 45.5)", "(35.5, 44.5)", "(10.5, 87.5)", "(7.5, 88.5)"
og-503, "(92.0, 55.0)", "(89.5, 39.5)", "(89.5, 38.5)", "(103.5, 82.5)", "(103.5, 83.5)"
og-504, "(93.0, 89.0)", "(62.5, 97.5)", "(65.5, 97.5)", "(107.5, 87.5)", "(104.5, 85.5)"
og-505, "(74.0, 104.0)", "(86.5, 90.5)", "(87.5, 93.5)", "(93.5, 91.5)", "(95.5, 93.5)"
og-506, "(45.0, 21.0)", "(29.5, 20.5)", "(32.5, 18.5)", "(48.5, 46.5)", "(47.5, 47.5)"
og-507, "(39.0, 16.0)", "(64.5, 37.5)", "(62.5, 38.5)", "(23.5, 41.5)", "(21.5, 40.5)"
og-508, "(44.0, 109.0)", "(45.5, 80.5)", "(47.5, 79.5)", "(56.5, 79.5)", "(56.5, 81.5)"
og-509, "(62.0, 93.0)", "(37.5, 81.5)", "(34.5, 81.5)", "(33.5, 96.5)", "(34.5, 96.5)"
og-51, "(100.0, 57.0)", "(113.5, 29.5)", "(116.5, 32.5)", "(71.5, 46.5)", "(70.5, 46.5)"
og-510, "(92.0, 77.0)", "(66.5, 73.5)", "(69.5, 73.5)", "(105.5, 96.5)", "(104.5, 97.5)"
og-511, "(48.0, 14.0)", "(61.5, 34.5)", "(62.5, 37.5)", "(20.5, 12.5)", "(21.5, 9.5)"
og-512, "(22.0, 69.0)", "(44.5, 61.5)", "(42.5, 60.5)", "(13.5, 88.5)", "(12.5, 87.5)"
og-513, "(80.0, 18.0)", "(51.5, 5.5)", "(53.5, 3.5)", "(61.5, 23.5)", "(61.5, 24.5)"
og-514, "(35.0, 100.0)", "(56.5, 116.5)", "(55.5, 115.5)", "(62.5, 77.5)", "(62.5, 76.5)"
og-515, "(80.0, 11.0)", "(93.5, 32.5)", "(93.5, 35.5)", "(60.5, 20.5)", "(59.5, 19.5)"
og-516, "(51.0, 24.0)", "(51.5, 42.5)", "(53.5, 41.5)", "(30.5, 0.5)", "(28.5, 1.5)"
og-517, "(62.0, 105.0)", "(43.5, 78.5)", "(42.5, 77.5)", "(47.5, 76.5)", "(46.5, 76.5)"
og-518, "(73.0, 17.0)", "(92.5, 10.5)", "(88.5, 9.5)", "(92.5, 43.5)", "(91.5, 43.5)"
og-519, "(18.0, 52.0)", "(35.5, 30.5)", "(36.5, 27.5)", "(36.5, 75.5)", "(38.5, 74.5)"
og-52, "(14.0, 80.0)", "(35.5, 57.5)", "(37.5, 58.5)", "(22.5, 104.5)", "(23.5, 102.5)"
og-520, "(13.0, 71.0)", "(40.5, 73.5)", "(38.5, 70.5)", "(36.5, 55.5)", "(36.5, 58.5)"
og-521, "(101.0, 50.0)", "(79.5, 38.5)", "(79.5, 37.5)", "(83.5, 74.5)", "(85.5, 76.5)"
og-522, "(46.0, 18.0)", "(53.5, 38.5)", "(55.5, 39.5)", "(61.5, 3.5)", "(60.5, 4.5)"
og-523, "(14.0, 87.0)", "(31.5, 88.5)", "(34.5, 85.5)", "(14.5, 66.5)", "(17.5, 63.5)"
og-524, "(93.0, 74.0)", "(106.5, 57.5)", "(105.5, 54.5)", "(103.5, 97.5)", "(102.5, 94.5)"
og-525, "(65.0, 28.0)", "(93.5, 5.5)", "(95.5, 2.5)", "(83.5, 29.5)", "(84.5, 28.5)"
og-526, "(95.0, 36.0)", "(80.5, 4.5)", "(83.5, 7.5)", "(72.5, 40.5)", "(69.5, 40.5)"
og-527, "(9.0, 47.0)", "(1.5, 62.5)", "(0.5, 60.5)", "(1.5, 30.5)", "(0.5, 30.5)"
og-528, "(27.0, 76.0)", "(42.5, 51.5)", "(40.5, 53.5)", "(1.5, 78.5)", "(1.5, 80.5)"
og-529, "(55.0, 14.0)", "(76.5, 20.5)", "(78.5, 18.5)", "(78.5, 28.5)", "(80.5, 28.5)"
og-53, "(48.0, 21.0)", "(72.5, 35.5)", "(72.5, 34.5)", "(28.5, 35.5)", "(27.5, 34.5)"
og-530, "(14.0, 49.0)", "(22.5, 75.5)", "(18.5, 75.5)", "(25.5, 62.5)", "(26.5, 62.5)"
og-531, "(82.0, 92.0)", "(75.5, 117.5)", "(75.5, 116.5)", "(50.5, 85.5)", "(51.5, 86.5)"
og-532, "(93.0, 79.0)", "(108.5, 51.5)", "(109.5, 48.5)", "(114.5, 57.5)", "(111.5, 57.5)"
og-533, "(26.0, 68.0)", "(47.5, 71.5)", "(43.5, 70.5)", "(40.5, 79.5)", "(40.5, 75.5)"
og-534, "(68.0, 23.0)", "(49.5, 43.5)", "(50.5, 42.5)", "(76.5, 6.5)", "(77.5, 8.5)"
og-535, "(82.0, 104.0)", "(70.5, 79.5)", "(72.5, 78.5)", "(59.5, 98.5)", "(56.5, 98.5)"
og-536, "(99.0, 87.0)", "(114.5, 82.5)", "(114.5, 83.5)", "(83.5, 63.5)", "(82.5, 65.5)"
og-537, "(26.0, 82.0)", "(1.5, 105.5)", "(0.5, 103.5)", "(44.5, 87.5)", "(47.5, 87.5)"
og-538, "(21.0, 49.0)", "(14.5, 25.5)", "(16.5, 25.5)", "(23.5, 64.5)", "(23.5, 66.5)"
og-539, "(41.0, 20.0)", "(44.5, 44.5)", "(45.5, 42.5)", "(55.5, 25.5)", "(55.5, 22.5)"
og-54, "(25.0, 82.0)", "(53.5, 70.5)", "(53.5, 71.5)", "(0.5, 81.5)", "(3.5, 79.5)"
og-540, "(56.0, 28.0)", "(31.5, 37.5)", "(34.5, 38.5)", "(75.5, 5.5)", "(75.5, 6.5)"
og-541, "(26.0, 52.0)", "(47.5, 58.5)", "(45.5, 58.5)", "(48.5, 29.5)", "(47.5, 29.5)"
og-542, "(58.0, 109.0)", "(64.5, 84.5)", "(66.5, 80.5)", "(29.5, 109.5)", "(28.5, 112.5)"
og-543, "(18.0, 48.0)", "(31.5, 50.5)", "(35.5, 53.5)", "(0.5, 71.5)", "(1.5, 71.5)"
og-544, "(28.0, 52.0)", "(48.5, 78.5)", "(47.5, 79.5)", "(35.5, 74.5)", "(31.5, 75.5)"
og-545, "(95.0, 68.0)", "(114.5, 47.5)", "(117.5, 47.5)", "(77.5, 86.5)", "(78.5, 87.5)"
og-546, "(39.0, 11.0)", "(61.5, 10.5)", "(62.5, 10.5)", "(31.5, 28.5)", "(27.5, 28.5)"
og-547, "(70.0, 104.0)", "(47.5, 86.5)", "(47.5, 87.5)", "(94.5, 106.5)", "(97.5, 104.5)"
og-548, "(43.0, 27.0)", "(26.5, 42.5)", "(30.5, 45.5)", "(69.5, 22.5)", "(71.5, 20.5)"
og-549, "(21.0, 51.0)", "(46.5, 63.5)", "(49.5, 64.5)", "(16.5, 31.5)", "(14.5, 31.5)"
og-55, "(101.0, 89.0)", "(107.5, 74.5)", "(107.5, 76.5)", "(86.5, 76.5)", "(85.5, 76.5)"
og-550, "(22.0, 53.0)", "(38.5, 41.5)", "(35.5, 43.5)", "(34.5, 40.5)", "(34.5, 38.5)"
og-551, "(103.0, 60.0)", "(97.5, 78.5)", "(94.5, 77.5)", "(75.5, 77.5)", "(72.5, 77.5)"
og-552, "(68.0, 91.0)", "(58.5, 114.5)", "(58.5, 113.5)", "(60.5, 66.5)", "(58.5, 65.5)"
og-553, "(96.0, 33.0)", "(87.5, 46.5)", "(86.5, 45.5)", "(65.5, 53.5)", "(66.5, 53.5)"
og-554, "(10.0, 81.0)", "(3.5, 67.5)", "(2.5, 64.5)", "(39.5, 84.5)", "(38.5, 83.5)"
og-555, "(46.0, 90.0)", "(33.5, 116.5)", "(33.5, 115.5)", "(66.5, 107.5)", "(63.5, 108.5)"
og-556, "(105.0, 54.0)", "(80.5, 73.5)", "(78.5, 77.5)", "(73.5, 35.5)", "(73.5, 33.5)"
og-557, "(18.0, 61.0)", "(13.5, 38.5)", "(12.5, 41.5)", "(1.5, 79.5)", "(0.5, 76.5)"
og-558, "(109.0, 59.0)", "(101.5, 39.5)", "(97.5, 39.5)", "(116.5, 36.5)", "(115.5, 34.5)"
og-559, "(81.0, 25.0)", "(64.5, 3.5)", "(61.5, 5.5)", "(105.5, 49.5)", "(106.5, 49.5)"
og-56, "(72.0, 18.0)", "(67.5, 40.5)", "(66.5, 40.5)", "(43.5, 42.5)", "(45.5, 43.5)"
og-560, "(67.0, 10.0)", "(44.5, 27.5)", "(42.5, 25.5)", "(54.5, 27.5)", "(50.5, 25.5)"
og-561, "(80.0, 13.0)", "(47.5, 1.5)", "(48.5, 3.5)", "(93.5, 33.5)", "(93.5, 37.5)"
og-562, "(79.0, 22.0)", "(57.5, 11.5)", "(60.5, 12.5)", "(94.5, 28.5)", "(90.5, 28.5)"
og-563, "(30.0, 95.0)", "(2.5, 83.5)", "(3.5, 84.5)", "(11.5, 74.5)", "(14.5, 75.5)"
og-564, "(51.0, 19.0)", "(28.5, 9.5)", "(28.5, 8.5)", "(76.5, 43.5)", "(78.5, 42.5)"
og-565, "(69.0, 95.0)", "(48.5, 107.5)", "(48.5, 105.5)", "(45.5, 115.5)", "(44.5, 113.5)"
og-566, "(17.0, 38.0)", "(35.5, 27.5)", "(36.5, 27.5)", "(40.5, 50.5)", "(37.5, 54.5)"
og-567, "(20.0, 61.0)", "(3.5, 39.5)", "(0.5, 41.5)", "(25.5, 41.5)", "(24.5, 41.5)"
og-568, "(33.0, 26.0)", "(37.5, 43.5)", "(34.5, 41.5)", "(55.5, 11.5)", "(55.5, 10.5)"
og-569, "(42.0, 18.0)", "(28.5, 13.5)", "(27.5, 12.5)", "(65.5, 3.5)", "(63.5, 1.5)"
og-57, "(73.0, 27.0)", "(45.5, 32.5)", "(48.5, 31.5)", "(78.5, 42.5)", "(81.5, 42.5)"
og-570, "(16.0, 86.0)", "(38.5, 108.5)", "(36.5, 109.5)", "(28.5, 93.5)", "(30.5, 93.5)"
og-571, "(54.0, 9.0)", "(35.5, 17.5)", "(38.5, 17.5)", "(66.5, 25.5)", "(65.5, 26.5)"
og-572, "(26.0, 40.0)", "(47.5, 39.5)", "(49.5, 39.5)", "(47.5, 7.5)", "(48.5, 10.5)"
og-573, "(37.0, 94.0)", "(21.5, 91.5)", "(19.5, 90.5)", "(56.5, 68.5)", "(56.5, 69.5)"
og-574, "(34.0, 105.0)", "(4.5, 89.5)", "(7.5, 89.5)", "(11.5, 88.5)", "(11.5, 92.5)"
og-575, "(81.0, 91.0)", "(102.5, 105.5)", "(102.5, 108.5)", "(51.5, 89.5)", "(53.5, 86.5)"
og-576, "(77.0, 25.0)", "(96.5, 51.5)", "(99.5, 51.5)", "(88.5, 5.5)", "(90.5, 5.5)"
og-577, "(37.0, 16.0)", "(50.5, 21.5)", "(51.5, 22.5)", "(59.5, 24.5)", "(59.5, 25.5)"
og-578, "(65.0, 12.0)", "(41.5, 21.5)", "(40.5, 24.5)", "(79.5, 29.5)", "(81.5, 33.5)"
og-579, "(48.0, 14.0)", "(49.5, 43.5)", "(47.5, 43.5)", "(24.5, 37.5)", "(22.5, 37.5)"
og-58, "(17.0, 74.0)", "(36.5, 82.5)", "(36.5, 84.5)", "(45.5, 96.5)", "(43.5, 96.5)"
og-580, "(38.0, 16.0)", "(50.5, 33.5)", "(50.5, 29.5)", "(32.5, 39.5)", "(29.5, 40.5)"
og-581, "(19.0, 71.0)", "(35.5, 85.5)", "(34.5, 86.5)", "(10.5, 49.5)", "(8.5, 51.5)"
og-582, "(22.0, 73.0)", "(42.5, 56.5)", "(40.5, 58.5)", "(3.5, 58.5)", "(1.5, 60.5)"
og-583, "(20.0, 54.0)", "(14.5, 40.5)", "(16.5, 40.5)", "(1.5, 31.5)", "(1.5, 32.5)"
og-584, "(16.0, 84.0)", "(41.5, 106.5)", "(39.5, 104.5)", "(13.5, 58.5)", "(13.5, 59.5)"
og-585, "(22.0, 52.0)", "(48.5, 72.5)", "(47.5, 75.5)", "(11.5, 21.5)", "(10.5, 21.5)"
og-586, "(66.0, 105.0)", "(91.5, 72.5)", "(88.5, 74.5)", "(92.5, 99.5)", "(94.5, 97.5)"
og-587, "(73.0, 22.0)", "(48.5, 3.5)", "(48.5, 4.5)", "(62.5, 8.5)", "(63.5, 5.5)"
og-588, "(42.0, 92.0)", "(26.5, 88.5)", "(26.5, 86.5)", "(49.5, 73.5)", "(52.5, 76.5)"
og-589, "(21.0, 39.0)", "(16.5, 61.5)", "(18.5, 61.5)", "(47.5, 55.5)", "(46.5, 54.5)"
og-59, "(86.0, 23.0)", "(57.5, 31.5)", "(55.5, 29.5)", "(66.5, 1.5)", "(64.5, 1.5)"
og-590, "(79.0, 93.0)", "(99.5, 66.5)", "(97.5, 65.5)", "(52.5, 113.5)", "(49.5, 110.5)"
og-591, "(31.0, 14.0)", "(22.5, 32.5)", "(21.5, 36.5)", "(6.5, 15.5)", "(2.5, 17.5)"
og-592, "(80.0, 96.0)", "(78.5, 70.5)", "(75.5, 70.5)", "(97.5, 67.5)", "(99.5, 65.5)"
og-593, "(46.0, 98.0)", "(15.5, 72.5)", "(14.5, 71.5)", "(16.5, 112.5)", "(14.5, 112.5)"
og-594, "(103.0, 84.0)", "(111.5, 105.5)", "(110.5, 106.5)", "(116.5, 60.5)", "(115.5, 59.5)"
og-595, "(95.0, 31.0)", "(64.5, 57.5)", "(65.5, 58.5)", "(74.5, 59.5)", "(76.5, 58.5)"
og-596, "(58.0, 104.0)", "(80.5, 96.5)", "(77.5, 96.5)", "(73.5, 100.5)", "(72.5, 101.5)"
og-597, "(45.0, 27.0)", "(19.5, 6.5)", "(18.5, 10.5)", "(21.5, 50.5)", "(20.5, 52.5)"
og-598, "(19.0, 36.0)", "(12.5, 11.5)", "(14.5, 10.5)", "(46.5, 38.5)", "(48.5, 38.5)"
og-599, "(52.0, 11.0)", "(41.5, 36.5)", "(41.5, 37.5)", "(73.5, 1.5)", "(71.5, 0.5)"
og-6, "(94.0, 81.0)", "(105.5, 108.5)", "(104.5, 106.5)", "(99.5, 106.5)", "(101.5, 106.5)"
og-60, "(71.0, 101.0)", "(47.5, 78.5)", "(49.5, 79.5)", "(48.5, 92.5)", "(45.5, 91.5)"
og-600, "(18.0, 76.0)", "(15.5, 51.5)", "(12.5, 54.5)", "(39.5, 76.5)", "(43.5, 77.5)"
og-601, "(95.0, 39.0)", "(74.5, 10.5)", "(70.5, 10.5)", "(71.5, 59.5)", "(74.5, 61.5)"
og-602, "(106.0, 29.0)", "(84.5, 2.5)", "(88.5, 3.5)", "(91.5, 57.5)", "(94.5, 56.5)"
og-603, "(89.0, 28.0)", "(105.5, 28.5)", "(105.5, 27.5)", "(72.5, 38.5)", "(71.5, 37.5)"
og-604, "(59.0, 27.0)", "(38.5, 15.5)", "(37.5, 13.5)", "(64.5, 2.5)", "(63.5, 1.5)"
og-605, "(99.0, 66.0)", "(108.5, 40.5)", "(109.5, 38.5)", "(100.5, 83.5)", "(97.5, 81.5)"
og-606, "(54.0, 103.0)", "(26.5, 99.5)", "(26.5, 100.5)", "(71.5, 111.5)", "(69.5, 114.5)"
og-607, "(31.0, 28.0)", "(41.5, 57.5)", "(37.5, 53.5)", "(49.5, 0.5)", "(46.5, 3.5)"
og-608, "(67.0, 25.0)", "(44.5, 28.5)", "(44.5, 29.5)", "(91.5, 47.5)", "(89.5, 48.5)"
og-609, "(104.0, 74.0)", "(104.5, 50.5)", "(105.5, 46.5)", "(101.5, 85.5)", "(102.5, 87.5)"
og-61, "(82.0, 92.0)", "(72.5, 70.5)", "(75.5, 70.5)", "(56.5, 73.5)", "(59.5, 76.5)"
og-610, "(17.0, 89.0)", "(41.5, 58.5)", "(40.5, 57.5)", "(38.5, 85.5)", "(35.5, 85.5)"
og-611, "(79.0, 26.0)", "(76.5, 52.5)", "(78.5, 51.5)", "(54.5, 9.5)", "(57.5, 10.5)"
og-612, "(75.0, 9.0)", "(100.5, 8.5)", "(103.5, 9.5)", "(58.5, 18.5)", "(56.5, 18.5)"
og-613, "(17.0, 67.0)", "(1.5, 46.5)", "(0.5, 45.5)", "(34.5, 53.5)", "(36.5, 52.5)"
og-614, "(38.0, 100.0)", "(49.5, 103.5)", "(51.5, 102.5)", "(16.5, 96.5)", "(19.5, 95.5)"
og-615, "(11.0, 29.0)", "(17.5, 43.5)", "(17.5, 42.5)", "(27.5, 54.5)", "(27.5, 55.5)"
og-616, "(47.0, 24.0)", "(40.5, 52.5)", "(40.5, 50.5)", "(23.5, 34.5)", "(23.5, 37.5)"
og-617, "(81.0, 11.0)", "(51.5, 8.5)", "(55.5, 8.5)", "(52.5, 35.5)", "(53.5, 35.5)"
og-618, "(51.0, 93.0)", "(74.5, 107.5)", "(73.5, 106.5)", "(28.5, 99.5)", "(29.5, 98.5)"
og-619, "(13.0, 87.0)", "(7.5, 64.5)", "(4.5, 64.5)", "(36.5, 70.5)", "(36.5, 69.5)"
og-62, "(103.0, 47.0)", "(110.5, 66.5)", "(113.5, 70.5)", "(100.5, 28.5)", "(101.5, 28.5)"
og-620, "(64.0, 94.0)", "(37.5, 95.5)", "(38.5, 98.5)", "(60.5, 73.5)", "(59.5, 74.5)"
og-621, "(15.0, 64.0)", "(27.5, 69.5)", "(26.5, 68.5)", "(42.5, 84.5)", "(44.5, 80.5)"
og-622, "(109.0, 30.0)", "(90.5, 47.5)", "(91.5, 47.5)", "(89.5, 4.5)", "(85.5, 4.5)"
og-623, "(33.0, 20.0)", "(17.5, 48.5)", "(18.5, 45.5)", "(18.5, 35.5)", "(17.5, 36.5)"
og-624, "(103.0, 78.0)", "(93.5, 98.5)", "(94.5, 99.5)", "(113.5, 97.5)", "(116.5, 97.5)"
og-625, "(20.0, 66.0)", "(9.5, 79.5)", "(11.5, 82.5)", "(0.5, 34.5)", "(0.5, 35.5)"
og-626, "(47.0, 104.0)", "(68.5, 93.5)", "(67.5, 92.5)", "(66.5, 108.5)", "(65.5, 108.5)"
og-627, "(21.0, 41.0)", "(41.5, 33.5)", "(43.5, 37.5)", "(48.5, 41.5)", "(48.5, 44.5)"
og-628, "(49.0, 11.0)", "(74.5, 17.5)", "(73.5, 19.5)", "(21.5, 35.5)", "(23.5, 35.5)"
og-629, "(25.0, 68.0)", "(2.5, 64.5)", "(0.5, 62.5)", "(4.5, 75.5)", "(1.5, 73.5)"
og-63, "(27.0, 76.0)", "(10.5, 65.5)", "(10.5, 67.5)", "(22.5, 90.5)", "(23.5, 93.5)"
og-630, "(15.0, 46.0)", "(10.5, 73.5)", "(10.5, 74.5)", "(31.5, 71.5)", "(31.5, 67.5)"
og-631, "(9.0, 56.0)", "(27.5, 24.5)", "(28.5, 27.5)", "(12.5, 29.5)", "(13.5, 31.5)"
og-632, "(18.0, 77.0)", "(22.5, 102.5)", "(21.5, 100.5)", "(1.5, 83.5)", "(0.5, 79.5)"
og-633, "(72.0, 19.0)", "(101.5, 16.5)", "(100.5, 17.5)", "(45.5, 46.5)", "(46.5, 42.5)"
og-634, "(12.0, 30.0)", "(34.5, 27.5)", "(36.5, 30.5)", "(21.5, 56.5)", "(21.5, 52.5)"
og-635, "(11.0, 65.0)", "(34.5, 82.5)", "(34.5, 86.5)", "(37.5, 87.5)", "(39.5, 87.5)"
og-636, "(104.0, 29.0)", "(103.5, 12.5)", "(105.5, 15.5)", "(117.5, 7.5)", "(114.5, 6.5)"
og-637, "(52.0, 26.0)", "(62.5, 49.5)", "(61.5, 50.5)", "(30.5, 0.5)", "(29.5, 1.5)"
og-638, "(22.0, 36.0)", "(14.5, 13.5)", "(16.5, 14.5)", "(10.5, 14.5)", "(11.5, 14.5)"
og-639, "(22.0, 35.0)", "(48.5, 24.5)", "(49.5, 21.5)", "(0.5, 28.5)", "(0.5, 29.5)"
og-64, "(105.0, 60.0)", "(74.5, 49.5)", "(78.5, 49.5)", "(113.5, 82.5)", "(110.5, 81.5)"
og-640, "(20.0, 83.0)", "(31.5, 109.5)", "(31.5, 110.5)", "(19.5, 104.5)", "(19.5, 101.5)"
og-641, "(73.0, 17.0)", "(44.5, 39.5)", "(43.5, 38.5)", "(98.5, 1.5)", "(102.5, 0.5)"
og-642, "(104.0, 78.0)", "(90.5, 95.5)", "(94.5, 99.5)", "(75.5, 99.5)", "(76.5, 95.5)"
og-643, "(69.0, 20.0)", "(41.5, 44.5)", "(41.5, 40.5)", "(74.5, 32.5)", "(71.5, 31.5)"
og-644, "(107.0, 59.0)", "(95.5, 35.5)", "(93.5, 32.5)", "(109.5, 32.5)", "(107.5, 32.5)"
og-645, "(18.0, 37.0)", "(3.5, 60.5)", "(2.5, 60.5)", "(2.5, 16.5)", "(3.5, 14.5)"
og-646, "(35.0, 26.0)", "(56.5, 17.5)", "(57.5, 16.5)", "(60.5, 14.5)", "(57.5, 15.5)"
og-647, "(74.0, 10.0)", "(99.5, 18.5)", "(102.5, 18.5)", "(96.5, 0.5)", "(95.5, 0.5)"
og-648, "(23.0, 63.0)", "(26.5, 87.5)", "(23.5, 85.5)", "(45.5, 67.5)", "(47.5, 70.5)"
og-649, "(28.0, 90.0)", "(53.5, 69.5)", "(55.5, 71.5)", "(48.5, 103.5)", "(49.5, 99.5)"
og-65, "(12.0, 57.0)", "(21.5, 80.5)", "(23.5, 80.5)", "(27.5, 80.5)", "(27.5, 79.5)"
og-650, "(25.0, 55.0)", "(47.5, 68.5)", "(47.5, 69.5)", "(22.5, 70.5)", "(23.5, 73.5)"
og-651, "(94.0, 30.0)", "(112.5, 30.5)", "(113.5, 29.5)", "(75.5, 27.5)", "(74.5, 31.5)"
og-652, "(83.0, 107.0)", "(103.5, 112.5)", "(106.5, 113.5)", "(86.5, 88.5)", "(84.5, 90.5)"
og-653, "(26.0, 85.0)", "(8.5, 104.5)", "(5.5, 101.5)", "(2.5, 112.5)", "(3.5, 112.5)"
og-654, "(45.0, 97.0)", "(68.5, 90.5)", "(68.5, 92.5)", "(18.5, 91.5)", "(19.5, 89.5)"
og-655, "(22.0, 37.0)", "(1.5, 27.5)", "(3.5, 25.5)", "(19.5, 60.5)", "(22.5, 61.5)"
og-656, "(92.0, 83.0)", "(79.5, 71.5)", "(79.5, 70.5)", "(100.5, 101.5)", "(99.5, 102.5)"
og-657, "(50.0, 96.0)", "(73.5, 77.5)", "(74.5, 75.5)", "(71.5, 70.5)", "(71.5, 67.5)"
og-658, "(94.0, 89.0)", "(63.5, 86.5)", "(65.5, 84.5)", "(74.5, 65.5)", "(73.5, 65.5)"
og-659, "(20.0, 35.0)", "(43.5, 44.5)", "(42.5, 42.5)", "(2.5, 51.5)", "(1.5, 53.5)"
og-66, "(93.0, 34.0)", "(101.5, 53.5)", "(102.5, 51.5)", "(77.5, 62.5)", "(77.5, 58.5)"
og-660, "(20.0, 47.0)", "(14.5, 22.5)", "(15.5, 24.5)", "(42.5, 27.5)", "(45.5, 27.5)"
og-661, "(107.0, 35.0)", "(108.5, 18.5)", "(111.5, 18.5)", "(87.5, 13.5)", "(84.5, 13.5)"
og-662, "(51.0, 18.0)", "(37.5, 8.5)", "(34.5, 11.5)", "(21.5, 1.5)", "(24.5, 0.5)"
og-663, "(100.0, 59.0)", "(72.5, 40.5)", "(73.5, 42.5)", "(95.5, 77.5)", "(96.5, 79.5)"
og-664, "(79.0, 109.0)", "(59.5, 114.5)", "(57.5, 115.5)", "(49.5, 104.5)", "(50.5, 100.5)"
og-665, "(22.0, 62.0)", "(37.5, 48.5)", "(41.5, 47.5)", "(36.5, 81.5)", "(32.5, 79.5)"
og-666, "(19.0, 84.0)", "(8.5, 64.5)", "(6.5, 65.5)", "(12.5, 103.5)", "(11.5, 100.5)"
og-667, "(95.0, 82.0)", "(64.5, 99.5)", "(63.5, 101.5)", "(70.5, 102.5)", "(71.5, 102.5)"
og-668, "(23.0, 40.0)", "(4.5, 58.5)", "(3.5, 55.5)", "(49.5, 12.5)", "(51.5, 12.5)"
og-669, "(46.0, 97.0)", "(13.5, 102.5)", "(16.5, 106.5)", "(26.5, 67.5)", "(27.5, 66.5)"
og-67, "(14.0, 39.0)", "(35.5, 65.5)", "(33.5, 66.5)", "(22.5, 24.5)", "(22.5, 22.5)"
og-670, "(73.0, 93.0)", "(44.5, 72.5)", "(44.5, 75.5)", "(71.5, 80.5)", "(72.5, 78.5)"
og-671, "(15.0, 42.0)", "(0.5, 70.5)", "(2.5, 69.5)", "(27.5, 13.5)", "(28.5, 15.5)"
og-672, "(90.0, 39.0)", "(59.5, 57.5)", "(59.5, 58.5)", "(62.5, 41.5)", "(59.5, 42.5)"
og-673, "(90.0, 54.0)", "(112.5, 44.5)", "(114.5, 41.5)", "(63.5, 66.5)", "(63.5, 65.5)"
og-674, "(30.0, 12.0)", "(18.5, 30.5)", "(19.5, 31.5)", "(55.5, 27.5)", "(53.5, 28.5)"
og-675, "(23.0, 81.0)", "(2.5, 91.5)", "(1.5, 90.5)", "(27.5, 110.5)", "(29.5, 106.5)"
og-676, "(56.0, 104.0)", "(29.5, 107.5)", "(32.5, 109.5)", "(77.5, 87.5)", "(76.5, 87.5)"
og-677, "(103.0, 32.0)", "(101.5, 6.5)", "(102.5, 7.5)", "(114.5, 13.5)", "(113.5, 14.5)"
og-678, "(34.0, 13.0)", "(55.5, 27.5)", "(54.5, 26.5)", "(13.5, 17.5)", "(13.5, 14.5)"
og-679, "(11.0, 89.0)", "(31.5, 84.5)", "(33.5, 87.5)", "(29.5, 77.5)", "(32.5, 79.5)"
og-68, "(106.0, 70.0)", "(84.5, 58.5)", "(84.5, 57.5)", "(100.5, 91.5)", "(97.5, 91.5)"
og-680, "(28.0, 63.0)", "(44.5, 40.5)", "(45.5, 40.5)", "(28.5, 41.5)", "(25.5, 43.5)"
og-681, "(28.0, 80.0)", "(4.5, 79.5)", "(3.5, 75.5)", "(30.5, 62.5)", "(33.5, 63.5)"
og-682, "(26.0, 44.0)", "(2.5, 61.5)", "(1.5, 61.5)", "(26.5, 61.5)", "(22.5, 61.5)"
og-683, "(90.0, 92.0)", "(82.5, 61.5)", "(84.5, 60.5)", "(80.5, 70.5)", "(78.5, 73.5)"
og-684, "(30.0, 25.0)", "(45.5, 22.5)", "(45.5, 19.5)", "(14.5, 45.5)", "(14.5, 44.5)"
og-685, "(20.0, 73.0)", "(16.5, 101.5)", "(16.5, 98.5)", "(0.5, 66.5)", "(1.5, 65.5)"
og-686, "(104.0, 38.0)", "(109.5, 19.5)", "(108.5, 19.5)", "(97.5, 9.5)", "(96.5, 11.5)"
og-687, "(76.0, 11.0)", "(47.5, 18.5)", "(49.5, 16.5)", "(59.5, 1.5)", "(58.5, 2.5)"
og-688, "(84.0, 102.0)", "(57.5, 113.5)", "(55.5, 111.5)", "(109.5, 109.5)", "(110.5, 112.5)"
og-689, "(106.0, 34.0)", "(87.5, 23.5)", "(90.5, 23.5)", "(116.5, 3.5)", "(113.5, 6.5)"
og-69, "(14.0, 32.0)", "(39.5, 26.5)", "(38.5, 26.5)", "(37.5, 49.5)", "(38.5, 49.5)"
og-690, "(94.0, 44.0)", "(68.5, 26.5)", "(68.5, 24.5)", "(79.5, 67.5)", "(81.5, 69.5)"
og-691, "(108.0, 30.0)", "(93.5, 19.5)", "(91.5, 21.5)", "(92.5, 8.5)", "(96.5, 9.5)"
og-692, "(102.0, 79.0)", "(82.5, 91.5)", "(79.5, 89.5)", "(96.5, 63.5)", "(92.5, 62.5)"
og-693, "(15.0, 69.0)", "(24.5, 55.5)", "(26.5, 56.5)", "(14.5, 83.5)", "(15.5, 83.5)"
og-694, "(95.0, 65.0)", "(70.5, 90.5)", "(67.5, 89.5)", "(95.5, 83.5)", "(93.5, 82.5)"
og-695, "(16.0, 75.0)", "(30.5, 78.5)", "(32.5, 77.5)", "(23.5, 98.5)", "(22.5, 98.5)"
og-696, "(91.0, 64.0)", "(86.5, 80.5)", "(87.5, 80.5)", "(73.5, 88.5)", "(72.5, 90.5)"
og-697, "(30.0, 12.0)", "(44.5, 29.5)", "(45.5, 29.5)", "(0.5, 15.5)", "(1.5, 16.5)"
og-698, "(83.0, 105.0)", "(110.5, 89.5)", "(110.5, 88.5)", "(111.5, 103.5)", "(109.5, 101.5)"
og-699, "(50.0, 25.0)", "(78.5, 0.5)", "(77.5, 0.5)", "(74.5, 27.5)", "(70.5, 25.5)"
og-7, "(58.0, 19.0)", "(59.5, 43.5)", "(56.5, 44.5)", "(27.5, 41.5)", "(27.5, 43.5)"
og-70, "(14.0, 63.0)", "(22.5, 36.5)", "(21.5, 36.5)", "(42.5, 45.5)", "(43.5, 43.5)"
og-700, "(40.0, 95.0)", "(56.5, 102.5)", "(58.5, 99.5)", "(69.5, 102.5)", "(66.5, 102.5)"
og-701, "(55.0, 9.0)", "(73.5, 32.5)", "(74.5, 32.5)", "(37.5, 14.5)", "(40.5, 15.5)"
og-702, "(34.0, 109.0)", "(18.5, 114.5)", "(17.5, 114.5)", "(49.5, 79.5)", "(47.5, 80.5)"
og-703, "(78.0, 19.0)", "(89.5, 39.5)", "(91.5, 37.5)", "(77.5, 40.5)", "(78.5, 40.5)"
og-704, "(44.0, 93.0)", "(63.5, 103.5)", "(63.5, 100.5)", "(64.5, 62.5)", "(60.5, 61.5)"
og-705, "(10.0, 54.0)", "(1.5, 71.5)", "(3.5, 68.5)", "(16.5, 37.5)", "(16.5, 35.5)"
og-706, "(57.0, 93.0)", "(47.5, 112.5)", "(49.5, 112.5)", "(51.5, 74.5)", "(54.5, 75.5)"
og-707, "(58.0, 28.0)", "(84.5, 33.5)", "(80.5, 34.5)", "(33.5, 27.5)", "(33.5, 23.5)"
og-708, "(35.0, 23.0)", "(56.5, 3.5)", "(55.5, 2.5)", "(47.5, 43.5)", "(48.5, 43.5)"
og-709, "(71.0, 13.0)", "(99.5, 18.5)", "(99.5, 17.5)", "(82.5, 42.5)", "(82.5, 38.5)"
og-71, "(60.0, 10.0)", "(58.5, 24.5)", "(56.5, 25.5)", "(30.5, 31.5)", "(32.5, 32.5)"
og-710, "(14.0, 66.0)", "(0.5, 43.5)", "(1.5, 43.5)", "(32.5, 88.5)", "(31.5, 88.5)"
og-711, "(65.0, 25.0)", "(32.5, 48.5)", "(35.5, 48.5)", "(71.5, 4.5)", "(73.5, 6.5)"
og-712, "(85.0, 27.0)", "(86.5, 5.5)", "(86.5, 8.5)", "(112.5, 44.5)", "(111.5, 41.5)"
og-713, "(47.0, 95.0)", "(73.5, 100.5)", "(74.5, 98.5)", "(66.5, 78.5)", "(68.5, 79.5)"
og-714, "(101.0, 33.0)", "(70.5, 22.5)", "(70.5, 25.5)", "(78.5, 23.5)", "(82.5, 24.5)"
og-715, "(106.0, 79.0)", "(79.5, 91.5)", "(79.5, 90.5)", "(106.5, 49.5)", "(107.5, 51.5)"
og-716, "(106.0, 61.0)", "(76.5, 76.5)", "(78.5, 77.5)", "(105.5, 31.5)", "(105.5, 32.5)"
og-717, "(102.0, 54.0)", "(107.5, 74.5)", "(107.5, 75.5)", "(96.5, 24.5)", "(92.5, 25.5)"
og-718, "(70.0, 16.0)", "(44.5, 27.5)", "(45.5, 28.5)", "(89.5, 31.5)", "(89.5, 30.5)"
og-719, "(23.0, 65.0)", "(48.5, 49.5)", "(47.5, 51.5)", "(3.5, 83.5)", "(4.5, 83.5)"
og-72, "(90.0, 103.0)", "(90.5, 74.5)", "(90.5, 70.5)", "(57.5, 96.5)", "(59.5, 94.5)"
og-720, "(75.0, 103.0)", "(95.5, 72.5)", "(94.5, 71.5)", "(99.5, 115.5)", "(96.5, 117.5)"
og-721, "(16.0, 80.0)", "(42.5, 96.5)", "(41.5, 99.5)", "(43.5, 65.5)", "(44.5, 64.5)"
og-722, "(95.0, 33.0)", "(63.5, 26.5)", "(67.5, 28.5)", "(90.5, 12.5)", "(91.5, 12.5)"
og-723, "(20.0, 46.0)", "(20.5, 73.5)", "(19.5, 73.5)", "(44.5, 48.5)", "(46.5, 47.5)"
og-724, "(16.0, 37.0)", "(6.5, 23.5)", "(7.5, 23.5)", "(15.5, 11.5)", "(15.5, 15.5)"
og-725, "(106.0, 32.0)", "(91.5, 54.5)", "(91.5, 52.5)", "(74.5, 46.5)", "(76.5, 47.5)"
og-726, "(86.0, 108.0)", "(56.5, 101.5)", "(57.5, 97.5)", "(71.5, 84.5)", "(74.5, 85.5)"
og-727, "(42.0, 12.0)", "(18.5, 1.5)", "(16.5, 2.5)", "(68.5, 34.5)", "(64.5, 33.5)"
og-728, "(109.0, 89.0)", "(80.5, 59.5)", "(81.5, 62.5)", "(79.5, 115.5)", "(79.5, 116.5)"
og-729, "(23.0, 54.0)", "(6.5, 35.5)", "(6.5, 34.5)", "(43.5, 66.5)", "(41.5, 68.5)"
og-73, "(40.0, 26.0)", "(14.5, 46.5)", "(13.5, 46.5)", "(18.5, 3.5)", "(16.5, 4.5)"
og-730, "(26.0, 48.0)", "(54.5, 21.5)", "(54.5, 18.5)", "(38.5, 43.5)", "(38.5, 42.5)"
og-731, "(66.0, 93.0)", "(35.5, 85.5)", "(39.5, 82.5)", "(35.5, 115.5)", "(36.5, 117.5)"
og-732, "(90.0, 29.0)", "(111.5, 16.5)", "(110.5, 16.5)", "(59.5, 54.5)", "(58.5, 53.5)"
og-733, "(14.0, 72.0)", "(43.5, 99.5)", "(43.5, 96.5)", "(37.5, 74.5)", "(36.5, 74.5)"
og-734, "(83.0, 100.0)", "(101.5, 84.5)", "(100.5, 86.5)", "(102.5, 96.5)", "(100.5, 95.5)"
og-735, "(31.0, 95.0)", "(18.5, 74.5)", "(19.5, 74.5)", "(0.5, 114.5)", "(2.5, 117.5)"
og-736, "(93.0, 50.0)", "(110.5, 70.5)", "(111.5, 69.5)", "(84.5, 24.5)", "(84.5, 27.5)"
og-737, "(44.0, 90.0)", "(56.5, 110.5)", "(53.5, 109.5)", "(47.5, 106.5)", "(48.5, 107.5)"
og-738, "(71.0, 100.0)", "(85.5, 115.5)", "(87.5, 116.5)", "(89.5, 101.5)", "(87.5, 101.5)"
og-739, "(72.0, 20.0)", "(50.5, 26.5)", "(48.5, 24.5)", "(101.5, 27.5)", "(97.5, 27.5)"
og-74, "(48.0, 15.0)", "(36.5, 32.5)", "(40.5, 32.5)", "(28.5, 41.5)", "(24.5, 41.5)"
og-740, "(95.0, 78.0)", "(91.5, 48.5)", "(92.5, 52.5)", "(111.5, 96.5)", "(112.5, 96.5)"
og-741, "(55.0, 10.0)", "(38.5, 28.5)", "(37.5, 28.5)", "(77.5, 22.5)", "(79.5, 20.5)"
og-742, "(16.0, 32.0)", "(38.5, 3.5)", "(41.5, 2.5)", "(42.5, 38.5)", "(39.5, 37.5)"
og-743, "(16.0, 57.0)", "(18.5, 78.5)", "(18.5, 81.5)", "(14.5, 81.5)", "(15.5, 83.5)"
og-744, "(102.0, 59.0)", "(85.5, 79.5)", "(87.5, 77.5)", "(110.5, 29.5)", "(109.5, 32.5)"
og-745, "(50.0, 12.0)", "(22.5, 12.5)", "(22.5, 10.5)", "(22.5, 18.5)", "(18.5, 15.5)"
og-746, "(70.0, 104.0)", "(42.5, 101.5)", "(45.5, 102.5)", "(49.5, 85.5)", "(46.5, 89.5)"
og-747, "(36.0, 106.0)", "(29.5, 77.5)", "(30.5, 78.5)", "(58.5, 78.5)", "(61.5, 78.5)"
og-748, "(33.0, 93.0)", "(16.5, 74.5)", "(14.5, 72.5)", "(50.5, 111.5)", "(49.5, 108.5)"
og-749, "(47.0, 105.0)", "(23.5, 97.5)", "(20.5, 93.5)", "(70.5, 82.5)", "(68.5, 83.5)"
og-75, "(98.0, 55.0)", "(68.5, 43.5)", "(71.5, 46.5)", "(75.5, 30.5)", "(71.5, 29.5)"
og-750, "(72.0, 99.0)", "(90.5, 71.5)", "(91.5, 74.5)", "(65.5, 79.5)", "(65.5, 77.5)"
og-751, "(75.0, 9.0)", "(95.5, 7.5)", "(98.5, 7.5)", "(87.5, 24.5)", "(88.5, 26.5)"
og-752, "(61.0, 10.0)", "(59.5, 33.5)", "(58.5, 32.5)", "(82.5, 15.5)", "(83.5, 14.5)"
og-753, "(49.0, 25.0)", "(22.5, 2.5)", "(20.5, 0.5)", "(51.5, 2.5)", "(54.5, 4.5)"
og-754, "(103.0, 82.0)", "(82.5, 73.5)", "(86.5, 70.5)", "(108.5, 60.5)", "(105.5, 59.5)"
og-755, "(54.0, 18.0)", "(25.5, 9.5)", "(26.5, 6.5)", "(25.5, 26.5)", "(24.5, 30.5)"
og-756, "(14.0, 73.0)", "(33.5, 92.5)", "(31.5, 94.5)", "(0.5, 55.5)", "(0.5, 57.5)"
og-757, "(94.0, 46.0)", "(69.5, 22.5)", "(66.5, 22.5)", "(104.5, 24.5)", "(104.5, 25.5)"
og-758, "(56.0, 24.0)", "(45.5, 36.5)", "(45.5, 39.5)", "(35.5, 31.5)", "(35.5, 34.5)"
og-759, "(98.0, 38.0)", "(88.5, 15.5)", "(90.5, 13.5)", "(114.5, 27.5)", "(113.5, 26.5)"
og-76, "(82.0, 27.0)", "(55.5, 2.5)", "(54.5, 0.5)", "(68.5, 50.5)", "(70.5, 52.5)"
og-760, "(9.0, 77.0)", "(37.5, 99.5)", "(37.5, 102.5)", "(5.5, 44.5)", "(4.5, 44.5)"
og-761, "(100.0, 78.0)", "(85.5, 78.5)", "(83.5, 78.5)", "(113.5, 88.5)", "(116.5, 87.5)"
og-762, "(36.0, 26.0)", "(13.5, 0.5)", "(11.5, 0.5)", "(59.5, 0.5)", "(59.5, 1.5)"
og-763, "(80.0, 92.0)", "(68.5, 63.5)", "(67.5, 65.5)", "(57.5, 65.5)", "(54.5, 65.5)"
og-764, "(100.0, 79.0)", "(99.5, 53.5)", "(99.5, 55.5)", "(97.5, 61.5)", "(100.5, 61.5)"
og-765, "(39.0, 28.0)", "(64.5, 7.5)", "(63.5, 8.5)", "(59.5, 19.5)", "(58.5, 17.5)"
og-766, "(91.0, 45.0)", "(63.5, 45.5)", "(64.5, 42.5)", "(84.5, 69.5)", "(85.5, 69.5)"
og-767, "(77.0, 21.0)", "(105.5, 36.5)", "(103.5, 37.5)", "(91.5, 2.5)", "(89.5, 0.5)"
og-768, "(100.0, 35.0)", "(99.5, 15.5)", "(98.5, 14.5)", "(84.5, 8.5)", "(80.5, 9.5)"
og-769, "(13.0, 84.0)", "(26.5, 59.5)", "(26.5, 61.5)", "(39.5, 69.5)", "(38.5, 68.5)"
og-77, "(19.0, 37.0)", "(2.5, 23.5)", "(5.5, 23.5)", "(37.5, 31.5)", "(38.5, 30.5)"
og-770, "(95.0, 41.0)", "(77.5, 52.5)", "(74.5, 53.5)", "(112.5, 17.5)", "(112.5, 16.5)"
og-771, "(9.0, 82.0)", "(11.5, 105.5)", "(11.5, 106.5)", "(5.5, 59.5)", "(2.5, 55.5)"
og-772, "(31.0, 28.0)", "(30.5, 45.5)", "(32.5, 47.5)", "(33.5, 6.5)", "(33.5, 3.5)"
og-773, "(63.0, 106.0)", "(39.5, 99.5)", "(37.5, 98.5)", "(43.5, 94.5)", "(43.5, 95.5)"
og-774, "(84.0, 11.0)", "(71.5, 23.5)", "(69.5, 25.5)", "(106.5, 7.5)", "(110.5, 8.5)"
og-775, "(26.0, 76.0)", "(4.5, 65.5)", "(5.5, 66.5)", "(0.5, 88.5)", "(0.5, 89.5)"
og-776, "(19.0, 87.0)", "(43.5, 66.5)", "(45.5, 64.5)", "(0.5, 71.5)", "(0.5, 72.5)"
og-777, "(90.0, 68.0)", "(63.5, 84.5)", "(64.5, 84.5)", "(67.5, 36.5)", "(64.5, 39.5)"
og-778, "(94.0, 82.0)", "(65.5, 90.5)", "(63.5, 92.5)", "(114.5, 66.5)", "(116.5, 63.5)"
og-779, "(63.0, 25.0)", "(78.5, 41.5)", "(80.5, 40.5)", "(35.5, 38.5)", "(33.5, 41.5)"
og-78, "(62.0, 13.0)", "(44.5, 10.5)", "(42.5, 8.5)", "(74.5, 38.5)", "(73.5, 37.5)"
og-780, "(59.0, 99.0)", "(74.5, 106.5)", "(74.5, 103.5)", "(68.5, 69.5)", "(70.5, 70.5)"
og-781, "(100.0, 74.0)", "(106.5, 47.5)", "(104.5, 45.5)", "(87.5, 52.5)", "(86.5, 53.5)"
og-782, "(22.0, 83.0)", "(48.5, 84.5)", "(47.5, 83.5)", "(45.5, 70.5)", "(44.5, 71.5)"
og-783, "(79.0, 14.0)", "(97.5, 16.5)", "(96.5, 16.5)", "(98.5, 20.5)", "(100.5, 22.5)"
og-784, "(60.0, 15.0)", "(75.5, 30.5)", "(76.5, 27.5)", "(43.5, 40.5)", "(42.5, 40.5)"
og-785, "(84.0, 105.0)", "(107.5, 95.5)", "(106.5, 91.5)", "(91.5, 82.5)", "(91.5, 81.5)"
og-786, "(80.0, 90.0)", "(59.5, 71.5)", "(63.5, 72.5)", "(94.5, 107.5)", "(94.5, 104.5)"
og-787, "(107.0, 74.0)", "(106.5, 102.5)", "(103.5, 100.5)", "(86.5, 48.5)", "(86.5, 44.5)"
og-788, "(19.0, 34.0)", "(26.5, 13.5)", "(24.5, 14.5)", "(0.5, 32.5)", "(1.5, 29.5)"
og-789, "(28.0, 66.0)", "(31.5, 35.5)", "(27.5, 36.5)", "(30.5, 92.5)", "(31.5, 94.5)"
og-79, "(16.0, 59.0)", "(2.5, 50.5)", "(1.5, 50.5)", "(8.5, 33.5)", "(9.5, 30.5)"
og-790, "(12.0, 66.0)", "(35.5, 66.5)", "(39.5, 64.5)", "(2.5, 90.5)", "(4.5, 93.5)"
og-791, "(98.0, 87.0)", "(80.5, 108.5)", "(78.5, 104.5)", "(84.5, 115.5)", "(86.5, 113.5)"
og-792, "(98.0, 49.0)", "(92.5, 69.5)", "(94.5, 70.5)", "(92.5, 25.5)", "(92.5, 21.5)"
og-793, "(23.0, 45.0)", "(0.5, 52.5)", "(1.5, 53.5)", "(31.5, 16.5)", "(28.5, 17.5)"
og-794, "(97.0, 37.0)", "(68.5, 7.5)", "(67.5, 8.5)", "(106.5, 62.5)", "(104.5, 66.5)"
og-795, "(19.0, 49.0)", "(43.5, 50.5)", "(44.5, 50.5)", "(15.5, 32.5)", "(12.5, 32.5)"
og-796, "(44.0, 107.0)", "(42.5, 80.5)", "(42.5, 82.5)", "(31.5, 81.5)", "(29.5, 80.5)"
og-797, "(98.0, 86.0)", "(66.5, 70.5)", "(70.5, 70.5)", "(100.5, 111.5)", "(101.5, 111.5)"
og-798, "(58.0, 90.0)", "(43.5, 102.5)", "(44.5, 102.5)", "(84.5, 100.5)", "(85.5, 101.5)"
og-799, "(10.0, 80.0)", "(18.5, 48.5)", "(15.5, 48.5)", "(31.5, 97.5)", "(30.5, 99.5)"
og-8, "(21.0, 61.0)", "(39.5, 33.5)", "(39.5, 32.5)", "(37.5, 53.5)", "(37.5, 52.5)"
og-80, "(16.0, 44.0)", "(0.5, 24.5)", "(1.5, 22.5)", "(36.5, 49.5)", "(32.5, 50.5)"
og-800, "(75.0, 101.0)", "(90.5, 76.5)", "(89.5, 72.5)", "(52.5, 76.5)", "(55.5, 78.5)"
og-801, "(54.0, 22.0)", "(82.5, 35.5)", "(83.5, 39.5)", "(26.5, 42.5)", "(27.5, 43.5)"
og-802, "(47.0, 106.0)", "(69.5, 93.5)", "(73.5, 94.5)", "(72.5, 89.5)", "(75.5, 88.5)"
og-803, "(100.0, 50.0)", "(86.5, 79.5)", "(87.5, 77.5)", "(81.5, 47.5)", "(77.5, 46.5)"
og-804, "(31.0, 101.0)", "(7.5, 70.5)", "(9.5, 73.5)", "(52.5, 111.5)", "(53.5, 114.5)"
og-805, "(45.0, 18.0)", "(38.5, 3.5)", "(41.5, 3.5)", "(63.5, 15.5)", "(64.5, 15.5)"
og-806, "(30.0, 100.0)", "(57.5, 110.5)", "(59.5, 110.5)", "(55.5, 75.5)", "(53.5, 78.5)"
og-807, "(54.0, 97.0)", "(25.5, 94.5)", "(26.5, 93.5)", "(70.5, 103.5)", "(69.5, 102.5)"
og-808, "(9.0, 78.0)", "(17.5, 46.5)", "(17.5, 49.5)", "(24.5, 104.5)", "(27.5, 102.5)"
og-809, "(96.0, 88.0)", "(86.5, 60.5)", "(87.5, 60.5)", "(73.5, 76.5)", "(71.5, 75.5)"
og-81, "(32.0, 93.0)", "(9.5, 74.5)", "(10.5, 73.5)", "(0.5, 108.5)", "(2.5, 110.5)"
og-810, "(39.0, 106.0)", "(64.5, 107.5)", "(63.5, 104.5)", "(43.5, 88.5)", "(44.5, 87.5)"
og-811, "(46.0, 11.0)", "(30.5, 36.5)", "(27.5, 37.5)", "(37.5, 37.5)", "(33.5, 34.5)"
og-812, "(101.0, 70.0)", "(89.5, 97.5)", "(90.5, 96.5)", "(103.5, 88.5)", "(102.5, 90.5)"
og-813, "(72.0, 24.0)", "(82.5, 40.5)", "(82.5, 41.5)", "(76.5, 42.5)", "(76.5, 43.5)"
og-814, "(32.0, 22.0)", "(55.5, 3.5)", "(56.5, 4.5)", "(52.5, 30.5)", "(52.5, 27.5)"
og-815, "(78.0, 95.0)", "(77.5, 69.5)", "(80.5, 70.5)", "(105.5, 64.5)", "(104.5, 67.5)"
og-816, "(70.0, 108.0)", "(89.5, 100.5)", "(91.5, 100.5)", "(75.5, 80.5)", "(77.5, 79.5)"
og-817, "(47.0, 9.0)", "(65.5, 28.5)", "(67.5, 26.5)", "(23.5, 32.5)", "(23.5, 31.5)"
og-818, "(24.0, 56.0)", "(8.5, 34.5)", "(5.5, 33.5)", "(36.5, 38.5)", "(36.5, 40.5)"
og-819, "(58.0, 108.0)", "(47.5, 81.5)", "(43.5, 78.5)", "(83.5, 114.5)", "(85.5, 114.5)"
og-82, "(71.0, 101.0)", "(98.5, 105.5)", "(97.5, 106.5)", "(90.5, 95.5)", "(88.5, 97.5)"
og-820, "(104.0, 42.0)", "(107.5, 64.5)", "(107.5, 62.5)", "(81.5, 58.5)", "(81.5, 54.5)"
og-821, "(104.0, 78.0)", "(93.5, 102.5)", "(91.5, 102.5)", "(115.5, 55.5)", "(117.5, 54.5)"
og-822, "(74.0, 18.0)", "(93.5, 2.5)", "(91.5, 3.5)", "(52.5, 16.5)", "(49.5, 19.5)"
og-823, "(58.0, 23.0)", "(75.5, 38.5)", "(72.5, 39.5)", "(82.5, 7.5)", "(82.5, 6.5)"
og-824, "(25.0, 84.0)", "(40.5, 108.5)", "(38.5, 105.5)", "(40.5, 83.5)", "(42.5, 84.5)"
og-825, "(42.0, 25.0)", "(62.5, 51.5)", "(62.5, 50.5)", "(61.5, 2.5)", "(58.5, 1.5)"
og-826, "(21.0, 81.0)", "(26.5, 99.5)", "(29.5, 98.5)", "(14.5, 98.5)", "(15.5, 101.5)"
og-827, "(92.0, 57.0)", "(95.5, 31.5)", "(95.5, 29.5)", "(63.5, 76.5)", "(62.5, 75.5)"
og-828, "(27.0, 35.0)", "(2.5, 58.5)", "(1.5, 60.5)", "(22.5, 58.5)", "(24.5, 59.5)"
og-829, "(94.0, 85.0)", "(71.5, 53.5)", "(69.5, 52.5)", "(110.5, 97.5)", "(107.5, 96.5)"
og-83, "(84.0, 103.0)", "(58.5, 77.5)", "(56.5, 78.5)", "(106.5, 111.5)", "(103.5, 111.5)"
og-830, "(69.0, 14.0)", "(49.5, 38.5)", "(50.5, 35.5)", "(86.5, 13.5)", "(84.5, 12.5)"
og-831, "(54.0, 15.0)", "(71.5, 31.5)", "(72.5, 31.5)", "(34.5, 2.5)", "(33.5, 0.5)"
og-832, "(107.0, 56.0)", "(90.5, 79.5)", "(93.5, 79.5)", "(86.5, 55.5)", "(85.5, 55.5)"
og-833, "(19.0, 44.0)", "(4.5, 56.5)", "(6.5, 57.5)", "(20.5, 27.5)", "(18.5, 24.5)"
og-834, "(45.0, 107.0)", "(73.5, 102.5)", "(69.5, 100.5)", "(28.5, 80.5)", "(26.5, 77.5)"
og-835, "(24.0, 75.0)", "(23.5, 96.5)", "(27.5, 97.5)", "(24.5, 93.5)", "(23.5, 92.5)"
og-836, "(13.0, 48.0)", "(23.5, 77.5)", "(23.5, 75.5)", "(34.5, 76.5)", "(35.5, 76.5)"
og-837, "(57.0, 105.0)", "(36.5, 76.5)", "(34.5, 74.5)", "(27.5, 87.5)", "(27.5, 88.5)"
og-838, "(60.0, 107.0)", "(34.5, 113.5)", "(35.5, 112.5)", "(73.5, 83.5)", "(73.5, 85.5)"
og-839, "(105.0, 43.0)", "(72.5, 63.5)", "(75.5, 63.5)", "(76.5, 14.5)", "(74.5, 15.5)"
og-84, "(109.0, 77.0)", "(81.5, 102.5)", "(81.5, 104.5)", "(117.5, 101.5)", "(117.5, 104.5)"
og-840, "(11.0, 37.0)", "(30.5, 29.5)", "(27.5, 33.5)", "(23.5, 33.5)", "(22.5, 33.5)"
og-841, "(69.0, 22.0)", "(90.5, 17.5)", "(90.5, 19.5)", "(84.5, 48.5)", "(88.5, 46.5)"
og-842, "(27.0, 74.0)", "(31.5, 93.5)", "(31.5, 94.5)", "(7.5, 73.5)", "(6.5, 72.5)"
og-843, "(48.0, 98.0)", "(30.5, 106.5)", "(28.5, 108.5)", "(20.5, 104.5)", "(19.5, 101.5)"
og-844, "(34.0, 10.0)", "(59.5, 13.5)", "(60.5, 15.5)", "(10.5, 23.5)", "(11.5, 23.5)"
og-845, "(12.0, 75.0)", "(26.5, 47.5)", "(28.5, 46.5)", "(38.5, 86.5)", "(34.5, 87.5)"
og-846, "(97.0, 66.0)", "(82.5, 61.5)", "(84.5, 62.5)", "(82.5, 87.5)", "(78.5, 87.5)"
og-847, "(98.0, 54.0)", "(110.5, 76.5)", "(114.5, 75.5)", "(91.5, 32.5)", "(91.5, 31.5)"
og-848, "(40.0, 106.0)", "(59.5, 84.5)", "(60.5, 85.5)", "(12.5, 102.5)", "(14.5, 104.5)"
og-849, "(15.0, 58.0)", "(41.5, 56.5)", "(42.5, 58.5)", "(26.5, 29.5)", "(22.5, 31.5)"
og-85, "(104.0, 86.0)", "(76.5, 105.5)", "(80.5, 105.5)", "(107.5, 111.5)", "(107.5, 114.5)"
og-850, "(17.0, 61.0)", "(32.5, 58.5)", "(32.5, 57.5)", "(43.5, 46.5)", "(41.5, 45.5)"
og-851, "(97.0, 71.0)", "(86.5, 53.5)", "(88.5, 54.5)", "(116.5, 49.5)", "(113.5, 51.5)"
og-852, "(33.0, 100.0)", "(44.5, 107.5)", "(47.5, 106.5)", "(58.5, 104.5)", "(58.5, 106.5)"
og-853, "(11.0, 50.0)", "(26.5, 67.5)", "(28.5, 68.5)", "(2.5, 75.5)", "(0.5, 75.5)"
og-854, "(40.0, 98.0)", "(20.5, 65.5)", "(21.5, 69.5)", "(56.5, 112.5)", "(54.5, 113.5)"
og-855, "(43.0, 109.0)", "(16.5, 91.5)", "(14.5, 94.5)", "(26.5, 100.5)", "(26.5, 99.5)"
og-856, "(92.0, 61.0)", "(75.5, 54.5)", "(78.5, 53.5)", "(72.5, 86.5)", "(75.5, 85.5)"
og-857, "(16.0, 72.0)", "(23.5, 98.5)", "(24.5, 100.5)", "(18.5, 42.5)", "(14.5, 42.5)"
og-858, "(93.0, 46.0)", "(96.5, 22.5)", "(95.5, 22.5)", "(77.5, 14.5)", "(75.5, 18.5)"
og-859, "(27.0, 33.0)", "(14.5, 13.5)", "(15.5, 11.5)", "(51.5, 42.5)", "(52.5, 39.5)"
og-86, "(68.0, 98.0)", "(50.5, 113.5)", "(52.5, 114.5)", "(91.5, 87.5)", "(90.5, 90.5)"
og-860, "(100.0, 54.0)", "(78.5, 80.5)", "(77.5, 80.5)", "(108.5, 75.5)", "(106.5, 73.5)"
og-861, "(94.0, 85.0)", "(77.5, 61.5)", "(79.5, 62.5)", "(68.5, 97.5)", "(67.5, 93.5)"
og-862, "(47.0, 15.0)", "(35.5, 36.5)", "(38.5, 32.5)", "(68.5, 39.5)", "(69.5, 39.5)"
og-863, "(15.0, 34.0)", "(16.5, 16.5)", "(17.5, 14.5)", "(22.5, 63.5)", "(22.5, 59.5)"
og-864, "(72.0, 92.0)", "(89.5, 108.5)", "(91.5, 110.5)", "(60.5, 77.5)", "(58.5, 75.5)"
og-865, "(92.0, 68.0)", "(74.5, 75.5)", "(77.5, 71.5)", "(110.5, 62.5)", "(107.5, 63.5)"
og-866, "(91.0, 55.0)", "(65.5, 75.5)", "(66.5, 76.5)", "(62.5, 25.5)", "(62.5, 26.5)"
og-867, "(97.0, 71.0)", "(113.5, 41.5)", "(117.5, 43.5)", "(111.5, 43.5)", "(109.5, 39.5)"
og-868, "(46.0, 104.0)", "(48.5, 75.5)", "(47.5, 73.5)", "(29.5, 76.5)", "(30.5, 77.5)"
og-869, "(47.0, 90.0)", "(23.5, 61.5)", "(24.5, 57.5)", "(41.5, 111.5)", "(41.5, 115.5)"
og-87, "(69.0, 14.0)", "(51.5, 15.5)", "(49.5, 17.5)", "(81.5, 24.5)", "(84.5, 21.5)"
og-870, "(67.0, 103.0)", "(37.5, 100.5)", "(37.5, 99.5)", "(45.5, 83.5)", "(41.5, 81.5)"
og-871, "(18.0, 31.0)", "(36.5, 44.5)", "(36.5, 46.5)", "(29.5, 56.5)", "(28.5, 55.5)"
og-872, "(9.0, 45.0)", "(25.5, 38.5)", "(23.5, 36.5)", "(34.5, 55.5)", "(36.5, 57.5)"
og-873, "(103.0, 49.0)", "(85.5, 57.5)", "(81.5, 58.5)", "(89.5, 73.5)", "(88.5, 70.5)"
og-874, "(44.0, 97.0)", "(45.5, 69.5)", "(46.5, 69.5)", "(22.5, 94.5)", "(21.5, 96.5)"
og-875, "(30.0, 109.0)", "(53.5, 106.5)", "(52.5, 106.5)", "(1.5, 90.5)", "(1.5, 86.5)"
og-876, "(9.0, 35.0)", "(19.5, 19.5)", "(19.5, 17.5)", "(24.5, 23.5)", "(24.5, 19.5)"
og-877, "(104.0, 53.0)", "(104.5, 80.5)", "(104.5, 81.5)", "(74.5, 62.5)", "(72.5, 62.5)"
og-878, "(52.0, 19.0)", "(53.5, 33.5)", "(52.5, 36.5)", "(58.5, 32.5)", "(58.5, 34.5)"
og-879, "(65.0, 9.0)", "(89.5, 22.5)", "(90.5, 25.5)", "(47.5, 32.5)", "(46.5, 32.5)"
og-88, "(105.0, 83.0)", "(97.5, 54.5)", "(96.5, 52.5)", "(117.5, 101.5)", "(114.5, 99.5)"
og-880, "(61.0, 26.0)", "(55.5, 52.5)", "(57.5, 53.5)", "(67.5, 44.5)", "(65.5, 45.5)"
og-881, "(25.0, 37.0)", "(43.5, 35.5)", "(43.5, 32.5)", "(14.5, 57.5)", "(11.5, 54.5)"
og-882, "(20.0, 56.0)", "(4.5, 66.5)", "(3.5, 64.5)", "(30.5, 80.5)", "(33.5, 80.5)"
og-883, "(98.0, 40.0)", "(86.5, 14.5)", "(83.5, 16.5)", "(82.5, 47.5)", "(82.5, 48.5)"
og-884, "(13.0, 71.0)", "(24.5, 42.5)", "(22.5, 42.5)", "(26.5, 68.5)", "(29.5, 65.5)"
og-885, "(31.0, 27.0)", "(53.5, 30.5)", "(50.5, 28.5)", "(44.5, 7.5)", "(44.5, 6.5)"
og-886, "(84.0, 93.0)", "(59.5, 103.5)", "(59.5, 102.5)", "(75.5, 111.5)", "(79.5, 109.5)"
og-887, "(88.0, 101.0)", "(103.5, 81.5)", "(100.5, 80.5)", "(109.5, 95.5)", "(110.5, 95.5)"
og-888, "(48.0, 11.0)", "(73.5, 32.5)", "(71.5, 34.5)", "(71.5, 16.5)", "(71.5, 17.5)"
og-889, "(34.0, 13.0)", "(23.5, 38.5)", "(26.5, 37.5)", "(49.5, 0.5)", "(51.5, 2.5)"
og-89, "(17.0, 88.0)", "(8.5, 105.5)", "(9.5, 103.5)", "(22.5, 61.5)", "(23.5, 61.5)"
og-890, "(76.0, 14.0)", "(88.5, 40.5)", "(89.5, 43.5)", "(96.5, 42.5)", "(100.5, 42.5)"
og-891, "(91.0, 47.0)", "(60.5, 28.5)", "(60.5, 27.5)", "(66.5, 23.5)", "(66.5, 25.5)"
og-892, "(43.0, 96.0)", "(55.5, 85.5)", "(56.5, 88.5)", "(22.5, 90.5)", "(24.5, 91.5)"
og-893, "(57.0, 28.0)", "(35.5, 46.5)", "(35.5, 42.5)", "(81.5, 9.5)", "(84.5, 6.5)"
og-894, "(32.0, 100.0)", "(60.5, 110.5)", "(61.5, 113.5)", "(45.5, 69.5)", "(45.5, 70.5)"
og-895, "(25.0, 77.0)", "(50.5, 100.5)", "(51.5, 97.5)", "(49.5, 82.5)", "(47.5, 82.5)"
og-896, "(79.0, 101.0)", "(103.5, 72.5)", "(104.5, 74.5)", "(60.5, 115.5)", "(58.5, 115.5)"
og-897, "(89.0, 12.0)", "(116.5, 20.5)", "(112.5, 20.5)", "(116.5, 13.5)", "(112.5, 13.5)"
og-898, "(37.0, 19.0)", "(8.5, 44.5)", "(11.5, 46.5)", "(8.5, 19.5)", "(10.5, 19.5)"
og-899, "(100.0, 73.0)", "(89.5, 101.5)", "(88.5, 98.5)", "(82.5, 96.5)", "(82.5, 97.5)"
og-9, "(49.0, 91.0)", "(74.5, 111.5)", "(73.5, 113.5)", "(47.5, 74.5)", "(50.5, 74.5)"
og-90, "(105.0, 81.0)", "(90.5, 105.5)", "(93.5, 104.5)", "(82.5, 64.5)", "(81.5, 62.5)"
og-900, "(56.0, 25.0)", "(27.5, 0.5)", "(27.5, 2.5)", "(33.5, 40.5)", "(33.5, 42.5)"
og-901, "(18.0, 65.0)", "(33.5, 91.5)", "(31.5, 93.5)", "(42.5, 63.5)", "(43.5, 62.5)"
og-902, "(87.0, 91.0)", "(104.5, 73.5)", "(102.5, 73.5)", "(67.5, 70.5)", "(64.5, 73.5)"
og-903, "(9.0, 66.0)", "(10.5, 93.5)", "(9.5, 92.5)", "(15.5, 37.5)", "(14.5, 34.5)"
og-904, "(86.0, 93.0)", "(99.5, 72.5)", "(103.5, 73.5)", "(101.5, 100.5)", "(104.5, 99.5)"
og-905, "(48.0, 17.0)", "(68.5, 33.5)", "(67.5, 35.5)", "(41.5, 39.5)", "(41.5, 41.5)"
og-906, "(11.0, 45.0)", "(3.5, 24.5)", "(4.5, 24.5)", "(14.5, 26.5)", "(11.5, 26.5)"
og-907, "(99.0, 60.0)", "(112.5, 84.5)", "(111.5, 87.5)", "(93.5, 42.5)", "(93.5, 39.5)"
og-908, "(105.0, 85.0)", "(75.5, 105.5)", "(76.5, 108.5)", "(91.5, 83.5)", "(87.5, 84.5)"
og-909, "(9.0, 40.0)", "(33.5, 51.5)", "(35.5, 51.5)", "(24.5, 26.5)", "(23.5, 24.5)"
og-91, "(28.0, 84.0)", "(35.5, 103.5)", "(35.5, 106.5)", "(50.5, 81.5)", "(53.5, 81.5)"
og-910, "(95.0, 86.0)", "(115.5, 85.5)", "(116.5, 84.5)", "(86.5, 64.5)", "(89.5, 65.5)"
og-911, "(99.0, 45.0)", "(99.5, 27.5)", "(97.5, 27.5)", "(92.5, 24.5)", "(91.5, 23.5)"
og-912, "(18.0, 75.0)", "(9.5, 50.5)", "(8.5, 49.5)", "(42.5, 92.5)", "(40.5, 95.5)"
og-913, "(63.0, 24.0)", "(64.5, 46.5)", "(62.5, 42.5)", "(49.5, 3.5)", "(47.5, 3.5)"
og-914, "(55.0, 27.0)", "(83.5, 7.5)", "(83.5, 5.5)", "(78.5, 2.5)", "(79.5, 1.5)"
og-915, "(97.0, 53.0)", "(104.5, 76.5)", "(100.5, 78.5)", "(77.5, 23.5)", "(74.5, 23.5)"
og-916, "(99.0, 50.0)", "(95.5, 26.5)", "(95.5, 23.5)", "(71.5, 45.5)", "(70.5, 41.5)"
og-917, "(18.0, 60.0)", "(40.5, 32.5)", "(43.5, 32.5)", "(38.5, 43.5)", "(38.5, 39.5)"
og-918, "(81.0, 19.0)", "(69.5, 33.5)", "(67.5, 35.5)", "(62.5, 11.5)", "(65.5, 10.5)"
og-919, "(108.0, 41.0)", "(111.5, 61.5)", "(111.5, 64.5)", "(109.5, 54.5)", "(111.5, 54.5)"
og-92, "(11.0, 55.0)", "(15.5, 81.5)", "(15.5, 78.5)", "(5.5, 37.5)", "(7.5, 33.5)"
og-920, "(42.0, 12.0)", "(58.5, 34.5)", "(57.5, 31.5)", "(58.5, 2.5)", "(58.5, 4.5)"
og-921, "(25.0, 44.0)", "(34.5, 58.5)", "(35.5, 58.5)", "(3.5, 51.5)", "(7.5, 51.5)"
og-922, "(54.0, 108.0)", "(35.5, 104.5)", "(35.5, 103.5)", "(34.5, 88.5)", "(32.5, 85.5)"
og-923, "(38.0, 18.0)", "(61.5, 32.5)", "(64.5, 28.5)", "(42.5, 42.5)", "(43.5, 45.5)"
og-924, "(89.0, 103.0)", "(114.5, 71.5)", "(115.5, 75.5)", "(79.5, 81.5)", "(79.5, 82.5)"
og-925, "(34.0, 99.0)", "(58.5, 69.5)", "(57.5, 71.5)", "(13.5, 82.5)", "(15.5, 79.5)"
og-926, "(23.0, 78.0)", "(40.5, 61.5)", "(38.5, 62.5)", "(1.5, 56.5)", "(1.5, 55.5)"
og-927, "(27.0, 69.0)", "(20.5, 43.5)", "(22.5, 47.5)", "(39.5, 94.5)", "(40.5, 93.5)"
og-928, "(58.0, 13.0)", "(64.5, 32.5)", "(64.5, 33.5)", "(44.5, 30.5)", "(41.5, 34.5)"
og-929, "(102.0, 48.0)", "(109.5, 34.5)", "(108.5, 33.5)", "(78.5, 37.5)", "(75.5, 37.5)"
og-93, "(102.0, 36.0)", "(77.5, 33.5)", "(78.5, 31.5)", "(71.5, 51.5)", "(72.5, 51.5)"
og-930, "(104.0, 33.0)", "(86.5, 44.5)", "(89.5, 44.5)", "(76.5, 25.5)", "(78.5, 29.5)"
og-931, "(103.0, 73.0)", "(72.5, 94.5)", "(75.5, 90.5)", "(79.5, 60.5)", "(80.5, 62.5)"
og-932, "(89.0, 105.0)", "(86.5, 78.5)", "(86.5, 74.5)", "(63.5, 96.5)", "(60.5, 99.5)"
og-933, "(66.0, 95.0)", "(81.5, 115.5)", "(81.5, 113.5)", "(48.5, 72.5)", "(47.5, 70.5)"
og-934, "(17.0, 70.0)", "(31.5, 83.5)", "(35.5, 84.5)", "(8.5, 98.5)", "(8.5, 97.5)"
og-935, "(95.0, 38.0)", "(80.5, 32.5)", "(77.5, 29.5)", "(87.5, 53.5)", "(86.5, 49.5)"
og-936, "(49.0, 14.0)", "(57.5, 38.5)", "(58.5, 38.5)", "(72.5, 20.5)", "(70.5, 19.5)"
og-937, "(37.0, 98.0)", "(49.5, 116.5)", "(46.5, 114.5)", "(62.5, 111.5)", "(64.5, 109.5)"
og-938, "(12.0, 59.0)", "(36.5, 26.5)", "(35.5, 28.5)", "(17.5, 82.5)", "(19.5, 86.5)"
og-939, "(27.0, 70.0)", "(4.5, 95.5)", "(6.5, 96.5)", "(54.5, 51.5)", "(55.5, 52.5)"
og-94, "(31.0, 109.0)", "(57.5, 99.5)", "(59.5, 100.5)", "(56.5, 87.5)", "(54.5, 90.5)"
og-940, "(33.0, 28.0)", "(45.5, 13.5)", "(41.5, 13.5)", "(21.5, 6.5)", "(20.5, 7.5)"
og-941, "(20.0, 78.0)", "(42.5, 49.5)", "(43.5, 48.5)", "(11.5, 104.5)", "(10.5, 103.5)"
og-942, "(94.0, 69.0)", "(80.5, 52.5)", "(81.5, 52.5)", "(114.5, 94.5)", "(114.5, 91.5)"
og-943, "(60.0, 93.0)", "(88.5, 84.5)", "(87.5, 83.5)", "(33.5, 116.5)", "(30.5, 113.5)"
og-944, "(14.0, 66.0)", "(22.5, 93.5)", "(25.5, 92.5)", "(2.5, 42.5)", "(0.5, 41.5)"
og-945, "(44.0, 9.0)", "(19.5, 33.5)", "(18.5, 30.5)", "(66.5, 23.5)", "(68.5, 26.5)"
og-946, "(58.0, 21.0)", "(64.5, 45.5)", "(64.5, 49.5)", "(72.5, 39.5)", "(76.5, 37.5)"
og-947, "(96.0, 50.0)", "(101.5, 66.5)", "(101.5, 68.5)", "(90.5, 21.5)", "(93.5, 23.5)"
og-948, "(106.0, 81.0)", "(77.5, 93.5)", "(78.5, 90.5)", "(78.5, 57.5)", "(79.5, 60.5)"
og-949, "(97.0, 46.0)", "(83.5, 62.5)", "(85.5, 62.5)", "(103.5, 74.5)", "(104.5, 75.5)"
og-95, "(99.0, 84.0)", "(86.5, 103.5)", "(86.5, 104.5)", "(72.5, 53.5)", "(70.5, 55.5)"
og-950, "(44.0, 94.0)", "(15.5, 81.5)", "(15.5, 79.5)", "(64.5, 79.5)", "(65.5, 81.5)"
og-951, "(103.0, 43.0)", "(83.5, 25.5)", "(86.5, 25.5)", "(112.5, 27.5)", "(114.5, 26.5)"
og-952, "(17.0, 89.0)", "(24.5, 58.5)", "(22.5, 60.5)", "(44.5, 104.5)", "(43.5, 103.5)"
og-953, "(30.0, 25.0)", "(45.5, 53.5)", "(41.5, 51.5)", "(29.5, 7.5)", "(27.5, 8.5)"
og-954, "(18.0, 55.0)", "(35.5, 30.5)", "(32.5, 30.5)", "(15.5, 26.5)", "(15.5, 24.5)"
og-955, "(95.0, 84.0)", "(98.5, 105.5)", "(97.5, 104.5)", "(95.5, 61.5)", "(91.5, 58.5)"
og-956, "(100.0, 59.0)", "(88.5, 31.5)", "(84.5, 29.5)", "(115.5, 72.5)", "(115.5, 73.5)"
og-957, "(88.0, 11.0)", "(70.5, 37.5)", "(72.5, 40.5)", "(64.5, 34.5)", "(63.5, 34.5)"
og-958, "(12.0, 71.0)", "(5.5, 41.5)", "(4.5, 41.5)", "(20.5, 42.5)", "(21.5, 43.5)"
og-959, "(31.0, 102.0)", "(22.5, 88.5)", "(22.5, 85.5)", "(55.5, 81.5)", "(57.5, 80.5)"
og-96, "(33.0, 14.0)", "(4.5, 11.5)", "(1.5, 13.5)", "(18.5, 35.5)", "(18.5, 37.5)"
og-960, "(98.0, 70.0)", "(84.5, 59.5)", "(83.5, 62.5)", "(73.5, 82.5)", "(71.5, 82.5)"
og-961, "(75.0, 103.0)", "(75.5, 84.5)", "(77.5, 84.5)", "(95.5, 81.5)", "(98.5, 80.5)"
og-962, "(16.0, 88.0)", "(12.5, 112.5)", "(13.5, 113.5)", "(27.5, 61.5)", "(27.5, 63.5)"
og-963, "(58.0, 98.0)", "(61.5, 82.5)", "(59.5, 82.5)", "(50.5, 70.5)", "(49.5, 71.5)"
og-964, "(13.0, 78.0)", "(12.5, 99.5)", "(14.5, 99.5)", "(35.5, 102.5)", "(35.5, 103.5)"
og-965, "(107.0, 54.0)", "(111.5, 79.5)", "(115.5, 82.5)", "(78.5, 27.5)", "(77.5, 27.5)"
og-966, "(14.0, 39.0)", "(33.5, 65.5)", "(29.5, 63.5)", "(38.5, 54.5)", "(38.5, 57.5)"
og-967, "(48.0, 105.0)", "(62.5, 99.5)", "(62.5, 98.5)", "(73.5, 95.5)", "(70.5, 91.5)"
og-968, "(90.0, 91.0)", "(108.5, 65.5)", "(108.5, 67.5)", "(99.5, 112.5)", "(99.5, 115.5)"
og-969, "(60.0, 21.0)", "(77.5, 44.5)", "(77.5, 42.5)", "(67.5, 38.5)", "(66.5, 40.5)"
og-97, "(109.0, 67.0)", "(97.5, 50.5)", "(99.5, 49.5)", "(92.5, 85.5)", "(96.5, 87.5)"
og-970, "(28.0, 36.0)", "(11.5, 51.5)", "(11.5, 53.5)", "(45.5, 63.5)", "(48.5, 61.5)"
og-971, "(78.0, 25.0)", "(105.5, 9.5)", "(105.5, 11.5)", "(56.5, 0.5)", "(55.5, 0.5)"
og-972, "(51.0, 99.0)", "(57.5, 80.5)", "(56.5, 81.5)", "(45.5, 73.5)", "(46.5, 73.5)"
og-973, "(81.0, 20.0)", "(66.5, 0.5)", "(67.5, 0.5)", "(50.5, 44.5)", "(51.5, 45.5)"
og-974, "(16.0, 81.0)", "(30.5, 55.5)", "(33.5, 55.5)", "(29.5, 63.5)", "(25.5, 64.5)"
og-975, "(34.0, 27.0)", "(37.5, 48.5)", "(37.5, 44.5)", "(60.5, 54.5)", "(58.5, 54.5)"
og-976, "(102.0, 50.0)", "(93.5, 29.5)", "(92.5, 32.5)", "(106.5, 32.5)", "(106.5, 30.5)"
og-977, "(10.0, 85.0)", "(34.5, 100.5)", "(32.5, 103.5)", "(32.5, 107.5)", "(31.5, 105.5)"
og-978, "(27.0, 33.0)", "(56.5, 9.5)", "(56.5, 13.5)", "(46.5, 4.5)", "(47.5, 3.5)"
og-979, "(98.0, 56.0)", "(112.5, 82.5)", "(111.5, 83.5)", "(108.5, 35.5)", "(109.5, 33.5)"
og-98, "(53.0, 96.0)", "(35.5, 80.5)", "(37.5, 80.5)", "(68.5, 74.5)", "(68.5, 73.5)"
og-980, "(13.0, 77.0)", "(24.5, 45.5)", "(24.5, 44.5)", "(34.5, 103.5)", "(36.5, 104.5)"
og-981, "(28.0, 56.0)", "(10.5, 37.5)", "(14.5, 37.5)", "(26.5, 33.5)", "(24.5, 32.5)"
og-982, "(104.0, 33.0)", "(105.5, 56.5)", "(107.5, 54.5)", "(110.5, 4.5)", "(106.5, 6.5)"
og-983, "(64.0, 18.0)", "(84.5, 17.5)", "(85.5, 16.5)", "(76.5, 39.5)", "(76.5, 40.5)"
og-984, "(19.0, 52.0)", "(2.5, 75.5)", "(3.5, 75.5)", "(33.5, 72.5)", "(35.5, 73.5)"
og-985, "(78.0, 25.0)", "(89.5, 37.5)", "(91.5, 40.5)", "(82.5, 43.5)", "(85.5, 43.5)"
og-986, "(18.0, 31.0)", "(19.5, 51.5)", "(16.5, 49.5)", "(42.5, 24.5)", "(41.5, 25.5)"
og-987, "(67.0, 18.0)", "(38.5, 20.5)", "(34.5, 19.5)", "(53.5, 33.5)", "(55.5, 30.5)"
og-988, "(54.0, 102.0)", "(62.5, 72.5)", "(60.5, 69.5)", "(71.5, 102.5)", "(70.5, 99.5)"
og-989, "(82.0, 13.0)", "(58.5, 27.5)", "(60.5, 29.5)", "(55.5, 8.5)", "(55.5, 10.5)"
og-99, "(96.0, 60.0)", "(67.5, 32.5)", "(69.5, 32.5)", "(78.5, 33.5)", "(79.5, 35.5)"
og-990, "(36.0, 21.0)", "(18.5, 19.5)", "(19.5, 18.5)", "(58.5, 25.5)", "(60.5, 28.5)"
og-991, "(75.0, 24.0)", "(53.5, 6.5)", "(54.5, 4.5)", "(88.5, 36.5)", "(87.5, 36.5)"
og-992, "(16.0, 53.0)", "(8.5, 77.5)", "(6.5, 78.5)", "(36.5, 53.5)", "(38.5, 53.5)"
og-993, "(97.0, 35.0)", "(75.5, 29.5)", "(73.5, 33.5)", "(110.5, 63.5)", "(113.5, 63.5)"
og-994, "(82.0, 98.0)", "(85.5, 77.5)", "(86.5, 78.5)", "(75.5, 111.5)", "(76.5, 111.5)"
og-995, "(85.0, 96.0)", "(55.5, 105.5)", "(53.5, 106.5)", "(110.5, 94.5)", "(113.5, 93.5)"
og-996, "(89.0, 109.0)", "(91.5, 80.5)", "(91.5, 79.5)", "(82.5, 85.5)", "(81.5, 82.5)"
og-997, "(35.0, 11.0)", "(62.5, 31.5)", "(60.5, 32.5)", "(14.5, 23.5)", "(16.5, 26.5)"
og-998, "(28.0, 41.0)", "(12.5, 26.5)", "(12.5, 25.5)", "(51.5, 40.5)", "(52.5, 42.5)"
og-999, "(37.0, 26.0)", "(53.5, 24.5)", "(53.5, 25.5)", "(33.5, 45.5)", "(32.5, 48.5)"