twogroups-0, "(33.0, 89.0)", "(25.5, 69.5)", "(23.5, 70.5)", "(2.5, 88.5)", "(3.5, 88.5)"
twogroups-1, "(51.0, 99.0)", "(81.5, 104.5)", "(82.5, 105.5)", "(29.5, 104.5)", "(27.5, 104.5)"
twogroups-10, "(86.0, 29.0)", "(89.5, 54.5)", "(90.5, 54.5)", "(115.5, 37.5)", "(116.5, 37.5)"
twogroups-100, "(43.0, 23.0)", "(21.5, 27.5)", "(20.5, 30.5)", "(32.5, 40.5)", "(32.5, 37.5)"
twogroups-101, "(63.0, 20.0)", "(66.5, 40.5)", "(67.5, 39.5)", "(56.5, 39.5)", "(58.5, 40.5)"
twogroups-102, "(29.0, 86.0)", "(25.5, 115.5)", "(26.5, 115.5)", "(3.5, 90.5)", "(1.5, 92.5)"
twogroups-103, "(99.0, 56.0)", "(94.5, 33.5)", "(97.5, 33.5)", "(116.5, 77.5)", "(115.5, 78.5)"
twogroups-104, "(43.0, 23.0)", "(48.5, 2.5)", "(50.5, 1.5)", "(60.5, 28.5)", "(61.5, 28.5)"
twogroups-105, "(55.0, 99.0)", "(46.5, 76.5)", "(44.5, 78.5)", "(41.5, 115.5)", "(42.5, 115.5)"
twogroups-106, "(94.0, 39.0)", "(114.5, 28.5)", "(115.5, 28.5)", "(106.5, 62.5)", "(103.5, 63.5)"
twogroups-107, "(81.0, 93.0)", "(111.5, 97.5)", "(110.5, 97.5)", "(61.5, 98.5)", "(61.5, 99.5)"
twogroups-108, "(97.0, 47.0)", "(90.5, 63.5)", "(87.5, 64.5)", "(66.5, 53.5)", "(67.5, 54.5)"
twogroups-109, "(87.0, 88.0)", "(106.5, 93.5)", "(106.5, 91.5)", "(56.5, 79.5)", "(59.5, 78.5)"
twogroups-11, "(44.0, 23.0)", "(26.5, 13.5)", "(30.5, 12.5)", "(69.5, 32.5)", "(70.5, 32.5)"
twogroups-110, "(80.0, 94.0)", "(99.5, 94.5)", "(99.5, 98.5)", "(109.5, 98.5)", "(110.5, 95.5)"
twogroups-111, "(27.0, 36.0)", "(18.5, 19.5)", "(15.5, 20.5)", "(22.5, 56.5)", "(23.5, 56.5)"
twogroups-112, "(99.0, 63.0)", "(85.5, 50.5)", "(85.5, 48.5)", "(118.5, 50.5)", "(119.5, 50.5)"
twogroups-113, "(99.0, 67.0)", "(78.5, 66.5)", "(77.5, 66.5)", "(119.5, 66.5)", "(119.5, 67.5)"
twogroups-114, "(20.0, 65.0)", "(9.5, 46.5)", "(10.5, 45.5)", "(24.5, 43.5)", "(27.5, 44.5)"
twogroups-115, "(96.0, 44.0)", "(91.5, 63.5)", "(93.5, 64.5)", "(74.5, 40.5)", "(76.5, 40.5)"
twogroups-116, "(97.0, 73.0)", "(79.5, 67.5)", "(78.5, 66.5)", "(112.5, 82.5)", "(112.5, 83.5)"
twogroups-117, "(92.0, 37.0)", "(91.5, 13.5)", "(91.5, 15.5)", "(109.5, 45.5)", "(110.5, 43.5)"
twogroups-118, "(23.0, 76.0)", "(30.5, 97.5)", "(28.5, 98.5)", "(2.5, 73.5)", "(3.5, 73.5)"
twogroups-119, "(98.0, 49.0)", "(95.5, 20.5)", "(94.5, 20.5)", "(75.5, 43.5)", "(74.5, 39.5)"
twogroups-12, "(87.0, 89.0)", "(62.5, 72.5)", "(60.5, 74.5)", "(102.5, 62.5)", "(102.5, 64.5)"
twogroups-120, "(95.0, 79.0)", "(84.5, 95.5)", "(84.5, 94.5)", "(109.5, 89.5)", "(109.5, 92.5)"
twogroups-121, "(34.0, 29.0)", "(41.5, 47.5)", "(44.5, 45.5)", "(13.5, 15.5)", "(12.5, 15.5)"
twogroups-122, "(51.0, 20.0)", "(28.5, 17.5)", "(28.5, 18.5)", "(55.5, 40.5)", "(53.5, 40.5)"
twogroups-123, "(78.0, 24.0)", "(66.5, 40.5)", "(65.5, 40.5)", "(96.5, 7.5)", "(96.5, 10.5)"
twogroups-124, "(99.0, 54.0)", "(108.5, 25.5)", "(105.5, 22.5)", "(117.5, 44.5)", "(116.5, 41.5)"
twogroups-125, "(84.0, 28.0)", "(55.5, 38.5)", "(56.5, 38.5)", "(114.5, 30.5)", "(114.5, 27.5)"
twogroups-126, "(31.0, 31.0)", "(49.5, 23.5)", "(50.5, 23.5)", "(46.5, 42.5)", "(49.5, 38.5)"
twogroups-127, "(20.0, 62.0)", "(9.5, 80.5)", "(8.5, 78.5)", "(40.5, 73.5)", "(36.5, 71.5)"
twogroups-128, "(46.0, 22.0)", "(48.5, 44.5)", "(44.5, 45.5)", "(38.5, 40.5)", "(34.5, 39.5)"
twogroups-129, "(65.0, 99.0)", "(36.5, 113.5)", "(36.5, 114.5)", "(91.5, 116.5)", "(93.5, 112.5)"
twogroups-13, "(51.0, 20.0)", "(35.5, 32.5)", "(37.5, 29.5)", "(53.5, 51.5)", "(55.5, 50.5)"
twogroups-130, "(55.0, 99.0)", "(74.5, 98.5)", "(74.5, 97.5)", "(81.5, 117.5)", "(80.5, 116.5)"
twogroups-131, "(62.0, 99.0)", "(89.5, 107.5)", "(89.5, 103.5)", "(89.5, 84.5)", "(90.5, 86.5)"
twogroups-132, "(99.0, 65.0)", "(77.5, 53.5)", "(80.5, 53.5)", "(88.5, 35.5)", "(90.5, 34.5)"
twogroups-133, "(21.0, 47.0)", "(29.5, 68.5)", "(32.5, 66.5)", "(0.5, 45.5)", "(2.5, 46.5)"
twogroups-134, "(79.0, 25.0)", "(86.5, 54.5)", "(87.5, 54.5)", "(87.5, 41.5)", "(88.5, 40.5)"
twogroups-135, "(22.0, 74.0)", "(40.5, 83.5)", "(42.5, 80.5)", "(49.5, 90.5)", "(49.5, 91.5)"
twogroups-136, "(38.0, 93.0)", "(55.5, 98.5)", "(56.5, 95.5)", "(63.5, 100.5)", "(64.5, 96.5)"
twogroups-137, "(98.0, 50.0)", "(96.5, 69.5)", "(96.5, 68.5)", "(88.5, 72.5)", "(89.5, 71.5)"
twogroups-138, "(94.0, 80.0)", "(92.5, 57.5)", "(91.5, 57.5)", "(75.5, 87.5)", "(76.5, 90.5)"
twogroups-139, "(75.0, 23.0)", "(56.5, 23.5)", "(58.5, 27.5)", "(84.5, 44.5)", "(83.5, 44.5)"
twogroups-14, "(78.0, 24.0)", "(86.5, 49.5)", "(84.5, 49.5)", "(68.5, 44.5)", "(66.5, 43.5)"
twogroups-140, "(43.0, 23.0)", "(13.5, 12.5)", "(15.5, 13.5)", "(44.5, 50.5)", "(45.5, 49.5)"
twogroups-141, "(67.0, 99.0)", "(85.5, 85.5)", "(83.5, 85.5)", "(95.5, 87.5)", "(94.5, 85.5)"
twogroups-142, "(75.0, 96.0)", "(91.5, 103.5)", "(94.5, 100.5)", "(93.5, 92.5)", "(93.5, 90.5)"
twogroups-143, "(99.0, 66.0)", "(82.5, 54.5)", "(83.5, 57.5)", "(107.5, 84.5)", "(109.5, 82.5)"
twogroups-144, "(31.0, 88.0)", "(20.5, 109.5)", "(21.5, 109.5)", "(37.5, 60.5)", "(37.5, 62.5)"
twogroups-145, "(24.0, 41.0)", "(44.5, 44.5)", "(46.5, 42.5)", "(8.5, 51.5)", "(7.5, 52.5)"
twogroups-146, "(89.0, 33.0)", "(101.5, 10.5)", "(102.5, 8.5)", "(71.5, 28.5)", "(70.5, 28.5)"
twogroups-147, "(31.0, 87.0)", "(29.5, 107.5)", "(30.5, 106.5)", "(15.5, 94.5)", "(12.5, 92.5)"
twogroups-148, "(94.0, 39.0)", "(67.5, 41.5)", "(68.5, 39.5)", "(112.5, 61.5)", "(111.5, 60.5)"
twogroups-149, "(84.0, 91.0)", "(90.5, 108.5)", "(92.5, 107.5)", "(71.5, 117.5)", "(71.5, 118.5)"
twogroups-15, "(52.0, 99.0)", "(19.5, 93.5)", "(21.5, 97.5)", "(47.5, 79.5)", "(48.5, 79.5)"
twogroups-150, "(65.0, 99.0)", "(36.5, 92.5)", "(39.5, 91.5)", "(86.5, 106.5)", "(87.5, 103.5)"
twogroups-151, "(20.0, 68.0)", "(17.5, 49.5)", "(20.5, 47.5)", "(33.5, 92.5)", "(34.5, 91.5)"
twogroups-152, "(33.0, 30.0)", "(8.5, 31.5)", "(10.5, 32.5)", "(39.5, 50.5)", "(35.5, 50.5)"
twogroups-153, "(93.0, 81.0)", "(73.5, 87.5)", "(73.5, 90.5)", "(74.5, 84.5)", "(74.5, 85.5)"
twogroups-154, "(43.0, 96.0)", "(38.5, 68.5)", "(38.5, 71.5)", "(37.5, 75.5)", "(36.5, 75.5)"
twogroups-155, "(87.0, 30.0)", "(83.5, 8.5)", "(85.5, 5.5)", "(98.5, 48.5)", "(96.5, 44.5)"
twogroups-156, "(90.0, 34.0)", "(119.5, 29.5)", "(119.5, 30.5)", "(106.5, 45.5)", "(106.5, 42.5)"
twogroups-157, "(93.0, 38.0)", "(72.5, 25.5)", "(70.5, 29.5)", "(107.5, 45.5)", "(111.5, 48.5)"
twogroups-158, "(29.0, 33.0)", "(43.5, 40.5)", "(48.5, 40.5)", "(32.5, 62.5)", "(31.5, 63.5)"
twogroups-159, "(83.0, 27.0)", "(106.5, 30.5)", "(106.5, 26.5)", "(102.5, 24.5)", "(102.5, 22.5)"
twogroups-16, "(40.0, 94.0)", "(28.5, 106.5)", "(31.5, 106.5)", "(52.5, 103.5)", "(56.5, 101.5)"
twogroups-160, "(98.0, 48.0)", "(108.5, 68.5)", "(109.5, 64.5)", "(77.5, 46.5)", "(78.5, 43.5)"
twogroups-161, "(96.0, 76.0)", "(106.5, 100.5)", "(109.5, 100.5)", "(81.5, 99.5)", "(85.5, 100.5)"
twogroups-162, "(98.0, 71.0)", "(90.5, 101.5)", "(89.5, 100.5)", "(72.5, 59.5)", "(73.5, 56.5)"
twogroups-163, "(84.0, 28.0)", "(72.5, 44.5)", "(71.5, 46.5)", "(108.5, 36.5)", "(108.5, 37.5)"
twogroups-164, "(76.0, 96.0)", "(87.5, 86.5)", "(88.5, 87.5)", "(50.5, 83.5)", "(53.5, 84.5)"
twogroups-165, "(44.0, 96.0)", "(40.5, 115.5)", "(38.5, 115.5)", "(51.5, 66.5)", "(49.5, 64.5)"
twogroups-166, "(79.0, 94.0)", "(85.5, 119.5)", "(86.5, 119.5)", "(65.5, 109.5)", "(65.5, 105.5)"
twogroups-167, "(32.0, 30.0)", "(42.5, 15.5)", "(42.5, 13.5)", "(23.5, 56.5)", "(23.5, 55.5)"
twogroups-168, "(20.0, 53.0)", "(51.5, 55.5)", "(51.5, 53.5)", "(40.5, 47.5)", "(38.5, 44.5)"
twogroups-169, "(29.0, 33.0)", "(37.5, 55.5)", "(39.5, 53.5)", "(51.5, 37.5)", "(52.5, 37.5)"
twogroups-17, "(34.0, 29.0)", "(59.5, 34.5)", "(59.5, 35.5)", "(45.5, 37.5)", "(46.5, 37.5)"
twogroups-170, "(29.0, 34.0)", "(24.5, 64.5)", "(23.5, 64.5)", "(0.5, 42.5)", "(0.5, 46.5)"
twogroups-171, "(68.0, 20.0)", "(43.5, 17.5)", "(43.5, 16.5)", "(72.5, 42.5)", "(73.5, 42.5)"
twogroups-172, "(20.0, 64.0)", "(36.5, 91.5)", "(39.5, 88.5)", "(42.5, 59.5)", "(42.5, 58.5)"
twogroups-173, "(89.0, 86.0)", "(92.5, 116.5)", "(93.5, 115.5)", "(85.5, 115.5)", "(86.5, 116.5)"
twogroups-174, "(31.0, 31.0)", "(43.5, 44.5)", "(43.5, 47.5)", "(14.5, 53.5)", "(14.5, 55.5)"
twogroups-175, "(31.0, 31.0)", "(50.5, 33.5)", "(52.5, 29.5)", "(32.5, 9.5)", "(33.5, 11.5)"
twogroups-176, "(62.0, 20.0)", "(41.5, 10.5)", "(41.5, 14.5)", "(32.5, 19.5)", "(30.5, 17.5)"
twogroups-177, "(71.0, 21.0)", "(60.5, 40.5)", "(59.5, 40.5)", "(74.5, 52.5)", "(73.5, 52.5)"
twogroups-178, "(20.0, 52.0)", "(50.5, 44.5)", "(50.5, 43.5)", "(10.5, 73.5)", "(10.5, 72.5)"
twogroups-179, "(37.0, 27.0)", "(46.5, 0.5)", "(44.5, 0.5)", "(28.5, 8.5)", "(28.5, 9.5)"
twogroups-18, "(74.0, 22.0)", "(94.5, 32.5)", "(96.5, 28.5)", "(45.5, 20.5)", "(48.5, 21.5)"
twogroups-180, "(43.0, 96.0)", "(17.5, 104.5)", "(18.5, 108.5)", "(24.5, 84.5)", "(24.5, 88.5)"
twogroups-181, "(73.0, 22.0)", "(56.5, 44.5)", "(53.5, 46.5)", "(98.5, 39.5)", "(99.5, 38.5)"
twogroups-182, "(99.0, 63.0)", "(68.5, 70.5)", "(67.5, 72.5)", "(109.5, 81.5)", "(105.5, 77.5)"
twogroups-183, "(41.0, 24.0)", "(15.5, 11.5)", "(15.5, 15.5)", "(16.5, 26.5)", "(17.5, 24.5)"
twogroups-184, "(23.0, 76.0)", "(26.5, 102.5)", "(27.5, 102.5)", "(29.5, 95.5)", "(28.5, 95.5)"
twogroups-185, "(91.0, 34.0)", "(69.5, 42.5)", "(70.5, 44.5)", "(102.5, 42.5)", "(106.5, 44.5)"
twogroups-186, "(93.0, 38.0)", "(111.5, 28.5)", "(112.5, 28.5)", "(68.5, 44.5)", "(67.5, 47.5)"
twogroups-187, "(98.0, 70.0)", "(72.5, 73.5)", "(71.5, 71.5)", "(79.5, 56.5)", "(78.5, 54.5)"
twogroups-188, "(74.0, 97.0)", "(49.5, 105.5)", "(46.5, 105.5)", "(101.5, 101.5)", "(101.5, 98.5)"
twogroups-189, "(99.0, 65.0)", "(88.5, 40.5)", "(88.5, 38.5)", "(103.5, 83.5)", "(106.5, 82.5)"
twogroups-19, "(20.0, 52.0)", "(37.5, 78.5)", "(39.5, 76.5)", "(43.5, 57.5)", "(42.5, 57.5)"
twogroups-190, "(20.0, 57.0)", "(32.5, 64.5)", "(35.5, 66.5)", "(26.5, 24.5)", "(26.5, 26.5)"
twogroups-191, "(34.0, 91.0)", "(29.5, 112.5)", "(30.5, 112.5)", "(21.5, 117.5)", "(18.5, 116.5)"
twogroups-192, "(78.0, 24.0)", "(66.5, 39.5)", "(66.5, 36.5)", "(88.5, 9.5)", "(87.5, 6.5)"
twogroups-193, "(89.0, 32.0)", "(106.5, 18.5)", "(106.5, 21.5)", "(71.5, 21.5)", "(71.5, 17.5)"
twogroups-194, "(99.0, 58.0)", "(92.5, 89.5)", "(90.5, 88.5)", "(113.5, 35.5)", "(114.5, 34.5)"
twogroups-195, "(42.0, 24.0)", "(48.5, 42.5)", "(48.5, 41.5)", "(65.5, 25.5)", "(65.5, 24.5)"
twogroups-196, "(88.0, 31.0)", "(91.5, 11.5)", "(88.5, 10.5)", "(91.5, 61.5)", "(90.5, 60.5)"
twogroups-197, "(48.0, 98.0)", "(55.5, 116.5)", "(55.5, 112.5)", "(44.5, 73.5)", "(48.5, 74.5)"
twogroups-198, "(22.0, 73.0)", "(18.5, 95.5)", "(15.5, 96.5)", "(37.5, 100.5)", "(34.5, 101.5)"
twogroups-199, "(20.0, 56.0)", "(48.5, 44.5)", "(49.5, 41.5)", "(24.5, 75.5)", "(25.5, 75.5)"
twogroups-2, "(21.0, 70.0)", "(23.5, 87.5)", "(24.5, 87.5)", "(27.5, 42.5)", "(27.5, 44.5)"
twogroups-20, "(32.0, 30.0)", "(35.5, 55.5)", "(36.5, 55.5)", "(28.5, 8.5)", "(28.5, 7.5)"
twogroups-200, "(64.0, 99.0)", "(50.5, 117.5)", "(53.5, 115.5)", "(73.5, 83.5)", "(71.5, 83.5)"
twogroups-201, "(61.0, 99.0)", "(42.5, 105.5)", "(44.5, 103.5)", "(32.5, 94.5)", "(34.5, 90.5)"
twogroups-202, "(29.0, 34.0)", "(20.5, 18.5)", "(21.5, 15.5)", "(19.5, 59.5)", "(18.5, 58.5)"
twogroups-203, "(67.0, 20.0)", "(64.5, 40.5)", "(61.5, 39.5)", "(76.5, 45.5)", "(79.5, 44.5)"
twogroups-204, "(69.0, 98.0)", "(64.5, 115.5)", "(62.5, 114.5)", "(87.5, 93.5)", "(87.5, 95.5)"
twogroups-205, "(23.0, 43.0)", "(6.5, 34.5)", "(4.5, 34.5)", "(15.5, 24.5)", "(14.5, 23.5)"
twogroups-206, "(26.0, 38.0)", "(12.5, 28.5)", "(9.5, 29.5)", "(16.5, 19.5)", "(16.5, 18.5)"
twogroups-207, "(36.0, 27.0)", "(43.5, 48.5)", "(44.5, 48.5)", "(25.5, 42.5)", "(24.5, 39.5)"
twogroups-208, "(96.0, 44.0)", "(71.5, 31.5)", "(71.5, 30.5)", "(105.5, 68.5)", "(102.5, 69.5)"
twogroups-209, "(38.0, 93.0)", "(38.5, 69.5)", "(36.5, 70.5)", "(41.5, 113.5)", "(44.5, 112.5)"
twogroups-21, "(52.0, 99.0)", "(65.5, 75.5)", "(66.5, 75.5)", "(81.5, 110.5)", "(81.5, 107.5)"
twogroups-210, "(26.0, 37.0)", "(33.5, 19.5)", "(30.5, 17.5)", "(28.5, 67.5)", "(31.5, 66.5)"
twogroups-211, "(21.0, 50.0)", "(37.5, 40.5)", "(37.5, 39.5)", "(26.5, 28.5)", "(27.5, 28.5)"
twogroups-212, "(29.0, 85.0)", "(20.5, 99.5)", "(16.5, 102.5)", "(39.5, 103.5)", "(39.5, 102.5)"
twogroups-213, "(70.0, 98.0)", "(74.5, 117.5)", "(75.5, 117.5)", "(44.5, 106.5)", "(45.5, 106.5)"
twogroups-214, "(20.0, 59.0)", "(36.5, 71.5)", "(39.5, 72.5)", "(22.5, 80.5)", "(22.5, 79.5)"
twogroups-215, "(97.0, 74.0)", "(113.5, 68.5)", "(112.5, 65.5)", "(100.5, 96.5)", "(99.5, 96.5)"
twogroups-216, "(58.0, 20.0)", "(33.5, 19.5)", "(34.5, 21.5)", "(35.5, 6.5)", "(32.5, 8.5)"
twogroups-217, "(88.0, 31.0)", "(59.5, 32.5)", "(59.5, 31.5)", "(99.5, 50.5)", "(101.5, 54.5)"
twogroups-218, "(97.0, 46.0)", "(71.5, 46.5)", "(69.5, 45.5)", "(92.5, 66.5)", "(92.5, 65.5)"
twogroups-219, "(25.0, 39.0)", "(1.5, 53.5)", "(1.5, 52.5)", "(54.5, 44.5)", "(55.5, 41.5)"
twogroups-22, "(55.0, 20.0)", "(53.5, 42.5)", "(52.5, 43.5)", "(79.5, 2.5)", "(80.5, 0.5)"
twogroups-220, "(97.0, 45.0)", "(109.5, 64.5)", "(112.5, 67.5)", "(117.5, 49.5)", "(117.5, 48.5)"
twogroups-221, "(31.0, 88.0)", "(21.5, 63.5)", "(22.5, 62.5)", "(54.5, 88.5)", "(53.5, 89.5)"
twogroups-222, "(51.0, 20.0)", "(62.5, 33.5)", "(60.5, 34.5)", "(49.5, 43.5)", "(53.5, 42.5)"
twogroups-223, "(91.0, 84.0)", "(114.5, 77.5)", "(113.5, 77.5)", "(69.5, 94.5)", "(70.5, 92.5)"
twogroups-224, "(21.0, 49.0)", "(16.5, 30.5)", "(18.5, 31.5)", "(47.5, 53.5)", "(48.5, 53.5)"
twogroups-225, "(22.0, 45.0)", "(28.5, 23.5)", "(32.5, 24.5)", "(37.5, 31.5)", "(36.5, 33.5)"
twogroups-226, "(99.0, 53.0)", "(104.5, 28.5)", "(104.5, 30.5)", "(88.5, 74.5)", "(90.5, 75.5)"
twogroups-227, "(68.0, 20.0)", "(61.5, 42.5)", "(61.5, 41.5)", "(72.5, 47.5)", "(71.5, 46.5)"
twogroups-228, "(89.0, 87.0)", "(83.5, 117.5)", "(83.5, 116.5)", "(97.5, 60.5)", "(98.5, 60.5)"
twogroups-229, "(78.0, 24.0)", "(54.5, 32.5)", "(56.5, 29.5)", "(98.5, 28.5)", "(98.5, 27.5)"
twogroups-23, "(44.0, 96.0)", "(72.5, 83.5)", "(70.5, 80.5)", "(14.5, 82.5)", "(16.5, 83.5)"
twogroups-230, "(38.0, 26.0)", "(17.5, 35.5)", "(17.5, 36.5)", "(35.5, 45.5)", "(36.5, 44.5)"
twogroups-231, "(47.0, 21.0)", "(38.5, 5.5)", "(35.5, 6.5)", "(37.5, 38.5)", "(41.5, 39.5)"
twogroups-232, "(54.0, 99.0)", "(71.5, 96.5)", "(71.5, 97.5)", "(65.5, 107.5)", "(69.5, 108.5)"
twogroups-233, "(43.0, 96.0)", "(11.5, 98.5)", "(10.5, 95.5)", "(35.5, 108.5)", "(33.5, 111.5)"
twogroups-234, "(27.0, 83.0)", "(56.5, 88.5)", "(56.5, 87.5)", "(48.5, 94.5)", "(47.5, 93.5)"
twogroups-235, "(50.0, 21.0)", "(53.5, 41.5)", "(53.5, 42.5)", "(35.5, 11.5)", "(37.5, 7.5)"
twogroups-236, "(55.0, 20.0)", "(67.5, 28.5)", "(69.5, 31.5)", "(31.5, 23.5)", "(30.5, 21.5)"
twogroups-237, "(89.0, 87.0)", "(99.5, 67.5)", "(101.5, 65.5)", "(86.5, 109.5)", "(89.5, 110.5)"
twogroups-238, "(21.0, 69.0)", "(37.5, 96.5)", "(37.5, 95.5)", "(24.5, 86.5)", "(22.5, 87.5)"
twogroups-239, "(56.0, 99.0)", "(76.5, 97.5)", "(75.5, 100.5)", "(43.5, 113.5)", "(46.5, 111.5)"
twogroups-24, "(42.0, 95.0)", "(62.5, 98.5)", "(62.5, 96.5)", "(54.5, 118.5)", "(51.5, 119.5)"
twogroups-240, "(22.0, 73.0)", "(53.5, 79.5)", "(53.5, 75.5)", "(34.5, 101.5)", "(37.5, 100.5)"
twogroups-241, "(40.0, 25.0)", "(19.5, 27.5)", "(21.5, 26.5)", "(54.5, 36.5)", "(58.5, 36.5)"
twogroups-242, "(49.0, 98.0)", "(48.5, 67.5)", "(51.5, 68.5)", "(55.5, 79.5)", "(56.5, 79.5)"
twogroups-243, "(92.0, 82.0)", "(107.5, 72.5)", "(106.5, 70.5)", "(71.5, 90.5)", "(72.5, 88.5)"
twogroups-244, "(32.0, 30.0)", "(12.5, 15.5)", "(11.5, 15.5)", "(48.5, 8.5)", "(47.5, 8.5)"
twogroups-245, "(45.0, 97.0)", "(27.5, 104.5)", "(27.5, 105.5)", "(63.5, 111.5)", "(64.5, 109.5)"
twogroups-246, "(20.0, 51.0)", "(43.5, 65.5)", "(45.5, 61.5)", "(8.5, 34.5)", "(9.5, 34.5)"
twogroups-247, "(72.0, 22.0)", "(70.5, 52.5)", "(69.5, 53.5)", "(64.5, 47.5)", "(63.5, 47.5)"
twogroups-248, "(34.0, 29.0)", "(20.5, 48.5)", "(21.5, 51.5)", "(36.5, 47.5)", "(39.5, 47.5)"
twogroups-249, "(86.0, 29.0)", "(55.5, 23.5)", "(55.5, 26.5)", "(80.5, 11.5)", "(81.5, 10.5)"
twogroups-25, "(95.0, 40.0)", "(97.5, 67.5)", "(93.5, 66.5)", "(64.5, 41.5)", "(65.5, 41.5)"
twogroups-250, "(87.0, 88.0)", "(103.5, 98.5)", "(103.5, 97.5)", "(81.5, 117.5)", "(82.5, 117.5)"
twogroups-251, "(45.0, 97.0)", "(74.5, 105.5)", "(75.5, 105.5)", "(29.5, 87.5)", "(27.5, 91.5)"
twogroups-252, "(34.0, 91.0)", "(48.5, 117.5)", "(45.5, 118.5)", "(20.5, 118.5)", "(21.5, 118.5)"
twogroups-253, "(34.0, 28.0)", "(56.5, 42.5)", "(58.5, 44.5)", "(53.5, 31.5)", "(54.5, 28.5)"
twogroups-254, "(99.0, 52.0)", "(79.5, 46.5)", "(81.5, 46.5)", "(103.5, 29.5)", "(104.5, 29.5)"
twogroups-255, "(59.0, 99.0)", "(41.5, 94.5)", "(41.5, 93.5)", "(62.5, 66.5)", "(65.5, 68.5)"
twogroups-256, "(53.0, 20.0)", "(33.5, 18.5)", "(34.5, 18.5)", "(29.5, 22.5)", "(30.5, 19.5)"
twogroups-257, "(31.0, 87.0)", "(52.5, 94.5)", "(53.5, 92.5)", "(11.5, 90.5)", "(13.5, 89.5)"
twogroups-258, "(66.0, 99.0)", "(68.5, 119.5)", "(69.5, 119.5)", "(78.5, 69.5)", "(77.5, 70.5)"
twogroups-259, "(58.0, 20.0)", "(89.5, 23.5)", "(90.5, 23.5)", "(40.5, 20.5)", "(38.5, 24.5)"
twogroups-26, "(38.0, 93.0)", "(38.5, 116.5)", "(41.5, 115.5)", "(20.5, 105.5)", "(22.5, 105.5)"
twogroups-260, "(97.0, 73.0)", "(94.5, 99.5)", "(95.5, 100.5)", "(78.5, 82.5)", "(80.5, 79.5)"
twogroups-261, "(51.0, 99.0)", "(63.5, 106.5)", "(67.5, 109.5)", "(40.5, 79.5)", "(42.5, 81.5)"
twogroups-262, "(98.0, 49.0)", "(81.5, 37.5)", "(84.5, 36.5)", "(83.5, 71.5)", "(80.5, 67.5)"
twogroups-263, "(83.0, 92.0)", "(94.5, 115.5)", "(91.5, 116.5)", "(99.5, 80.5)", "(98.5, 79.5)"
twogroups-264, "(65.0, 99.0)", "(84.5, 99.5)", "(84.5, 98.5)", "(37.5, 114.5)", "(38.5, 113.5)"
twogroups-265, "(99.0, 56.0)", "(117.5, 50.5)", "(116.5, 47.5)", "(80.5, 51.5)", "(79.5, 51.5)"
twogroups-266, "(57.0, 20.0)", "(55.5, 0.5)", "(56.5, 0.5)", "(50.5, 40.5)", "(49.5, 40.5)"
twogroups-267, "(55.0, 20.0)", "(38.5, 47.5)", "(38.5, 46.5)", "(65.5, 0.5)", "(64.5, 0.5)"
twogroups-268, "(79.0, 25.0)", "(67.5, 1.5)", "(65.5, 0.5)", "(82.5, 42.5)", "(81.5, 42.5)"
twogroups-269, "(39.0, 25.0)", "(46.5, 4.5)", "(47.5, 2.5)", "(31.5, 4.5)", "(29.5, 2.5)"
twogroups-27, "(26.0, 37.0)", "(30.5, 54.5)", "(31.5, 54.5)", "(37.5, 65.5)", "(38.5, 65.5)"
twogroups-270, "(93.0, 38.0)", "(80.5, 58.5)", "(83.5, 59.5)", "(111.5, 35.5)", "(111.5, 36.5)"
twogroups-271, "(36.0, 92.0)", "(30.5, 110.5)", "(31.5, 110.5)", "(39.5, 111.5)", "(39.5, 110.5)"
twogroups-272, "(43.0, 23.0)", "(59.5, 0.5)", "(57.5, 1.5)", "(29.5, 0.5)", "(26.5, 1.5)"
twogroups-273, "(88.0, 88.0)", "(68.5, 95.5)", "(68.5, 93.5)", "(96.5, 70.5)", "(99.5, 73.5)"
twogroups-274, "(31.0, 32.0)", "(34.5, 61.5)", "(35.5, 61.5)", "(13.5, 57.5)", "(14.5, 57.5)"
twogroups-275, "(31.0, 87.0)", "(30.5, 66.5)", "(32.5, 69.5)", "(12.5, 108.5)", "(14.5, 108.5)"
twogroups-276, "(65.0, 99.0)", "(63.5, 77.5)", "(62.5, 76.5)", "(51.5, 76.5)", "(53.5, 74.5)"
twogroups-277, "(22.0, 45.0)", "(3.5, 33.5)", "(4.5, 37.5)", "(10.5, 21.5)", "(12.5, 21.5)"
twogroups-278, "(39.0, 94.0)", "(15.5, 96.5)", "(14.5, 94.5)", "(43.5, 116.5)", "(49.5, 114.5)"
twogroups-279, "(34.0, 90.0)", "(23.5, 73.5)", "(23.5, 74.5)", "(57.5, 89.5)", "(58.5, 89.5)"
twogroups-28, "(95.0, 79.0)", "(104.5, 60.5)", "(103.5, 61.5)", "(99.5, 109.5)", "(103.5, 108.5)"
twogroups-280, "(20.0, 62.0)", "(20.5, 85.5)", "(17.5, 84.5)", "(10.5, 87.5)", "(11.5, 88.5)"
twogroups-281, "(67.0, 20.0)", "(98.5, 17.5)", "(98.5, 19.5)", "(70.5, 51.5)", "(67.5, 51.5)"
twogroups-282, "(78.0, 95.0)", "(85.5, 116.5)", "(88.5, 115.5)", "(69.5, 117.5)", "(71.5, 116.5)"
twogroups-283, "(28.0, 84.0)", "(45.5, 60.5)", "(44.5, 59.5)", "(12.5, 60.5)", "(11.5, 58.5)"
twogroups-284, "(21.0, 72.0)", "(34.5, 60.5)", "(37.5, 64.5)", "(8.5, 54.5)", "(6.5, 52.5)"
twogroups-285, "(30.0, 33.0)", "(6.5, 21.5)", "(4.5, 23.5)", "(28.5, 52.5)", "(27.5, 53.5)"
twogroups-286, "(20.0, 57.0)", "(25.5, 80.5)", "(24.5, 79.5)", "(44.5, 38.5)", "(41.5, 38.5)"
twogroups-287, "(93.0, 81.0)", "(101.5, 106.5)", "(104.5, 104.5)", "(77.5, 68.5)", "(78.5, 72.5)"
twogroups-288, "(87.0, 89.0)", "(95.5, 117.5)", "(98.5, 117.5)", "(105.5, 80.5)", "(101.5, 76.5)"
twogroups-289, "(46.0, 97.0)", "(60.5, 116.5)", "(58.5, 116.5)", "(41.5, 67.5)", "(41.5, 64.5)"
twogroups-29, "(95.0, 41.0)", "(105.5, 56.5)", "(104.5, 52.5)", "(72.5, 49.5)", "(74.5, 48.5)"
twogroups-290, "(68.0, 99.0)", "(35.5, 106.5)", "(35.5, 102.5)", "(93.5, 109.5)", "(94.5, 106.5)"
twogroups-291, "(98.0, 68.0)", "(78.5, 65.5)", "(76.5, 67.5)", "(96.5, 47.5)", "(96.5, 49.5)"
twogroups-292, "(84.0, 28.0)", "(64.5, 26.5)", "(63.5, 26.5)", "(106.5, 15.5)", "(108.5, 17.5)"
twogroups-293, "(57.0, 99.0)", "(79.5, 105.5)", "(79.5, 104.5)", "(83.5, 83.5)", "(82.5, 81.5)"
twogroups-294, "(92.0, 37.0)", "(109.5, 48.5)", "(106.5, 46.5)", "(73.5, 48.5)", "(73.5, 45.5)"
twogroups-295, "(45.0, 22.0)", "(49.5, 45.5)", "(49.5, 44.5)", "(19.5, 6.5)", "(18.5, 8.5)"
twogroups-296, "(38.0, 93.0)", "(34.5, 71.5)", "(35.5, 71.5)", "(19.5, 95.5)", "(16.5, 93.5)"
twogroups-297, "(20.0, 64.0)", "(25.5, 87.5)", "(22.5, 87.5)", "(28.5, 90.5)", "(26.5, 91.5)"
twogroups-298, "(38.0, 26.0)", "(29.5, 46.5)", "(32.5, 48.5)", "(56.5, 28.5)", "(55.5, 31.5)"
twogroups-299, "(45.0, 22.0)", "(50.5, 44.5)", "(51.5, 44.5)", "(51.5, 52.5)", "(50.5, 53.5)"
twogroups-3, "(20.0, 59.0)", "(1.5, 47.5)", "(0.5, 46.5)", "(41.5, 58.5)", "(40.5, 57.5)"
twogroups-30, "(95.0, 40.0)", "(88.5, 58.5)", "(86.5, 57.5)", "(82.5, 17.5)", "(84.5, 13.5)"
twogroups-300, "(32.0, 89.0)", "(42.5, 109.5)", "(39.5, 110.5)", "(59.5, 73.5)", "(58.5, 73.5)"
twogroups-301, "(69.0, 98.0)", "(88.5, 109.5)", "(93.5, 109.5)", "(37.5, 104.5)", "(37.5, 106.5)"
twogroups-302, "(51.0, 20.0)", "(55.5, 40.5)", "(54.5, 39.5)", "(57.5, 46.5)", "(56.5, 46.5)"
twogroups-303, "(60.0, 99.0)", "(29.5, 100.5)", "(28.5, 103.5)", "(91.5, 103.5)", "(91.5, 99.5)"
twogroups-304, "(47.0, 98.0)", "(67.5, 105.5)", "(67.5, 101.5)", "(66.5, 111.5)", "(66.5, 110.5)"
twogroups-305, "(39.0, 25.0)", "(50.5, 41.5)", "(49.5, 41.5)", "(26.5, 41.5)", "(26.5, 39.5)"
twogroups-306, "(20.0, 65.0)", "(37.5, 86.5)", "(36.5, 87.5)", "(40.5, 66.5)", "(40.5, 68.5)"
twogroups-307, "(81.0, 93.0)", "(62.5, 89.5)", "(61.5, 86.5)", "(71.5, 72.5)", "(70.5, 73.5)"
twogroups-308, "(79.0, 25.0)", "(98.5, 37.5)", "(102.5, 39.5)", "(82.5, 43.5)", "(85.5, 42.5)"
twogroups-309, "(99.0, 56.0)", "(114.5, 41.5)", "(114.5, 42.5)", "(84.5, 43.5)", "(82.5, 46.5)"
twogroups-31, "(20.0, 64.0)", "(13.5, 90.5)", "(13.5, 91.5)", "(26.5, 86.5)", "(27.5, 87.5)"
twogroups-310, "(99.0, 62.0)", "(111.5, 86.5)", "(114.5, 84.5)", "(74.5, 75.5)", "(73.5, 72.5)"
twogroups-311, "(51.0, 99.0)", "(65.5, 117.5)", "(61.5, 114.5)", "(21.5, 96.5)", "(20.5, 97.5)"
twogroups-312, "(99.0, 62.0)", "(87.5, 90.5)", "(88.5, 92.5)", "(119.5, 72.5)", "(119.5, 73.5)"
twogroups-313, "(94.0, 39.0)", "(114.5, 36.5)", "(114.5, 37.5)", "(77.5, 45.5)", "(75.5, 44.5)"
twogroups-314, "(91.0, 85.0)", "(107.5, 73.5)", "(105.5, 73.5)", "(96.5, 102.5)", "(93.5, 103.5)"
twogroups-315, "(85.0, 29.0)", "(77.5, 54.5)", "(74.5, 52.5)", "(104.5, 28.5)", "(104.5, 30.5)"
twogroups-316, "(25.0, 39.0)", "(14.5, 54.5)", "(13.5, 51.5)", "(45.5, 42.5)", "(46.5, 42.5)"
twogroups-317, "(27.0, 36.0)", "(45.5, 39.5)", "(45.5, 36.5)", "(41.5, 62.5)", "(42.5, 62.5)"
twogroups-318, "(34.0, 91.0)", "(28.5, 72.5)", "(27.5, 74.5)", "(52.5, 93.5)", "(53.5, 93.5)"
twogroups-319, "(20.0, 53.0)", "(28.5, 80.5)", "(30.5, 78.5)", "(18.5, 83.5)", "(16.5, 83.5)"
twogroups-32, "(46.0, 97.0)", "(57.5, 81.5)", "(56.5, 82.5)", "(50.5, 117.5)", "(53.5, 117.5)"
twogroups-320, "(20.0, 54.0)", "(28.5, 37.5)", "(27.5, 35.5)", "(50.5, 50.5)", "(50.5, 49.5)"
twogroups-321, "(73.0, 97.0)", "(99.5, 113.5)", "(95.5, 115.5)", "(49.5, 78.5)", "(45.5, 79.5)"
twogroups-322, "(91.0, 84.0)", "(96.5, 102.5)", "(93.5, 102.5)", "(88.5, 104.5)", "(91.5, 105.5)"
twogroups-323, "(95.0, 79.0)", "(98.5, 97.5)", "(99.5, 96.5)", "(115.5, 84.5)", "(116.5, 84.5)"
twogroups-324, "(20.0, 64.0)", "(19.5, 87.5)", "(16.5, 86.5)", "(5.5, 75.5)", "(3.5, 75.5)"
twogroups-325, "(87.0, 88.0)", "(100.5, 110.5)", "(101.5, 110.5)", "(113.5, 90.5)", "(114.5, 90.5)"
twogroups-326, "(95.0, 41.0)", "(65.5, 43.5)", "(64.5, 41.5)", "(99.5, 60.5)", "(98.5, 60.5)"
twogroups-327, "(60.0, 99.0)", "(40.5, 111.5)", "(41.5, 111.5)", "(42.5, 91.5)", "(40.5, 92.5)"
twogroups-328, "(87.0, 30.0)", "(63.5, 16.5)", "(65.5, 16.5)", "(64.5, 32.5)", "(65.5, 28.5)"
twogroups-329, "(100.0, 60.0)", "(78.5, 52.5)", "(79.5, 53.5)", "(109.5, 29.5)", "(110.5, 31.5)"
twogroups-33, "(62.0, 20.0)", "(92.5, 20.5)", "(93.5, 19.5)", "(44.5, 34.5)", "(43.5, 34.5)"
twogroups-330, "(74.0, 22.0)", "(70.5, 49.5)", "(69.5, 49.5)", "(53.5, 25.5)", "(56.5, 26.5)"
twogroups-331, "(24.0, 77.0)", "(5.5, 65.5)", "(7.5, 63.5)", "(5.5, 50.5)", "(6.5, 52.5)"
twogroups-332, "(92.0, 36.0)", "(100.5, 53.5)", "(102.5, 52.5)", "(90.5, 58.5)", "(92.5, 59.5)"
twogroups-333, "(21.0, 48.0)", "(27.5, 24.5)", "(24.5, 25.5)", "(29.5, 60.5)", "(31.5, 64.5)"
twogroups-334, "(93.0, 81.0)", "(112.5, 76.5)", "(113.5, 75.5)", "(99.5, 106.5)", "(103.5, 106.5)"
twogroups-335, "(33.0, 30.0)", "(30.5, 59.5)", "(28.5, 60.5)", "(47.5, 57.5)", "(48.5, 55.5)"
twogroups-336, "(49.0, 21.0)", "(21.5, 7.5)", "(19.5, 8.5)", "(44.5, 40.5)", "(44.5, 41.5)"
twogroups-337, "(21.0, 50.0)", "(18.5, 68.5)", "(19.5, 68.5)", "(51.5, 44.5)", "(51.5, 41.5)"
twogroups-338, "(99.0, 63.0)", "(100.5, 40.5)", "(101.5, 38.5)", "(66.5, 57.5)", "(69.5, 54.5)"
twogroups-339, "(32.0, 30.0)", "(12.5, 30.5)", "(11.5, 29.5)", "(4.5, 37.5)", "(4.5, 38.5)"
twogroups-34, "(20.0, 58.0)", "(50.5, 63.5)", "(50.5, 64.5)", "(12.5, 84.5)", "(14.5, 84.5)"
twogroups-340, "(98.0, 48.0)", "(106.5, 64.5)", "(103.5, 65.5)", "(117.5, 60.5)", "(114.5, 59.5)"
twogroups-341, "(97.0, 74.0)", "(115.5, 82.5)", "(111.5, 80.5)", "(119.5, 76.5)", "(119.5, 77.5)"
twogroups-342, "(91.0, 85.0)", "(86.5, 114.5)", "(87.5, 114.5)", "(110.5, 94.5)", "(111.5, 91.5)"
twogroups-343, "(25.0, 40.0)", "(29.5, 57.5)", "(30.5, 57.5)", "(15.5, 62.5)", "(14.5, 62.5)"
twogroups-344, "(28.0, 35.0)", "(0.5, 42.5)", "(0.5, 43.5)", "(32.5, 54.5)", "(33.5, 54.5)"
twogroups-345, "(26.0, 81.0)", "(24.5, 59.5)", "(24.5, 58.5)", "(49.5, 93.5)", "(50.5, 93.5)"
twogroups-346, "(30.0, 86.0)", "(28.5, 107.5)", "(27.5, 106.5)", "(8.5, 97.5)", "(8.5, 95.5)"
twogroups-347, "(58.0, 20.0)", "(77.5, 32.5)", "(74.5, 32.5)", "(61.5, 38.5)", "(62.5, 37.5)"
twogroups-348, "(64.0, 20.0)", "(66.5, 1.5)", "(66.5, 2.5)", "(50.5, 44.5)", "(49.5, 43.5)"
twogroups-349, "(62.0, 20.0)", "(63.5, 43.5)", "(67.5, 43.5)", "(88.5, 25.5)", "(89.5, 25.5)"
twogroups-35, "(76.0, 96.0)", "(86.5, 115.5)", "(85.5, 115.5)", "(69.5, 113.5)", "(66.5, 114.5)"
twogroups-350, "(30.0, 33.0)", "(37.5, 54.5)", "(40.5, 53.5)", "(14.5, 41.5)", "(11.5, 39.5)"
twogroups-351, "(22.0, 45.0)", "(16.5, 75.5)", "(17.5, 75.5)", "(3.5, 69.5)", "(2.5, 69.5)"
twogroups-352, "(31.0, 32.0)", "(3.5, 40.5)", "(3.5, 37.5)", "(8.5, 28.5)", "(8.5, 29.5)"
twogroups-353, "(98.0, 68.0)", "(95.5, 94.5)", "(93.5, 95.5)", "(90.5, 87.5)", "(91.5, 87.5)"
twogroups-354, "(98.0, 69.0)", "(100.5, 96.5)", "(100.5, 95.5)", "(111.5, 88.5)", "(112.5, 88.5)"
twogroups-355, "(46.0, 22.0)", "(48.5, 42.5)", "(49.5, 41.5)", "(68.5, 20.5)", "(68.5, 18.5)"
twogroups-356, "(91.0, 35.0)", "(108.5, 43.5)", "(108.5, 44.5)", "(113.5, 36.5)", "(113.5, 33.5)"
twogroups-357, "(58.0, 99.0)", "(79.5, 98.5)", "(78.5, 96.5)", "(81.5, 102.5)", "(80.5, 102.5)"
twogroups-358, "(97.0, 73.0)", "(89.5, 90.5)", "(90.5, 90.5)", "(77.5, 87.5)", "(78.5, 86.5)"
twogroups-359, "(97.0, 73.0)", "(79.5, 50.5)", "(82.5, 52.5)", "(67.5, 78.5)", "(67.5, 79.5)"
twogroups-36, "(34.0, 90.0)", "(19.5, 112.5)", "(17.5, 112.5)", "(54.5, 82.5)", "(52.5, 81.5)"
twogroups-360, "(91.0, 34.0)", "(111.5, 30.5)", "(110.5, 29.5)", "(94.5, 57.5)", "(94.5, 56.5)"
twogroups-361, "(70.0, 21.0)", "(60.5, 0.5)", "(59.5, 1.5)", "(65.5, 42.5)", "(67.5, 42.5)"
twogroups-362, "(45.0, 97.0)", "(67.5, 99.5)", "(68.5, 96.5)", "(75.5, 95.5)", "(76.5, 95.5)"
twogroups-363, "(91.0, 85.0)", "(65.5, 91.5)", "(66.5, 94.5)", "(81.5, 65.5)", "(79.5, 66.5)"
twogroups-364, "(20.0, 67.0)", "(42.5, 74.5)", "(42.5, 75.5)", "(42.5, 61.5)", "(42.5, 60.5)"
twogroups-365, "(46.0, 22.0)", "(34.5, 40.5)", "(36.5, 39.5)", "(49.5, 45.5)", "(49.5, 44.5)"
twogroups-366, "(40.0, 25.0)", "(35.5, 0.5)", "(32.5, 0.5)", "(21.5, 31.5)", "(20.5, 28.5)"
twogroups-367, "(72.0, 97.0)", "(98.5, 103.5)", "(99.5, 103.5)", "(47.5, 89.5)", "(48.5, 87.5)"
twogroups-368, "(84.0, 28.0)", "(67.5, 38.5)", "(67.5, 36.5)", "(59.5, 15.5)", "(59.5, 17.5)"
twogroups-369, "(39.0, 25.0)", "(38.5, 3.5)", "(41.5, 3.5)", "(47.5, 43.5)", "(49.5, 39.5)"
twogroups-37, "(30.0, 33.0)", "(16.5, 59.5)", "(14.5, 59.5)", "(15.5, 9.5)", "(13.5, 9.5)"
twogroups-370, "(79.0, 25.0)", "(51.5, 30.5)", "(52.5, 28.5)", "(65.5, 52.5)", "(66.5, 52.5)"
twogroups-371, "(70.0, 21.0)", "(58.5, 49.5)", "(58.5, 50.5)", "(45.5, 31.5)", "(45.5, 34.5)"
twogroups-372, "(24.0, 77.0)", "(38.5, 104.5)", "(39.5, 103.5)", "(20.5, 96.5)", "(21.5, 96.5)"
twogroups-373, "(95.0, 78.0)", "(83.5, 62.5)", "(82.5, 62.5)", "(66.5, 85.5)", "(66.5, 88.5)"
twogroups-374, "(44.0, 96.0)", "(29.5, 115.5)", "(27.5, 115.5)", "(44.5, 75.5)", "(44.5, 73.5)"
twogroups-375, "(27.0, 83.0)", "(45.5, 79.5)", "(45.5, 80.5)", "(9.5, 79.5)", "(6.5, 82.5)"
twogroups-376, "(99.0, 56.0)", "(71.5, 54.5)", "(72.5, 55.5)", "(90.5, 25.5)", "(93.5, 26.5)"
twogroups-377, "(97.0, 74.0)", "(74.5, 72.5)", "(73.5, 71.5)", "(89.5, 47.5)", "(88.5, 46.5)"
twogroups-378, "(89.0, 87.0)", "(82.5, 113.5)", "(81.5, 113.5)", "(92.5, 107.5)", "(92.5, 106.5)"
twogroups-379, "(45.0, 97.0)", "(59.5, 89.5)", "(61.5, 86.5)", "(25.5, 110.5)", "(24.5, 108.5)"
twogroups-38, "(84.0, 28.0)", "(96.5, 15.5)", "(96.5, 18.5)", "(105.5, 14.5)", "(103.5, 12.5)"
twogroups-380, "(21.0, 72.0)", "(29.5, 84.5)", "(31.5, 83.5)", "(31.5, 92.5)", "(28.5, 93.5)"
twogroups-381, "(33.0, 30.0)", "(22.5, 46.5)", "(18.5, 50.5)", "(37.5, 59.5)", "(38.5, 59.5)"
twogroups-382, "(24.0, 77.0)", "(25.5, 97.5)", "(28.5, 96.5)", "(20.5, 52.5)", "(18.5, 50.5)"
twogroups-383, "(20.0, 54.0)", "(34.5, 40.5)", "(36.5, 42.5)", "(33.5, 77.5)", "(34.5, 77.5)"
twogroups-384, "(42.0, 24.0)", "(30.5, 38.5)", "(31.5, 38.5)", "(21.5, 29.5)", "(21.5, 30.5)"
twogroups-385, "(70.0, 21.0)", "(61.5, 6.5)", "(64.5, 4.5)", "(51.5, 9.5)", "(49.5, 9.5)"
twogroups-386, "(89.0, 32.0)", "(101.5, 55.5)", "(103.5, 54.5)", "(102.5, 49.5)", "(101.5, 48.5)"
twogroups-387, "(79.0, 25.0)", "(90.5, 53.5)", "(94.5, 51.5)", "(86.5, 1.5)", "(84.5, 1.5)"
twogroups-388, "(60.0, 20.0)", "(46.5, 45.5)", "(47.5, 45.5)", "(40.5, 11.5)", "(39.5, 11.5)"
twogroups-389, "(99.0, 62.0)", "(73.5, 75.5)", "(72.5, 71.5)", "(115.5, 75.5)", "(114.5, 73.5)"
twogroups-39, "(93.0, 81.0)", "(104.5, 98.5)", "(105.5, 98.5)", "(72.5, 71.5)", "(74.5, 69.5)"
twogroups-390, "(83.0, 27.0)", "(83.5, 5.5)", "(84.5, 5.5)", "(60.5, 29.5)", "(61.5, 29.5)"
twogroups-391, "(25.0, 39.0)", "(54.5, 50.5)", "(53.5, 49.5)", "(0.5, 47.5)", "(2.5, 50.5)"
twogroups-392, "(99.0, 56.0)", "(94.5, 77.5)", "(95.5, 76.5)", "(103.5, 76.5)", "(102.5, 76.5)"
twogroups-393, "(28.0, 84.0)", "(44.5, 71.5)", "(44.5, 73.5)", "(34.5, 101.5)", "(32.5, 102.5)"
twogroups-394, "(78.0, 24.0)", "(91.5, 48.5)", "(92.5, 46.5)", "(95.5, 35.5)", "(92.5, 33.5)"
twogroups-395, "(58.0, 20.0)", "(67.5, 39.5)", "(65.5, 39.5)", "(43.5, 1.5)", "(45.5, 0.5)"
twogroups-396, "(99.0, 56.0)", "(92.5, 82.5)", "(88.5, 80.5)", "(102.5, 78.5)", "(102.5, 79.5)"
twogroups-397, "(99.0, 52.0)", "(111.5, 27.5)", "(113.5, 29.5)", "(78.5, 29.5)", "(80.5, 28.5)"
twogroups-398, "(51.0, 20.0)", "(36.5, 47.5)", "(33.5, 47.5)", "(30.5, 22.5)", "(33.5, 22.5)"
twogroups-399, "(32.0, 89.0)", "(50.5, 87.5)", "(50.5, 86.5)", "(43.5, 116.5)", "(47.5, 114.5)"
twogroups-4, "(96.0, 76.0)", "(73.5, 73.5)", "(71.5, 74.5)", "(106.5, 56.5)", "(102.5, 56.5)"
twogroups-40, "(59.0, 99.0)", "(35.5, 100.5)", "(34.5, 100.5)", "(38.5, 106.5)", "(35.5, 104.5)"
twogroups-400, "(78.0, 24.0)", "(63.5, 15.5)", "(65.5, 11.5)", "(80.5, 46.5)", "(77.5, 47.5)"
twogroups-401, "(27.0, 83.0)", "(5.5, 91.5)", "(6.5, 91.5)", "(32.5, 63.5)", "(30.5, 63.5)"
twogroups-402, "(24.0, 42.0)", "(55.5, 41.5)", "(56.5, 41.5)", "(12.5, 58.5)", "(9.5, 59.5)"
twogroups-403, "(23.0, 76.0)", "(9.5, 95.5)", "(12.5, 91.5)", "(49.5, 81.5)", "(50.5, 81.5)"
twogroups-404, "(88.0, 31.0)", "(104.5, 41.5)", "(104.5, 40.5)", "(84.5, 51.5)", "(83.5, 52.5)"
twogroups-405, "(92.0, 36.0)", "(117.5, 25.5)", "(117.5, 26.5)", "(110.5, 33.5)", "(111.5, 33.5)"
twogroups-406, "(25.0, 80.0)", "(32.5, 98.5)", "(34.5, 97.5)", "(13.5, 107.5)", "(13.5, 108.5)"
twogroups-407, "(26.0, 81.0)", "(8.5, 83.5)", "(5.5, 80.5)", "(23.5, 110.5)", "(22.5, 110.5)"
twogroups-408, "(20.0, 53.0)", "(1.5, 45.5)", "(1.5, 44.5)", "(40.5, 54.5)", "(39.5, 50.5)"
twogroups-409, "(99.0, 55.0)", "(102.5, 77.5)", "(103.5, 77.5)", "(116.5, 53.5)", "(117.5, 53.5)"
twogroups-41, "(41.0, 24.0)", "(34.5, 46.5)", "(36.5, 46.5)", "(28.5, 40.5)", "(28.5, 38.5)"
twogroups-410, "(78.0, 95.0)", "(93.5, 72.5)", "(94.5, 72.5)", "(59.5, 100.5)", "(58.5, 101.5)"
twogroups-411, "(20.0, 64.0)", "(25.5, 87.5)", "(29.5, 85.5)", "(6.5, 54.5)", "(4.5, 51.5)"
twogroups-412, "(20.0, 66.0)", "(7.5, 81.5)", "(10.5, 81.5)", "(37.5, 91.5)", "(38.5, 91.5)"
twogroups-413, "(20.0, 67.0)", "(32.5, 95.5)", "(29.5, 96.5)", "(33.5, 41.5)", "(32.5, 43.5)"
twogroups-414, "(72.0, 97.0)", "(61.5, 75.5)", "(63.5, 74.5)", "(83.5, 75.5)", "(80.5, 74.5)"
twogroups-415, "(99.0, 58.0)", "(114.5, 86.5)", "(115.5, 84.5)", "(85.5, 34.5)", "(81.5, 33.5)"
twogroups-416, "(45.0, 97.0)", "(38.5, 75.5)", "(38.5, 78.5)", "(48.5, 115.5)", "(44.5, 115.5)"
twogroups-417, "(98.0, 48.0)", "(79.5, 57.5)", "(80.5, 59.5)", "(108.5, 66.5)", "(107.5, 66.5)"
twogroups-418, "(78.0, 24.0)", "(80.5, 54.5)", "(81.5, 54.5)", "(93.5, 37.5)", "(94.5, 38.5)"
twogroups-419, "(77.0, 96.0)", "(58.5, 105.5)", "(58.5, 102.5)", "(52.5, 106.5)", "(50.5, 105.5)"
twogroups-42, "(37.0, 92.0)", "(17.5, 95.5)", "(17.5, 97.5)", "(28.5, 74.5)", "(30.5, 72.5)"
twogroups-420, "(21.0, 48.0)", "(44.5, 52.5)", "(44.5, 51.5)", "(14.5, 78.5)", "(12.5, 78.5)"
twogroups-421, "(31.0, 88.0)", "(48.5, 78.5)", "(47.5, 77.5)", "(39.5, 71.5)", "(40.5, 71.5)"
twogroups-422, "(94.0, 39.0)", "(74.5, 34.5)", "(76.5, 33.5)", "(88.5, 17.5)", "(89.5, 19.5)"
twogroups-423, "(23.0, 43.0)", "(30.5, 59.5)", "(30.5, 60.5)", "(13.5, 61.5)", "(15.5, 62.5)"
twogroups-424, "(98.0, 50.0)", "(96.5, 23.5)", "(97.5, 22.5)", "(81.5, 59.5)", "(81.5, 58.5)"
twogroups-425, "(46.0, 22.0)", "(25.5, 31.5)", "(26.5, 30.5)", "(13.5, 25.5)", "(13.5, 26.5)"
twogroups-426, "(20.0, 51.0)", "(3.5, 27.5)", "(5.5, 28.5)", "(1.5, 61.5)", "(2.5, 58.5)"
twogroups-427, "(57.0, 20.0)", "(37.5, 24.5)", "(37.5, 25.5)", "(73.5, 27.5)", "(76.5, 24.5)"
twogroups-428, "(20.0, 57.0)", "(42.5, 55.5)", "(15.5, 35.5)", "(16.5, 33.5)"
twogroups-429, "(20.0, 63.0)", "(37.5, 66.5)", "(37.5, 67.5)", "(30.5, 42.5)", "(33.5, 44.5)"
twogroups-43, "(44.0, 96.0)", "(71.5, 91.5)", "(70.5, 94.5)", "(23.5, 98.5)", "(26.5, 99.5)"
twogroups-430, "(42.0, 95.0)", "(22.5, 94.5)", "(21.5, 93.5)", "(36.5, 117.5)", "(32.5, 115.5)"
twogroups-431, "(31.0, 32.0)", "(26.5, 10.5)", "(28.5, 8.5)", "(52.5, 28.5)", "(51.5, 27.5)"
twogroups-432, "(98.0, 49.0)", "(100.5, 68.5)", "(101.5, 68.5)", "(100.5, 21.5)", "(98.5, 20.5)"
twogroups-433, "(58.0, 99.0)", "(49.5, 117.5)", "(49.5, 118.5)", "(37.5, 82.5)", "(33.5, 82.5)"
twogroups-434, "(33.0, 30.0)", "(26.5, 48.5)", "(25.5, 48.5)", "(40.5, 46.5)", "(41.5, 47.5)"
twogroups-435, "(24.0, 42.0)", "(40.5, 69.5)", "(39.5, 68.5)", "(50.5, 43.5)", "(50.5, 39.5)"
twogroups-436, "(91.0, 85.0)", "(85.5, 66.5)", "(82.5, 63.5)", "(89.5, 105.5)", "(90.5, 105.5)"
twogroups-437, "(97.0, 72.0)", "(82.5, 50.5)", "(81.5, 49.5)", "(97.5, 40.5)", "(96.5, 41.5)"
twogroups-438, "(55.0, 20.0)", "(57.5, 51.5)", "(60.5, 50.5)", "(47.5, 50.5)", "(48.5, 51.5)"
twogroups-439, "(20.0, 51.0)", "(42.5, 45.5)", "(43.5, 47.5)", "(45.5, 62.5)", "(46.5, 59.5)"
twogroups-44, "(57.0, 99.0)", "(78.5, 78.5)", "(81.5, 80.5)", "(47.5, 75.5)", "(47.5, 78.5)"
twogroups-440, "(84.0, 91.0)", "(72.5, 118.5)", "(72.5, 119.5)", "(102.5, 93.5)", "(103.5, 93.5)"
twogroups-441, "(29.0, 34.0)", "(6.5, 32.5)", "(5.5, 31.5)", "(2.5, 31.5)", "(3.5, 30.5)"
twogroups-442, "(99.0, 52.0)", "(87.5, 72.5)", "(87.5, 71.5)", "(88.5, 76.5)", "(88.5, 77.5)"
twogroups-443, "(55.0, 20.0)", "(70.5, 30.5)", "(67.5, 29.5)", "(44.5, 1.5)", "(42.5, 0.5)"
twogroups-444, "(29.0, 33.0)", "(5.5, 16.5)", "(2.5, 20.5)", "(5.5, 45.5)", "(5.5, 42.5)"
twogroups-445, "(99.0, 67.0)", "(69.5, 61.5)", "(67.5, 62.5)", "(88.5, 92.5)", "(88.5, 91.5)"
twogroups-446, "(33.0, 30.0)", "(28.5, 2.5)", "(26.5, 2.5)", "(3.5, 39.5)", "(4.5, 37.5)"
twogroups-447, "(32.0, 89.0)", "(45.5, 116.5)", "(47.5, 114.5)", "(45.5, 66.5)", "(46.5, 65.5)"
twogroups-448, "(67.0, 99.0)", "(61.5, 77.5)", "(62.5, 76.5)", "(47.5, 109.5)", "(48.5, 107.5)"
twogroups-449, "(95.0, 79.0)", "(99.5, 52.5)", "(97.5, 52.5)", "(114.5, 84.5)", "(114.5, 86.5)"
twogroups-45, "(99.0, 62.0)", "(96.5, 34.5)", "(95.5, 33.5)", "(77.5, 64.5)", "(74.5, 61.5)"
twogroups-450, "(89.0, 86.0)", "(105.5, 93.5)", "(79.5, 108.5)", "(80.5, 108.5)"
twogroups-451, "(62.0, 99.0)", "(88.5, 106.5)", "(89.5, 106.5)", "(52.5, 113.5)", "(53.5, 114.5)"
twogroups-452, "(54.0, 20.0)", "(73.5, 24.5)", "(74.5, 20.5)", "(27.5, 29.5)", "(26.5, 27.5)"
twogroups-453, "(69.0, 98.0)", "(87.5, 103.5)", "(87.5, 100.5)", "(74.5, 72.5)", "(72.5, 71.5)"
twogroups-454, "(66.0, 99.0)", "(75.5, 67.5)", "(76.5, 67.5)", "(35.5, 108.5)", "(34.5, 104.5)"
twogroups-455, "(32.0, 30.0)", "(45.5, 52.5)", "(46.5, 52.5)", "(39.5, 48.5)", "(41.5, 46.5)"
twogroups-456, "(65.0, 20.0)", "(66.5, 47.5)", "(65.5, 47.5)", "(83.5, 42.5)", "(84.5, 42.5)"
twogroups-457, "(73.0, 97.0)", "(90.5, 107.5)", "(91.5, 105.5)", "(100.5, 111.5)", "(100.5, 112.5)"
twogroups-458, "(88.0, 31.0)", "(86.5, 9.5)", "(85.5, 8.5)", "(88.5, 61.5)", "(91.5, 61.5)"
twogroups-459, "(50.0, 21.0)", "(32.5, 16.5)", "(32.5, 17.5)", "(51.5, 48.5)", "(51.5, 47.5)"
twogroups-46, "(44.0, 96.0)", "(20.5, 90.5)", "(20.5, 91.5)", "(61.5, 108.5)", "(57.5, 105.5)"
twogroups-460, "(98.0, 48.0)", "(74.5, 45.5)", "(76.5, 43.5)", "(93.5, 68.5)", "(95.5, 68.5)"
twogroups-461, "(24.0, 41.0)", "(2.5, 56.5)", "(3.5, 56.5)", "(10.5, 57.5)", "(11.5, 57.5)"
twogroups-462, "(64.0, 20.0)", "(83.5, 44.5)", "(86.5, 42.5)", "(83.5, 25.5)", "(83.5, 23.5)"
twogroups-463, "(84.0, 28.0)", "(72.5, 55.5)", "(72.5, 56.5)", "(81.5, 7.5)", "(84.5, 10.5)"
twogroups-464, "(54.0, 99.0)", "(34.5, 97.5)", "(32.5, 95.5)", "(54.5, 76.5)", "(56.5, 77.5)"
twogroups-465, "(73.0, 22.0)", "(67.5, 52.5)", "(68.5, 52.5)", "(91.5, 24.5)", "(91.5, 20.5)"
twogroups-466, "(32.0, 30.0)", "(22.5, 13.5)", "(19.5, 17.5)", "(35.5, 11.5)", "(32.5, 10.5)"
twogroups-467, "(80.0, 94.0)", "(69.5, 115.5)", "(68.5, 115.5)", "(100.5, 95.5)", "(100.5, 92.5)"
twogroups-468, "(74.0, 22.0)", "(79.5, 44.5)", "(78.5, 44.5)", "(97.5, 27.5)", "(96.5, 27.5)"
twogroups-469, "(47.0, 21.0)", "(46.5, 42.5)", "(44.5, 41.5)", "(45.5, 1.5)", "(43.5, 0.5)"
twogroups-47, "(96.0, 43.0)", "(64.5, 35.5)", "(66.5, 37.5)", "(104.5, 13.5)", "(100.5, 13.5)"
twogroups-470, "(20.0, 57.0)", "(27.5, 31.5)", "(24.5, 30.5)", "(2.5, 52.5)", "(2.5, 50.5)"
twogroups-471, "(54.0, 99.0)", "(45.5, 116.5)", "(44.5, 115.5)", "(59.5, 117.5)", "(56.5, 117.5)"
twogroups-472, "(21.0, 50.0)", "(11.5, 80.5)", "(10.5, 79.5)", "(29.5, 79.5)", "(30.5, 80.5)"
twogroups-473, "(60.0, 20.0)", "(81.5, 18.5)", "(80.5, 16.5)", "(78.5, 24.5)", "(77.5, 27.5)"
twogroups-474, "(73.0, 22.0)", "(52.5, 22.5)", "(53.5, 20.5)", "(94.5, 31.5)", "(94.5, 32.5)"
twogroups-475, "(99.0, 54.0)", "(78.5, 61.5)", "(77.5, 61.5)", "(93.5, 31.5)", "(89.5, 32.5)"
twogroups-476, "(22.0, 75.0)", "(17.5, 94.5)", "(18.5, 94.5)", "(18.5, 101.5)", "(17.5, 101.5)"
twogroups-477, "(95.0, 41.0)", "(101.5, 58.5)", "(102.5, 58.5)", "(93.5, 19.5)", "(93.5, 21.5)"
twogroups-478, "(99.0, 58.0)", "(101.5, 33.5)", "(99.5, 33.5)", "(82.5, 65.5)", "(80.5, 66.5)"
twogroups-479, "(86.0, 90.0)", "(96.5, 111.5)", "(94.5, 111.5)", "(68.5, 87.5)", "(67.5, 83.5)"
twogroups-48, "(37.0, 27.0)", "(56.5, 24.5)", "(56.5, 22.5)", "(28.5, 39.5)", "(27.5, 42.5)"
twogroups-480, "(34.0, 29.0)", "(61.5, 40.5)", "(63.5, 37.5)", "(24.5, 50.5)", "(25.5, 50.5)"
twogroups-481, "(23.0, 43.0)", "(26.5, 62.5)", "(27.5, 62.5)", "(19.5, 65.5)", "(21.5, 66.5)"
twogroups-482, "(46.0, 97.0)", "(58.5, 67.5)", "(57.5, 67.5)", "(67.5, 104.5)", "(70.5, 101.5)"
twogroups-483, "(20.0, 65.0)", "(0.5, 74.5)", "(3.5, 74.5)", "(42.5, 55.5)", "(42.5, 56.5)"
twogroups-484, "(99.0, 67.0)", "(92.5, 97.5)", "(90.5, 97.5)", "(92.5, 93.5)", "(89.5, 93.5)"
twogroups-485, "(90.0, 85.0)", "(88.5, 65.5)", "(91.5, 64.5)", "(68.5, 83.5)", "(68.5, 84.5)"
twogroups-486, "(98.0, 69.0)", "(103.5, 87.5)", "(103.5, 86.5)", "(91.5, 86.5)", "(94.5, 87.5)"
twogroups-487, "(88.0, 88.0)", "(116.5, 77.5)", "(114.5, 75.5)", "(67.5, 80.5)", "(69.5, 78.5)"
twogroups-488, "(63.0, 20.0)", "(83.5, 7.5)", "(82.5, 8.5)", "(81.5, 23.5)", "(81.5, 24.5)"
twogroups-489, "(65.0, 99.0)", "(67.5, 118.5)", "(68.5, 118.5)", "(72.5, 79.5)", "(72.5, 82.5)"
twogroups-49, "(58.0, 20.0)", "(39.5, 33.5)", "(40.5, 33.5)", "(70.5, 48.5)", "(74.5, 46.5)"
twogroups-490, "(26.0, 81.0)", "(45.5, 71.5)", "(44.5, 71.5)", "(16.5, 64.5)", "(15.5, 63.5)"
twogroups-491, "(97.0, 45.0)", "(77.5, 53.5)", "(79.5, 54.5)", "(65.5, 51.5)", "(68.5, 55.5)"
twogroups-492, "(55.0, 20.0)", "(49.5, 47.5)", "(51.5, 47.5)", "(50.5, 38.5)", "(48.5, 37.5)"
twogroups-493, "(66.0, 20.0)", "(62.5, 37.5)", "(63.5, 37.5)", "(85.5, 36.5)", "(88.5, 35.5)"
twogroups-494, "(36.0, 92.0)", "(34.5, 111.5)", "(34.5, 110.5)", "(57.5, 92.5)", "(56.5, 94.5)"
twogroups-495, "(35.0, 91.0)", "(19.5, 100.5)", "(18.5, 101.5)", "(35.5, 111.5)", "(33.5, 110.5)"
twogroups-496, "(21.0, 47.0)", "(21.5, 65.5)", "(20.5, 65.5)", "(32.5, 61.5)", "(31.5, 59.5)"
twogroups-497, "(89.0, 87.0)", "(102.5, 106.5)", "(101.5, 105.5)", "(68.5, 82.5)", "(67.5, 83.5)"
twogroups-498, "(74.0, 97.0)", "(103.5, 108.5)", "(103.5, 106.5)", "(97.5, 96.5)", "(98.5, 96.5)"
twogroups-499, "(37.0, 27.0)", "(48.5, 0.5)", "(47.5, 0.5)", "(26.5, 1.5)", "(23.5, 2.5)"
twogroups-5, "(84.0, 28.0)", "(87.5, 49.5)", "(86.5, 48.5)", "(113.5, 20.5)", "(113.5, 19.5)"
twogroups-50, "(83.0, 27.0)", "(104.5, 37.5)", "(106.5, 35.5)", "(74.5, 10.5)", "(71.5, 8.5)"
twogroups-500, "(57.0, 20.0)", "(64.5, 37.5)", "(66.5, 36.5)", "(38.5, 26.5)", "(36.5, 26.5)"
twogroups-501, "(33.0, 89.0)", "(35.5, 108.5)", "(35.5, 107.5)", "(25.5, 113.5)", "(24.5, 113.5)"
twogroups-502, "(37.0, 27.0)", "(54.5, 52.5)", "(55.5, 49.5)", "(36.5, 4.5)", "(37.5, 2.5)"
twogroups-503, "(47.0, 21.0)", "(47.5, 42.5)", "(46.5, 42.5)", "(52.5, 52.5)", "(52.5, 51.5)"
twogroups-504, "(96.0, 44.0)", "(108.5, 60.5)", "(108.5, 63.5)", "(81.5, 60.5)", "(81.5, 61.5)"
twogroups-505, "(70.0, 21.0)", "(81.5, 33.5)", "(77.5, 33.5)", "(92.5, 38.5)", "(92.5, 35.5)"
twogroups-506, "(65.0, 20.0)", "(76.5, 34.5)", "(73.5, 32.5)", "(33.5, 20.5)", "(32.5, 21.5)"
twogroups-507, "(79.0, 94.0)", "(57.5, 78.5)", "(56.5, 79.5)", "(107.5, 103.5)", "(108.5, 102.5)"
twogroups-508, "(87.0, 89.0)", "(108.5, 100.5)", "(109.5, 96.5)", "(101.5, 99.5)", "(101.5, 102.5)"
twogroups-509, "(97.0, 46.0)", "(75.5, 49.5)", "(74.5, 46.5)", "(72.5, 56.5)", "(70.5, 52.5)"
twogroups-51, "(20.0, 66.0)", "(39.5, 70.5)", "(39.5, 66.5)", "(0.5, 90.5)", "(1.5, 88.5)"
twogroups-510, "(60.0, 20.0)", "(75.5, 30.5)", "(72.5, 29.5)", "(38.5, 19.5)", "(36.5, 17.5)"
twogroups-511, "(93.0, 81.0)", "(99.5, 107.5)", "(99.5, 106.5)", "(85.5, 61.5)", "(87.5, 62.5)"
twogroups-512, "(97.0, 72.0)", "(69.5, 56.5)", "(72.5, 55.5)", "(100.5, 99.5)", "(99.5, 98.5)"
twogroups-513, "(97.0, 47.0)", "(115.5, 44.5)", "(116.5, 44.5)", "(90.5, 77.5)", "(91.5, 78.5)"
twogroups-514, "(36.0, 92.0)", "(64.5, 101.5)", "(64.5, 99.5)", "(40.5, 111.5)", "(41.5, 112.5)"
twogroups-515, "(60.0, 99.0)", "(86.5, 116.5)", "(82.5, 115.5)", "(63.5, 118.5)", "(64.5, 118.5)"
twogroups-516, "(99.0, 56.0)", "(105.5, 79.5)", "(108.5, 77.5)", "(80.5, 52.5)", "(77.5, 54.5)"
twogroups-517, "(20.0, 51.0)", "(35.5, 65.5)", "(36.5, 65.5)", "(33.5, 28.5)", "(34.5, 28.5)"
twogroups-518, "(81.0, 26.0)", "(90.5, 3.5)", "(89.5, 5.5)", "(87.5, 51.5)", "(93.5, 49.5)"
twogroups-519, "(99.0, 57.0)", "(69.5, 44.5)", "(68.5, 46.5)", "(97.5, 79.5)", "(100.5, 79.5)"
twogroups-52, "(80.0, 25.0)", "(84.5, 43.5)", "(88.5, 41.5)", "(67.5, 46.5)", "(68.5, 44.5)"
twogroups-520, "(38.0, 26.0)", "(32.5, 44.5)", "(32.5, 43.5)", "(64.5, 21.5)", "(63.5, 22.5)"
twogroups-521, "(77.0, 23.0)", "(45.5, 26.5)", "(45.5, 24.5)", "(90.5, 46.5)", "(89.5, 42.5)"
twogroups-522, "(92.0, 83.0)", "(85.5, 56.5)", "(84.5, 55.5)", "(100.5, 100.5)", "(101.5, 100.5)"
twogroups-523, "(87.0, 31.0)", "(63.5, 35.5)", "(63.5, 37.5)", "(98.5, 17.5)", "(99.5, 15.5)"
twogroups-524, "(70.0, 98.0)", "(81.5, 78.5)", "(78.5, 75.5)", "(81.5, 118.5)", "(78.5, 119.5)"
twogroups-525, "(20.0, 61.0)", "(38.5, 55.5)", "(37.5, 52.5)", "(39.5, 61.5)", "(40.5, 59.5)"
twogroups-526, "(77.0, 96.0)", "(99.5, 97.5)", "(99.5, 94.5)", "(53.5, 108.5)", "(52.5, 109.5)"
twogroups-527, "(44.0, 96.0)", "(67.5, 96.5)", "(66.5, 93.5)", "(62.5, 100.5)", "(63.5, 100.5)"
twogroups-528, "(70.0, 21.0)", "(61.5, 36.5)", "(64.5, 38.5)", "(78.5, 5.5)", "(77.5, 2.5)"
twogroups-529, "(99.0, 65.0)", "(118.5, 62.5)", "(119.5, 62.5)", "(94.5, 87.5)", "(93.5, 87.5)"
twogroups-53, "(52.0, 99.0)", "(19.5, 98.5)", "(20.5, 98.5)", "(40.5, 116.5)", "(41.5, 116.5)"
twogroups-530, "(31.0, 31.0)", "(22.5, 55.5)", "(19.5, 54.5)", "(25.5, 50.5)", "(23.5, 49.5)"
twogroups-531, "(98.0, 50.0)", "(85.5, 63.5)", "(84.5, 66.5)", "(76.5, 49.5)", "(76.5, 51.5)"
twogroups-532, "(97.0, 74.0)", "(107.5, 57.5)", "(108.5, 57.5)", "(78.5, 82.5)", "(77.5, 85.5)"
twogroups-533, "(20.0, 58.0)", "(32.5, 72.5)", "(28.5, 69.5)", "(11.5, 28.5)", "(9.5, 26.5)"
twogroups-534, "(57.0, 20.0)", "(65.5, 42.5)", "(65.5, 41.5)", "(87.5, 9.5)", "(86.5, 12.5)"
twogroups-535, "(92.0, 37.0)", "(108.5, 59.5)", "(108.5, 58.5)", "(94.5, 55.5)", "(90.5, 55.5)"
twogroups-536, "(41.0, 24.0)", "(20.5, 39.5)", "(19.5, 40.5)", "(64.5, 19.5)", "(63.5, 20.5)"
twogroups-537, "(44.0, 96.0)", "(50.5, 117.5)", "(51.5, 117.5)", "(62.5, 98.5)", "(63.5, 98.5)"
twogroups-538, "(21.0, 48.0)", "(28.5, 67.5)", "(26.5, 68.5)", "(2.5, 40.5)", "(1.5, 42.5)"
twogroups-539, "(20.0, 63.0)", "(49.5, 71.5)", "(49.5, 72.5)", "(27.5, 42.5)", "(29.5, 40.5)"
twogroups-54, "(45.0, 22.0)", "(16.5, 30.5)", "(16.5, 31.5)", "(50.5, 40.5)", "(54.5, 38.5)"
twogroups-540, "(88.0, 88.0)", "(90.5, 114.5)", "(92.5, 113.5)", "(74.5, 104.5)", "(72.5, 103.5)"
twogroups-541, "(83.0, 27.0)", "(108.5, 18.5)", "(106.5, 16.5)", "(86.5, 57.5)", "(85.5, 56.5)"
twogroups-542, "(98.0, 48.0)", "(108.5, 77.5)", "(112.5, 75.5)", "(112.5, 72.5)", "(114.5, 70.5)"
twogroups-543, "(91.0, 34.0)", "(109.5, 21.5)", "(107.5, 20.5)", "(73.5, 40.5)", "(74.5, 40.5)"
twogroups-544, "(34.0, 28.0)", "(43.5, 52.5)", "(42.5, 52.5)", "(61.5, 17.5)", "(62.5, 17.5)"
twogroups-545, "(20.0, 56.0)", "(46.5, 49.5)", "(46.5, 52.5)", "(8.5, 33.5)", "(8.5, 36.5)"
twogroups-546, "(65.0, 99.0)", "(84.5, 92.5)", "(84.5, 91.5)", "(34.5, 95.5)", "(32.5, 94.5)"
twogroups-547, "(21.0, 49.0)", "(14.5, 75.5)", "(15.5, 75.5)", "(50.5, 58.5)", "(50.5, 57.5)"
twogroups-548, "(59.0, 20.0)", "(68.5, 46.5)", "(72.5, 44.5)", "(72.5, 39.5)", "(71.5, 36.5)"
twogroups-549, "(57.0, 20.0)", "(86.5, 30.5)", "(87.5, 30.5)", "(77.5, 33.5)", "(73.5, 29.5)"
twogroups-55, "(87.0, 89.0)", "(100.5, 113.5)", "(101.5, 111.5)", "(109.5, 85.5)", "(110.5, 84.5)"
twogroups-550, "(20.0, 59.0)", "(39.5, 57.5)", "(38.5, 57.5)", "(40.5, 50.5)", "(40.5, 51.5)"
twogroups-551, "(95.0, 40.0)", "(90.5, 22.5)", "(91.5, 21.5)", "(75.5, 41.5)", "(73.5, 40.5)"
twogroups-552, "(36.0, 27.0)", "(11.5, 37.5)", "(13.5, 39.5)", "(41.5, 46.5)", "(46.5, 44.5)"
twogroups-553, "(20.0, 57.0)", "(38.5, 46.5)", "(39.5, 49.5)", "(1.5, 58.5)", "(1.5, 57.5)"
twogroups-554, "(25.0, 80.0)", "(24.5, 102.5)", "(21.5, 102.5)", "(14.5, 56.5)", "(13.5, 57.5)"
twogroups-555, "(30.0, 33.0)", "(8.5, 23.5)", "(7.5, 23.5)", "(51.5, 15.5)", "(49.5, 16.5)"
twogroups-556, "(20.0, 54.0)", "(46.5, 56.5)", "(47.5, 57.5)", "(6.5, 31.5)", "(7.5, 30.5)"
twogroups-557, "(20.0, 60.0)", "(16.5, 30.5)", "(18.5, 27.5)", "(33.5, 76.5)", "(31.5, 76.5)"
twogroups-558, "(64.0, 20.0)", "(68.5, 40.5)", "(73.5, 38.5)", "(48.5, 43.5)", "(47.5, 44.5)"
twogroups-559, "(97.0, 74.0)", "(92.5, 100.5)", "(95.5, 101.5)", "(92.5, 92.5)", "(90.5, 90.5)"
twogroups-56, "(97.0, 46.0)", "(115.5, 51.5)", "(116.5, 51.5)", "(101.5, 76.5)", "(102.5, 76.5)"
twogroups-560, "(29.0, 85.0)", "(48.5, 84.5)", "(49.5, 85.5)", "(45.5, 94.5)", "(45.5, 95.5)"
twogroups-561, "(31.0, 87.0)", "(30.5, 62.5)", "(29.5, 62.5)", "(33.5, 105.5)", "(34.5, 105.5)"
twogroups-562, "(45.0, 97.0)", "(38.5, 113.5)", "(38.5, 114.5)", "(19.5, 92.5)", "(17.5, 93.5)"
twogroups-563, "(25.0, 39.0)", "(23.5, 58.5)", "(23.5, 59.5)", "(32.5, 69.5)", "(30.5, 69.5)"
twogroups-564, "(29.0, 85.0)", "(27.5, 63.5)", "(28.5, 62.5)", "(58.5, 78.5)", "(58.5, 76.5)"
twogroups-565, "(45.0, 22.0)", "(44.5, 0.5)", "(44.5, 2.5)", "(38.5, 39.5)", "(37.5, 38.5)"
twogroups-566, "(43.0, 96.0)", "(17.5, 76.5)", "(16.5, 76.5)", "(40.5, 118.5)", "(41.5, 118.5)"
twogroups-567, "(39.0, 94.0)", "(17.5, 93.5)", "(15.5, 92.5)", "(69.5, 94.5)", "(68.5, 98.5)"
twogroups-568, "(21.0, 71.0)", "(39.5, 78.5)", "(39.5, 79.5)", "(0.5, 55.5)", "(0.5, 54.5)"
twogroups-569, "(76.0, 23.0)", "(102.5, 41.5)", "(98.5, 41.5)", "(56.5, 11.5)", "(59.5, 8.5)"
twogroups-57, "(21.0, 69.0)", "(14.5, 96.5)", "(14.5, 95.5)", "(6.5, 88.5)", "(6.5, 89.5)"
twogroups-570, "(46.0, 22.0)", "(15.5, 7.5)", "(15.5, 8.5)", "(17.5, 17.5)", "(18.5, 20.5)"
twogroups-571, "(63.0, 99.0)", "(38.5, 97.5)", "(39.5, 99.5)", "(45.5, 102.5)", "(45.5, 103.5)"
twogroups-572, "(34.0, 90.0)", "(23.5, 106.5)", "(24.5, 107.5)", "(17.5, 80.5)", "(14.5, 78.5)"
twogroups-573, "(20.0, 62.0)", "(5.5, 73.5)", "(4.5, 73.5)", "(42.5, 60.5)", "(42.5, 57.5)"
twogroups-574, "(38.0, 93.0)", "(11.5, 87.5)", "(10.5, 87.5)", "(19.5, 95.5)", "(19.5, 96.5)"
twogroups-575, "(89.0, 86.0)", "(77.5, 103.5)", "(79.5, 103.5)", "(79.5, 114.5)", "(80.5, 114.5)"
twogroups-576, "(89.0, 33.0)", "(76.5, 51.5)", "(78.5, 53.5)", "(81.5, 7.5)", "(79.5, 8.5)"
twogroups-577, "(29.0, 34.0)", "(12.5, 59.5)", "(13.5, 55.5)", "(45.5, 26.5)", "(46.5, 26.5)"
twogroups-578, "(93.0, 38.0)", "(85.5, 64.5)", "(83.5, 62.5)", "(84.5, 56.5)", "(86.5, 57.5)"
twogroups-579, "(34.0, 90.0)", "(56.5, 89.5)", "(56.5, 88.5)", "(52.5, 92.5)", "(52.5, 93.5)"
twogroups-58, "(26.0, 81.0)", "(18.5, 64.5)", "(21.5, 61.5)", "(0.5, 85.5)", "(0.5, 87.5)"
twogroups-580, "(41.0, 95.0)", "(59.5, 99.5)", "(58.5, 99.5)", "(37.5, 77.5)", "(36.5, 77.5)"
twogroups-581, "(21.0, 49.0)", "(5.5, 24.5)", "(9.5, 25.5)", "(20.5, 80.5)", "(17.5, 79.5)"
twogroups-582, "(43.0, 23.0)", "(35.5, 48.5)", "(36.5, 48.5)", "(30.5, 51.5)", "(29.5, 51.5)"
twogroups-583, "(95.0, 40.0)", "(69.5, 43.5)", "(67.5, 43.5)", "(74.5, 47.5)", "(74.5, 46.5)"
twogroups-584, "(20.0, 52.0)", "(36.5, 74.5)", "(36.5, 75.5)", "(26.5, 79.5)", "(26.5, 78.5)"
twogroups-585, "(99.0, 64.0)", "(80.5, 55.5)", "(82.5, 55.5)", "(103.5, 45.5)", "(106.5, 48.5)"
twogroups-586, "(99.0, 53.0)", "(94.5, 73.5)", "(92.5, 72.5)", "(99.5, 30.5)", "(100.5, 28.5)"
twogroups-587, "(22.0, 44.0)", "(47.5, 62.5)", "(44.5, 58.5)", "(46.5, 33.5)", "(48.5, 36.5)"
twogroups-588, "(25.0, 79.0)", "(4.5, 88.5)", "(5.5, 86.5)", "(18.5, 47.5)", "(17.5, 48.5)"
twogroups-589, "(84.0, 91.0)", "(95.5, 70.5)", "(96.5, 72.5)", "(103.5, 99.5)", "(104.5, 96.5)"
twogroups-59, "(29.0, 33.0)", "(38.5, 46.5)", "(37.5, 46.5)", "(11.5, 20.5)", "(10.5, 21.5)"
twogroups-590, "(67.0, 99.0)", "(97.5, 93.5)", "(98.5, 93.5)", "(65.5, 74.5)", "(62.5, 74.5)"
twogroups-591, "(65.0, 99.0)", "(38.5, 78.5)", "(41.5, 79.5)", "(44.5, 105.5)", "(46.5, 104.5)"
twogroups-592, "(72.0, 97.0)", "(74.5, 119.5)", "(75.5, 119.5)", "(63.5, 112.5)", "(63.5, 113.5)"
twogroups-593, "(92.0, 36.0)", "(88.5, 65.5)", "(90.5, 66.5)", "(82.5, 12.5)", "(81.5, 9.5)"
twogroups-594, "(25.0, 80.0)", "(14.5, 62.5)", "(13.5, 63.5)", "(16.5, 98.5)", "(15.5, 94.5)"
twogroups-595, "(61.0, 99.0)", "(84.5, 102.5)", "(84.5, 103.5)", "(79.5, 96.5)", "(79.5, 94.5)"
twogroups-596, "(20.0, 65.0)", "(23.5, 88.5)", "(24.5, 87.5)", "(47.5, 79.5)", "(48.5, 77.5)"
twogroups-597, "(70.0, 21.0)", "(76.5, 43.5)", "(81.5, 41.5)", "(100.5, 14.5)", "(101.5, 14.5)"
twogroups-598, "(74.0, 22.0)", "(92.5, 25.5)", "(93.5, 21.5)", "(95.5, 19.5)", "(92.5, 20.5)"
twogroups-599, "(98.0, 51.0)", "(87.5, 67.5)", "(88.5, 65.5)", "(116.5, 56.5)", "(116.5, 55.5)"
twogroups-6, "(51.0, 20.0)", "(29.5, 18.5)", "(26.5, 22.5)", "(41.5, 0.5)", "(41.5, 1.5)"
twogroups-60, "(33.0, 89.0)", "(51.5, 93.5)", "(52.5, 89.5)", "(57.5, 98.5)", "(58.5, 96.5)"
twogroups-600, "(56.0, 99.0)", "(58.5, 119.5)", "(59.5, 119.5)", "(51.5, 119.5)", "(52.5, 119.5)"
twogroups-601, "(84.0, 91.0)", "(62.5, 98.5)", "(62.5, 99.5)", "(58.5, 101.5)", "(58.5, 97.5)"
twogroups-602, "(23.0, 76.0)", "(50.5, 59.5)", "(49.5, 59.5)", "(41.5, 79.5)", "(41.5, 80.5)"
twogroups-603, "(91.0, 85.0)", "(98.5, 103.5)", "(97.5, 102.5)", "(82.5, 62.5)", "(84.5, 61.5)"
twogroups-604, "(61.0, 20.0)", "(71.5, 39.5)", "(70.5, 38.5)", "(39.5, 10.5)", "(37.5, 11.5)"
twogroups-605, "(68.0, 20.0)", "(74.5, 42.5)", "(77.5, 41.5)", "(76.5, 49.5)", "(77.5, 49.5)"
twogroups-606, "(89.0, 32.0)", "(89.5, 1.5)", "(88.5, 0.5)", "(89.5, 62.5)", "(85.5, 61.5)"
twogroups-607, "(87.0, 31.0)", "(56.5, 29.5)", "(57.5, 26.5)", "(95.5, 47.5)", "(92.5, 48.5)"
twogroups-608, "(46.0, 22.0)", "(50.5, 52.5)", "(48.5, 53.5)", "(27.5, 28.5)", "(25.5, 31.5)"
twogroups-609, "(22.0, 74.0)", "(32.5, 53.5)", "(34.5, 55.5)", "(18.5, 94.5)", "(14.5, 92.5)"
twogroups-61, "(42.0, 24.0)", "(30.5, 51.5)", "(30.5, 52.5)", "(39.5, 42.5)", "(42.5, 43.5)"
twogroups-610, "(96.0, 42.0)", "(117.5, 32.5)", "(118.5, 32.5)", "(80.5, 33.5)", "(80.5, 31.5)"
twogroups-611, "(66.0, 20.0)", "(46.5, 5.5)", "(47.5, 4.5)", "(88.5, 37.5)", "(87.5, 38.5)"
twogroups-612, "(58.0, 20.0)", "(86.5, 32.5)", "(86.5, 34.5)", "(67.5, 3.5)", "(66.5, 2.5)"
twogroups-613, "(60.0, 20.0)", "(43.5, 27.5)", "(43.5, 28.5)", "(49.5, 50.5)", "(49.5, 48.5)"
twogroups-614, "(85.0, 29.0)", "(84.5, 8.5)", "(86.5, 10.5)", "(104.5, 33.5)", "(103.5, 37.5)"
twogroups-615, "(89.0, 87.0)", "(102.5, 64.5)", "(100.5, 63.5)", "(66.5, 85.5)", "(64.5, 83.5)"
twogroups-616, "(46.0, 22.0)", "(35.5, 52.5)", "(35.5, 50.5)", "(42.5, 48.5)", "(42.5, 49.5)"
twogroups-617, "(89.0, 86.0)", "(59.5, 95.5)", "(61.5, 94.5)", "(67.5, 87.5)", "(66.5, 86.5)"
twogroups-618, "(97.0, 45.0)", "(99.5, 24.5)", "(102.5, 25.5)", "(90.5, 25.5)", "(91.5, 25.5)"
twogroups-619, "(57.0, 20.0)", "(55.5, 38.5)", "(58.5, 39.5)", "(71.5, 31.5)", "(71.5, 30.5)"
twogroups-62, "(20.0, 61.0)", "(11.5, 39.5)", "(11.5, 40.5)", "(45.5, 71.5)", "(46.5, 71.5)"
twogroups-620, "(85.0, 90.0)", "(89.5, 108.5)", "(88.5, 108.5)", "(86.5, 63.5)", "(89.5, 64.5)"
twogroups-621, "(27.0, 83.0)", "(40.5, 58.5)", "(36.5, 57.5)", "(1.5, 70.5)", "(4.5, 69.5)"
twogroups-622, "(99.0, 58.0)", "(100.5, 78.5)", "(102.5, 77.5)", "(94.5, 78.5)", "(93.5, 77.5)"
twogroups-623, "(73.0, 22.0)", "(63.5, 46.5)", "(61.5, 46.5)", "(83.5, 38.5)", "(81.5, 34.5)"
twogroups-624, "(20.0, 62.0)", "(14.5, 92.5)", "(15.5, 93.5)", "(42.5, 60.5)", "(42.5, 57.5)"
twogroups-625, "(99.0, 54.0)", "(77.5, 71.5)", "(77.5, 70.5)", "(116.5, 73.5)", "(115.5, 75.5)"
twogroups-626, "(37.0, 92.0)", "(10.5, 108.5)", "(9.5, 107.5)", "(29.5, 113.5)", "(27.5, 113.5)"
twogroups-627, "(79.0, 94.0)", "(93.5, 109.5)", "(92.5, 112.5)", "(80.5, 113.5)", "(79.5, 114.5)"
twogroups-628, "(20.0, 58.0)", "(37.5, 65.5)", "(38.5, 62.5)", "(20.5, 33.5)", "(19.5, 36.5)"
twogroups-629, "(27.0, 83.0)", "(29.5, 109.5)", "(32.5, 108.5)", "(17.5, 100.5)", "(17.5, 101.5)"
twogroups-63, "(85.0, 29.0)", "(69.5, 1.5)", "(70.5, 1.5)", "(95.5, 3.5)", "(91.5, 4.5)"
twogroups-630, "(55.0, 99.0)", "(32.5, 92.5)", "(31.5, 92.5)", "(51.5, 80.5)", "(51.5, 79.5)"
twogroups-631, "(46.0, 97.0)", "(72.5, 89.5)", "(72.5, 90.5)", "(35.5, 117.5)", "(35.5, 118.5)"
twogroups-632, "(22.0, 45.0)", "(8.5, 56.5)", "(5.5, 56.5)", "(45.5, 44.5)", "(44.5, 40.5)"
twogroups-633, "(32.0, 89.0)", "(22.5, 105.5)", "(22.5, 104.5)", "(16.5, 96.5)", "(14.5, 95.5)"
twogroups-634, "(60.0, 99.0)", "(73.5, 79.5)", "(69.5, 78.5)", "(39.5, 94.5)", "(41.5, 92.5)"
twogroups-635, "(42.0, 95.0)", "(20.5, 90.5)", "(21.5, 92.5)", "(55.5, 74.5)", "(55.5, 77.5)"
twogroups-636, "(20.0, 65.0)", "(43.5, 67.5)", "(44.5, 67.5)", "(16.5, 95.5)", "(16.5, 96.5)"
twogroups-637, "(81.0, 93.0)", "(69.5, 116.5)", "(69.5, 117.5)", "(64.5, 87.5)", "(61.5, 89.5)"
twogroups-638, "(93.0, 38.0)", "(112.5, 50.5)", "(115.5, 52.5)", "(115.5, 24.5)", "(113.5, 22.5)"
twogroups-639, "(99.0, 63.0)", "(102.5, 86.5)", "(101.5, 85.5)", "(106.5, 80.5)", "(105.5, 79.5)"
twogroups-64, "(21.0, 70.0)", "(41.5, 71.5)", "(42.5, 71.5)", "(22.5, 45.5)", "(22.5, 47.5)"
twogroups-640, "(22.0, 75.0)", "(29.5, 96.5)", "(32.5, 96.5)", "(21.5, 101.5)", "(20.5, 101.5)"
twogroups-641, "(39.0, 94.0)", "(49.5, 118.5)", "(46.5, 119.5)", "(59.5, 89.5)", "(60.5, 89.5)"
twogroups-642, "(96.0, 76.0)", "(71.5, 82.5)", "(69.5, 84.5)", "(72.5, 66.5)", "(70.5, 66.5)"
twogroups-643, "(89.0, 86.0)", "(98.5, 102.5)", "(99.5, 102.5)", "(70.5, 77.5)", "(72.5, 74.5)"
twogroups-644, "(63.0, 20.0)", "(75.5, 39.5)", "(76.5, 39.5)", "(50.5, 39.5)", "(51.5, 39.5)"
twogroups-645, "(99.0, 57.0)", "(93.5, 84.5)", "(91.5, 83.5)", "(73.5, 50.5)", "(72.5, 53.5)"
twogroups-646, "(21.0, 69.0)", "(21.5, 45.5)", "(19.5, 45.5)", "(43.5, 77.5)", "(42.5, 76.5)"
twogroups-647, "(62.0, 99.0)", "(72.5, 67.5)", "(70.5, 68.5)", "(79.5, 92.5)", "(78.5, 88.5)"
twogroups-648, "(49.0, 21.0)", "(57.5, 0.5)", "(30.5, 8.5)", "(31.5, 6.5)"
twogroups-649, "(47.0, 98.0)", "(19.5, 101.5)", "(19.5, 99.5)", "(42.5, 77.5)", "(40.5, 77.5)"
twogroups-65, "(99.0, 53.0)", "(87.5, 38.5)", "(86.5, 36.5)", "(84.5, 82.5)", "(87.5, 81.5)"
twogroups-650, "(77.0, 96.0)", "(102.5, 102.5)", "(103.5, 102.5)", "(51.5, 104.5)", "(52.5, 102.5)"
twogroups-651, "(61.0, 99.0)", "(52.5, 117.5)", "(52.5, 118.5)", "(81.5, 93.5)", "(79.5, 90.5)"
twogroups-652, "(69.0, 21.0)", "(67.5, 51.5)", "(70.5, 52.5)", "(40.5, 37.5)", "(43.5, 36.5)"
twogroups-653, "(22.0, 74.0)", "(35.5, 60.5)", "(33.5, 62.5)", "(24.5, 101.5)", "(20.5, 100.5)"
twogroups-654, "(37.0, 92.0)", "(67.5, 96.5)", "(67.5, 95.5)", "(20.5, 84.5)", "(18.5, 83.5)"
twogroups-655, "(69.0, 98.0)", "(91.5, 100.5)", "(92.5, 100.5)", "(69.5, 73.5)", "(70.5, 73.5)"
twogroups-656, "(31.0, 88.0)", "(2.5, 90.5)", "(2.5, 86.5)", "(19.5, 64.5)", "(22.5, 61.5)"
twogroups-657, "(42.0, 95.0)", "(59.5, 105.5)", "(59.5, 104.5)", "(67.5, 86.5)", "(66.5, 85.5)"
twogroups-658, "(34.0, 29.0)", "(11.5, 22.5)", "(10.5, 23.5)", "(20.5, 56.5)", "(18.5, 54.5)"
twogroups-659, "(95.0, 41.0)", "(117.5, 35.5)", "(117.5, 34.5)", "(101.5, 58.5)", "(102.5, 58.5)"
twogroups-66, "(73.0, 97.0)", "(42.5, 98.5)", "(42.5, 101.5)", "(93.5, 85.5)", "(94.5, 84.5)"
twogroups-660, "(31.0, 87.0)", "(7.5, 98.5)", "(9.5, 101.5)", "(48.5, 93.5)", "(48.5, 94.5)"
twogroups-661, "(97.0, 73.0)", "(109.5, 87.5)", "(107.5, 88.5)", "(92.5, 51.5)", "(89.5, 53.5)"
twogroups-662, "(89.0, 86.0)", "(107.5, 93.5)", "(107.5, 94.5)", "(102.5, 59.5)", "(100.5, 59.5)"
twogroups-663, "(69.0, 21.0)", "(47.5, 22.5)", "(49.5, 22.5)", "(54.5, 48.5)", "(50.5, 45.5)"
twogroups-664, "(23.0, 43.0)", "(42.5, 55.5)", "(42.5, 56.5)", "(48.5, 52.5)", "(48.5, 49.5)"
twogroups-665, "(20.0, 54.0)", "(24.5, 76.5)", "(25.5, 76.5)", "(28.5, 73.5)", "(27.5, 72.5)"
twogroups-666, "(41.0, 24.0)", "(14.5, 43.5)", "(14.5, 42.5)", "(20.5, 21.5)", "(21.5, 24.5)"
twogroups-667, "(76.0, 23.0)", "(95.5, 28.5)", "(93.5, 29.5)", "(67.5, 4.5)", "(65.5, 4.5)"
twogroups-668, "(78.0, 24.0)", "(56.5, 24.5)", "(58.5, 23.5)", "(108.5, 26.5)", "(109.5, 23.5)"
twogroups-669, "(26.0, 37.0)", "(6.5, 42.5)", "(7.5, 43.5)", "(17.5, 62.5)", "(17.5, 61.5)"
twogroups-67, "(35.0, 28.0)", "(55.5, 23.5)", "(55.5, 22.5)", "(26.5, 12.5)", "(29.5, 12.5)"
twogroups-670, "(66.0, 20.0)", "(42.5, 25.5)", "(44.5, 28.5)", "(93.5, 37.5)", "(93.5, 35.5)"
twogroups-671, "(99.0, 64.0)", "(97.5, 94.5)", "(100.5, 94.5)", "(95.5, 84.5)", "(99.5, 85.5)"
twogroups-672, "(99.0, 67.0)", "(77.5, 57.5)", "(78.5, 56.5)", "(81.5, 64.5)", "(79.5, 64.5)"
twogroups-673, "(85.0, 29.0)", "(75.5, 57.5)", "(72.5, 57.5)", "(86.5, 49.5)", "(83.5, 49.5)"
twogroups-674, "(94.0, 80.0)", "(93.5, 99.5)", "(95.5, 99.5)", "(114.5, 75.5)", "(113.5, 75.5)"
twogroups-675, "(92.0, 83.0)", "(104.5, 110.5)", "(106.5, 109.5)", "(94.5, 56.5)", "(93.5, 55.5)"
twogroups-676, "(99.0, 64.0)", "(108.5, 44.5)", "(108.5, 42.5)", "(115.5, 72.5)", "(115.5, 73.5)"
twogroups-677, "(21.0, 69.0)", "(39.5, 43.5)", "(37.5, 42.5)", "(33.5, 45.5)", "(32.5, 43.5)"
twogroups-678, "(24.0, 41.0)", "(36.5, 55.5)", "(33.5, 57.5)", "(29.5, 63.5)", "(31.5, 63.5)"
twogroups-679, "(74.0, 22.0)", "(83.5, 6.5)", "(84.5, 5.5)", "(63.5, 51.5)", "(64.5, 51.5)"
twogroups-68, "(37.0, 92.0)", "(34.5, 112.5)", "(33.5, 112.5)", "(21.5, 84.5)", "(18.5, 85.5)"
twogroups-680, "(92.0, 37.0)", "(90.5, 55.5)", "(91.5, 55.5)", "(110.5, 11.5)", "(107.5, 11.5)"
twogroups-681, "(88.0, 31.0)", "(69.5, 17.5)", "(71.5, 17.5)", "(99.5, 13.5)", "(100.5, 12.5)"
twogroups-682, "(89.0, 32.0)", "(72.5, 18.5)", "(73.5, 18.5)", "(107.5, 14.5)", "(111.5, 18.5)"
twogroups-683, "(84.0, 91.0)", "(114.5, 93.5)", "(114.5, 92.5)", "(68.5, 113.5)", "(67.5, 112.5)"
twogroups-684, "(62.0, 99.0)", "(59.5, 116.5)", "(61.5, 117.5)", "(36.5, 111.5)", "(35.5, 108.5)"
twogroups-685, "(52.0, 99.0)", "(47.5, 119.5)", "(48.5, 119.5)", "(73.5, 95.5)", "(72.5, 96.5)"
twogroups-686, "(24.0, 78.0)", "(9.5, 88.5)", "(8.5, 89.5)", "(39.5, 104.5)", "(41.5, 103.5)"
twogroups-687, "(98.0, 71.0)", "(99.5, 89.5)", "(100.5, 89.5)", "(115.5, 96.5)", "(116.5, 96.5)"
twogroups-688, "(59.0, 99.0)", "(43.5, 116.5)", "(43.5, 117.5)", "(48.5, 83.5)", "(50.5, 80.5)"
twogroups-689, "(57.0, 20.0)", "(28.5, 29.5)", "(26.5, 26.5)", "(55.5, 40.5)", "(53.5, 39.5)"
twogroups-69, "(88.0, 88.0)", "(113.5, 96.5)", "(114.5, 96.5)", "(87.5, 111.5)", "(90.5, 111.5)"
twogroups-690, "(37.0, 92.0)", "(31.5, 111.5)", "(33.5, 112.5)", "(19.5, 100.5)", "(18.5, 100.5)"
twogroups-691, "(59.0, 20.0)", "(90.5, 22.5)", "(90.5, 20.5)", "(67.5, 46.5)", "(68.5, 46.5)"
twogroups-692, "(99.0, 53.0)", "(116.5, 56.5)", "(116.5, 58.5)", "(82.5, 74.5)", "(82.5, 75.5)"
twogroups-693, "(64.0, 99.0)", "(63.5, 78.5)", "(65.5, 78.5)", "(58.5, 118.5)", "(59.5, 118.5)"
twogroups-694, "(36.0, 92.0)", "(38.5, 115.5)", "(34.5, 114.5)", "(32.5, 117.5)", "(31.5, 117.5)"
twogroups-695, "(22.0, 74.0)", "(24.5, 57.5)", "(24.5, 55.5)", "(32.5, 56.5)", "(30.5, 54.5)"
twogroups-696, "(20.0, 56.0)", "(24.5, 79.5)", "(25.5, 78.5)", "(42.5, 61.5)", "(43.5, 59.5)"
twogroups-697, "(72.0, 22.0)", "(48.5, 16.5)", "(48.5, 17.5)", "(50.5, 37.5)", "(47.5, 35.5)"
twogroups-698, "(39.0, 25.0)", "(21.5, 30.5)", "(22.5, 29.5)", "(50.5, 38.5)", "(51.5, 42.5)"
twogroups-699, "(57.0, 20.0)", "(38.5, 10.5)", "(37.5, 11.5)", "(76.5, 15.5)", "(76.5, 14.5)"
twogroups-7, "(23.0, 76.0)", "(29.5, 95.5)", "(28.5, 96.5)", "(8.5, 100.5)", "(9.5, 98.5)"
twogroups-70, "(61.0, 20.0)", "(54.5, 41.5)", "(52.5, 41.5)", "(40.5, 27.5)", "(37.5, 26.5)"
twogroups-700, "(84.0, 91.0)", "(59.5, 97.5)", "(58.5, 97.5)", "(59.5, 82.5)", "(59.5, 83.5)"
twogroups-701, "(50.0, 21.0)", "(72.5, 6.5)", "(73.5, 8.5)", "(81.5, 20.5)", "(80.5, 18.5)"
twogroups-702, "(42.0, 24.0)", "(51.5, 4.5)", "(51.5, 3.5)", "(44.5, 0.5)", "(46.5, 0.5)"
twogroups-703, "(98.0, 49.0)", "(102.5, 71.5)", "(106.5, 71.5)", "(67.5, 37.5)", "(68.5, 37.5)"
twogroups-704, "(97.0, 72.0)", "(102.5, 102.5)", "(106.5, 101.5)", "(89.5, 91.5)", "(88.5, 91.5)"
twogroups-705, "(80.0, 94.0)", "(81.5, 71.5)", "(83.5, 71.5)", "(80.5, 76.5)", "(81.5, 76.5)"
twogroups-706, "(97.0, 72.0)", "(92.5, 98.5)", "(93.5, 98.5)", "(101.5, 50.5)", "(103.5, 50.5)"
twogroups-707, "(46.0, 97.0)", "(53.5, 80.5)", "(52.5, 81.5)", "(15.5, 93.5)", "(14.5, 92.5)"
twogroups-708, "(85.0, 29.0)", "(92.5, 48.5)", "(94.5, 47.5)", "(69.5, 20.5)", "(69.5, 23.5)"
twogroups-709, "(33.0, 30.0)", "(8.5, 34.5)", "(7.5, 34.5)", "(52.5, 29.5)", "(53.5, 29.5)"
twogroups-71, "(99.0, 54.0)", "(72.5, 68.5)", "(74.5, 71.5)", "(79.5, 61.5)", "(78.5, 58.5)"
twogroups-710, "(97.0, 47.0)", "(113.5, 24.5)", "(113.5, 25.5)", "(86.5, 28.5)", "(87.5, 26.5)"
twogroups-711, "(78.0, 95.0)", "(96.5, 99.5)", "(97.5, 99.5)", "(50.5, 79.5)", "(48.5, 83.5)"
twogroups-712, "(21.0, 72.0)", "(48.5, 72.5)", "(48.5, 73.5)", "(0.5, 63.5)", "(1.5, 61.5)"
twogroups-713, "(38.0, 26.0)", "(40.5, 48.5)", "(36.5, 48.5)", "(34.5, 45.5)", "(33.5, 45.5)"
twogroups-714, "(60.0, 20.0)", "(83.5, 24.5)", "(83.5, 22.5)", "(77.5, 24.5)", "(78.5, 23.5)"
twogroups-715, "(55.0, 20.0)", "(32.5, 18.5)", "(31.5, 18.5)", "(75.5, 22.5)"
twogroups-716, "(82.0, 26.0)", "(100.5, 21.5)", "(99.5, 20.5)", "(93.5, 46.5)", "(94.5, 45.5)"
twogroups-717, "(62.0, 20.0)", "(45.5, 46.5)", "(44.5, 46.5)", "(35.5, 10.5)", "(36.5, 10.5)"
twogroups-718, "(20.0, 53.0)", "(17.5, 71.5)", "(18.5, 71.5)", "(51.5, 54.5)", "(51.5, 53.5)"
twogroups-719, "(24.0, 41.0)", "(7.5, 32.5)", "(6.5, 31.5)", "(2.5, 56.5)", "(3.5, 56.5)"
twogroups-72, "(87.0, 31.0)", "(116.5, 26.5)", "(116.5, 27.5)", "(99.5, 51.5)", "(99.5, 50.5)"
twogroups-720, "(52.0, 20.0)", "(37.5, 48.5)", "(38.5, 48.5)", "(80.5, 32.5)", "(81.5, 32.5)"
twogroups-721, "(95.0, 40.0)", "(79.5, 61.5)", "(76.5, 65.5)", "(73.5, 24.5)", "(73.5, 23.5)"
twogroups-722, "(29.0, 34.0)", "(35.5, 59.5)", "(38.5, 58.5)", "(17.5, 58.5)", "(18.5, 59.5)"
twogroups-723, "(97.0, 74.0)", "(109.5, 55.5)", "(110.5, 55.5)", "(64.5, 67.5)", "(66.5, 65.5)"
twogroups-724, "(31.0, 88.0)", "(3.5, 94.5)", "(5.5, 93.5)", "(29.5, 110.5)", "(30.5, 110.5)"
twogroups-725, "(92.0, 36.0)", "(73.5, 12.5)", "(73.5, 11.5)", "(102.5, 51.5)", "(101.5, 51.5)"
twogroups-726, "(98.0, 48.0)", "(75.5, 33.5)", "(74.5, 31.5)", "(76.5, 39.5)", "(74.5, 41.5)"
twogroups-727, "(23.0, 76.0)", "(21.5, 53.5)", "(24.5, 51.5)", "(11.5, 105.5)", "(14.5, 105.5)"
twogroups-728, "(84.0, 28.0)", "(61.5, 35.5)", "(60.5, 33.5)", "(67.5, 37.5)", "(70.5, 34.5)"
twogroups-729, "(72.0, 22.0)", "(44.5, 26.5)", "(43.5, 24.5)", "(52.5, 24.5)", "(52.5, 27.5)"
twogroups-73, "(24.0, 77.0)", "(42.5, 71.5)", "(42.5, 69.5)", "(1.5, 76.5)", "(2.5, 79.5)"
twogroups-730, "(99.0, 66.0)", "(84.5, 39.5)", "(82.5, 38.5)", "(114.5, 37.5)", "(113.5, 39.5)"
twogroups-731, "(41.0, 95.0)", "(47.5, 112.5)", "(44.5, 113.5)", "(20.5, 111.5)", "(17.5, 107.5)"
twogroups-732, "(92.0, 82.0)", "(98.5, 103.5)", "(99.5, 103.5)", "(85.5, 60.5)", "(83.5, 58.5)"
twogroups-733, "(38.0, 93.0)", "(67.5, 99.5)", "(68.5, 96.5)", "(63.5, 99.5)", "(62.5, 102.5)"
twogroups-734, "(93.0, 38.0)", "(106.5, 19.5)", "(106.5, 20.5)", "(116.5, 52.5)", "(117.5, 48.5)"
twogroups-735, "(68.0, 20.0)", "(70.5, 51.5)", "(72.5, 50.5)", "(72.5, 46.5)", "(73.5, 46.5)"
twogroups-736, "(97.0, 73.0)", "(119.5, 77.5)", "(115.5, 56.5)", "(116.5, 56.5)"
twogroups-737, "(20.0, 57.0)", "(32.5, 76.5)", "(33.5, 80.5)", "(46.5, 41.5)", "(42.5, 37.5)"
twogroups-738, "(37.0, 92.0)", "(41.5, 72.5)", "(42.5, 72.5)", "(22.5, 111.5)", "(19.5, 111.5)"
twogroups-739, "(66.0, 20.0)", "(70.5, 46.5)", "(71.5, 46.5)", "(84.5, 26.5)", "(83.5, 27.5)"
twogroups-74, "(32.0, 30.0)", "(26.5, 52.5)", "(25.5, 52.5)", "(51.5, 25.5)", "(52.5, 26.5)"
twogroups-740, "(95.0, 78.0)", "(97.5, 57.5)", "(94.5, 57.5)", "(105.5, 106.5)", "(108.5, 105.5)"
twogroups-741, "(31.0, 31.0)", "(34.5, 8.5)", "(33.5, 8.5)", "(22.5, 56.5)", "(21.5, 55.5)"
twogroups-742, "(85.0, 90.0)", "(113.5, 97.5)", "(114.5, 96.5)", "(108.5, 102.5)", "(109.5, 102.5)"
twogroups-743, "(20.0, 61.0)", "(42.5, 53.5)", "(43.5, 53.5)", "(28.5, 34.5)", "(27.5, 34.5)"
twogroups-744, "(72.0, 22.0)", "(97.5, 29.5)", "(97.5, 30.5)", "(70.5, 0.5)", "(71.5, 0.5)"
twogroups-745, "(78.0, 24.0)", "(63.5, 51.5)", "(63.5, 50.5)", "(104.5, 23.5)", "(104.5, 26.5)"
twogroups-746, "(99.0, 62.0)", "(72.5, 66.5)", "(70.5, 63.5)", "(100.5, 89.5)", "(103.5, 88.5)"
twogroups-747, "(50.0, 21.0)", "(31.5, 42.5)", "(30.5, 42.5)", "(27.5, 30.5)", "(28.5, 31.5)"
twogroups-748, "(20.0, 52.0)", "(0.5, 40.5)", "(0.5, 38.5)", "(39.5, 52.5)", "(38.5, 55.5)"
twogroups-749, "(20.0, 68.0)", "(16.5, 37.5)", "(14.5, 35.5)", "(38.5, 79.5)", "(37.5, 78.5)"
twogroups-75, "(62.0, 20.0)", "(74.5, 49.5)", "(76.5, 47.5)", "(45.5, 27.5)", "(44.5, 27.5)"
twogroups-750, "(39.0, 25.0)", "(30.5, 41.5)", "(30.5, 42.5)", "(20.5, 33.5)", "(22.5, 34.5)"
twogroups-751, "(49.0, 98.0)", "(37.5, 112.5)", "(38.5, 112.5)", "(76.5, 102.5)", "(76.5, 101.5)"
twogroups-752, "(47.0, 98.0)", "(56.5, 118.5)", "(53.5, 119.5)", "(38.5, 118.5)", "(38.5, 119.5)"
twogroups-753, "(66.0, 20.0)", "(73.5, 46.5)", "(74.5, 47.5)", "(56.5, 45.5)", "(56.5, 46.5)"
twogroups-754, "(24.0, 77.0)", "(5.5, 84.5)", "(6.5, 85.5)", "(42.5, 78.5)", "(43.5, 77.5)"
twogroups-755, "(99.0, 56.0)", "(77.5, 42.5)", "(81.5, 42.5)", "(94.5, 73.5)", "(95.5, 73.5)"
twogroups-756, "(99.0, 64.0)", "(108.5, 75.5)", "(109.5, 78.5)", "(106.5, 83.5)", "(105.5, 82.5)"
twogroups-757, "(20.0, 61.0)", "(25.5, 80.5)", "(24.5, 80.5)", "(44.5, 73.5)", "(45.5, 73.5)"
twogroups-758, "(33.0, 89.0)", "(53.5, 80.5)", "(52.5, 78.5)", "(43.5, 113.5)", "(46.5, 111.5)"
twogroups-759, "(76.0, 96.0)", "(96.5, 99.5)", "(97.5, 99.5)", "(89.5, 115.5)", "(90.5, 115.5)"
twogroups-76, "(55.0, 99.0)", "(81.5, 108.5)", "(81.5, 106.5)", "(29.5, 114.5)", "(32.5, 113.5)"
twogroups-760, "(35.0, 91.0)", "(30.5, 110.5)", "(27.5, 109.5)", "(39.5, 111.5)", "(40.5, 110.5)"
twogroups-761, "(91.0, 34.0)", "(90.5, 56.5)", "(92.5, 56.5)", "(90.5, 52.5)", "(93.5, 52.5)"
twogroups-762, "(94.0, 80.0)", "(116.5, 76.5)", "(117.5, 78.5)", "(90.5, 110.5)", "(87.5, 110.5)"
twogroups-763, "(81.0, 93.0)", "(84.5, 71.5)", "(85.5, 71.5)", "(86.5, 110.5)", "(89.5, 109.5)"
twogroups-764, "(21.0, 48.0)", "(41.5, 44.5)", "(41.5, 47.5)", "(16.5, 78.5)", "(13.5, 78.5)"
twogroups-765, "(64.0, 99.0)", "(64.5, 76.5)", "(64.5, 75.5)", "(38.5, 82.5)", "(35.5, 85.5)"
twogroups-766, "(39.0, 94.0)", "(18.5, 104.5)", "(16.5, 101.5)", "(57.5, 100.5)", "(57.5, 99.5)"
twogroups-767, "(76.0, 96.0)", "(105.5, 85.5)", "(104.5, 82.5)", "(77.5, 114.5)", "(74.5, 114.5)"
twogroups-768, "(88.0, 88.0)", "(99.5, 63.5)", "(99.5, 62.5)", "(91.5, 58.5)", "(91.5, 57.5)"
twogroups-769, "(25.0, 39.0)", "(34.5, 17.5)", "(35.5, 18.5)", "(21.5, 68.5)", "(21.5, 69.5)"
twogroups-77, "(22.0, 46.0)", "(44.5, 60.5)", "(49.5, 60.5)", "(14.5, 71.5)", "(11.5, 70.5)"
twogroups-770, "(96.0, 75.0)", "(70.5, 59.5)", "(70.5, 57.5)", "(112.5, 101.5)", "(113.5, 100.5)"
twogroups-771, "(78.0, 95.0)", "(103.5, 101.5)", "(104.5, 101.5)", "(89.5, 78.5)", "(88.5, 76.5)"
twogroups-772, "(74.0, 22.0)", "(97.5, 18.5)", "(96.5, 18.5)", "(48.5, 29.5)", "(47.5, 28.5)"
twogroups-773, "(22.0, 74.0)", "(3.5, 60.5)", "(2.5, 62.5)", "(25.5, 50.5)", "(23.5, 50.5)"
twogroups-774, "(54.0, 99.0)", "(63.5, 117.5)", "(60.5, 118.5)", "(65.5, 108.5)", "(65.5, 107.5)"
twogroups-775, "(23.0, 76.0)", "(24.5, 54.5)", "(23.5, 53.5)", "(9.5, 98.5)", "(9.5, 99.5)"
twogroups-776, "(98.0, 69.0)", "(88.5, 48.5)", "(88.5, 46.5)", "(102.5, 47.5)", "(101.5, 45.5)"
twogroups-777, "(97.0, 45.0)", "(87.5, 61.5)", "(88.5, 61.5)", "(115.5, 50.5)", "(115.5, 46.5)"
twogroups-778, "(98.0, 49.0)", "(117.5, 47.5)", "(116.5, 45.5)", "(69.5, 54.5)", "(72.5, 54.5)"
twogroups-779, "(78.0, 24.0)", "(52.5, 16.5)", "(53.5, 15.5)", "(103.5, 33.5)", "(103.5, 31.5)"
twogroups-78, "(73.0, 97.0)", "(65.5, 72.5)", "(63.5, 73.5)", "(64.5, 115.5)", "(63.5, 114.5)"
twogroups-780, "(57.0, 20.0)", "(51.5, 37.5)", "(52.5, 37.5)", "(74.5, 14.5)", "(75.5, 13.5)"
twogroups-781, "(34.0, 91.0)", "(10.5, 100.5)", "(8.5, 100.5)", "(60.5, 93.5)", "(61.5, 93.5)"
twogroups-782, "(45.0, 22.0)", "(30.5, 0.5)", "(27.5, 0.5)", "(17.5, 10.5)", "(15.5, 11.5)"
twogroups-783, "(80.0, 94.0)", "(61.5, 82.5)", "(63.5, 82.5)", "(101.5, 102.5)", "(102.5, 101.5)"
twogroups-784, "(34.0, 29.0)", "(37.5, 52.5)", "(36.5, 51.5)", "(15.5, 38.5)", "(13.5, 39.5)"
twogroups-785, "(67.0, 20.0)", "(76.5, 45.5)", "(79.5, 44.5)", "(84.5, 18.5)", "(85.5, 18.5)"
twogroups-786, "(29.0, 34.0)", "(24.5, 57.5)", "(24.5, 56.5)", "(52.5, 33.5)", "(53.5, 33.5)"
twogroups-787, "(68.0, 99.0)", "(95.5, 102.5)", "(95.5, 104.5)", "(99.5, 102.5)", "(99.5, 99.5)"
twogroups-788, "(25.0, 80.0)", "(7.5, 86.5)", "(6.5, 85.5)", "(21.5, 51.5)", "(20.5, 50.5)"
twogroups-789, "(83.0, 92.0)", "(54.5, 87.5)", "(53.5, 87.5)", "(79.5, 111.5)", "(80.5, 112.5)"
twogroups-79, "(71.0, 21.0)", "(46.5, 2.5)", "(47.5, 3.5)", "(51.5, 29.5)", "(52.5, 29.5)"
twogroups-790, "(86.0, 90.0)", "(68.5, 102.5)", "(69.5, 101.5)", "(65.5, 91.5)", "(63.5, 87.5)"
twogroups-791, "(44.0, 23.0)", "(17.5, 36.5)", "(16.5, 36.5)", "(66.5, 26.5)", "(66.5, 27.5)"
twogroups-792, "(21.0, 72.0)", "(4.5, 65.5)", "(4.5, 61.5)", "(28.5, 51.5)", "(28.5, 49.5)"
twogroups-793, "(60.0, 99.0)", "(86.5, 116.5)", "(88.5, 112.5)", "(37.5, 101.5)", "(37.5, 100.5)"
twogroups-794, "(20.0, 56.0)", "(17.5, 75.5)", "(16.5, 75.5)", "(14.5, 86.5)", "(15.5, 86.5)"
twogroups-795, "(30.0, 86.0)", "(23.5, 102.5)", "(27.5, 104.5)", "(43.5, 108.5)", "(44.5, 111.5)"
twogroups-796, "(73.0, 97.0)", "(94.5, 96.5)", "(93.5, 95.5)", "(74.5, 117.5)", "(75.5, 117.5)"
twogroups-797, "(97.0, 73.0)", "(115.5, 66.5)", "(115.5, 67.5)", "(88.5, 87.5)", "(84.5, 88.5)"
twogroups-798, "(82.0, 26.0)", "(86.5, 46.5)", "(85.5, 45.5)", "(101.5, 22.5)", "(100.5, 22.5)"
twogroups-799, "(41.0, 95.0)", "(67.5, 92.5)", "(67.5, 90.5)", "(53.5, 110.5)", "(54.5, 113.5)"
twogroups-8, "(98.0, 50.0)", "(117.5, 38.5)", "(118.5, 38.5)", "(105.5, 80.5)", "(107.5, 80.5)"
twogroups-80, "(98.0, 69.0)", "(85.5, 85.5)", "(86.5, 85.5)", "(116.5, 50.5)", "(117.5, 50.5)"
twogroups-800, "(68.0, 20.0)", "(83.5, 31.5)", "(84.5, 30.5)", "(35.5, 17.5)", "(38.5, 18.5)"
twogroups-801, "(33.0, 89.0)", "(52.5, 90.5)", "(52.5, 88.5)", "(55.5, 91.5)", "(55.5, 87.5)"
twogroups-802, "(50.0, 98.0)", "(42.5, 115.5)", "(44.5, 115.5)", "(28.5, 98.5)", "(31.5, 95.5)"
twogroups-803, "(33.0, 30.0)", "(34.5, 11.5)", "(32.5, 9.5)", "(9.5, 28.5)", "(8.5, 29.5)"
twogroups-804, "(45.0, 97.0)", "(75.5, 108.5)", "(75.5, 107.5)", "(27.5, 108.5)", "(26.5, 106.5)"
twogroups-805, "(57.0, 99.0)", "(42.5, 81.5)", "(42.5, 80.5)", "(60.5, 71.5)", "(63.5, 70.5)"
twogroups-806, "(20.0, 65.0)", "(33.5, 84.5)", "(32.5, 81.5)", "(21.5, 44.5)", "(21.5, 46.5)"
twogroups-807, "(22.0, 73.0)", "(41.5, 66.5)", "(42.5, 66.5)", "(18.5, 92.5)", "(18.5, 91.5)"
twogroups-808, "(92.0, 36.0)", "(87.5, 57.5)", "(87.5, 56.5)", "(95.5, 56.5)", "(94.5, 56.5)"
twogroups-809, "(99.0, 61.0)", "(74.5, 79.5)", "(71.5, 75.5)", "(92.5, 79.5)", "(93.5, 79.5)"
twogroups-81, "(20.0, 62.0)", "(44.5, 75.5)", "(43.5, 76.5)", "(33.5, 81.5)", "(34.5, 78.5)"
twogroups-810, "(83.0, 92.0)", "(90.5, 111.5)", "(91.5, 111.5)", "(62.5, 94.5)", "(63.5, 93.5)"
twogroups-811, "(56.0, 99.0)", "(32.5, 114.5)", "(31.5, 114.5)", "(87.5, 98.5)", "(88.5, 98.5)"
twogroups-812, "(82.0, 93.0)", "(93.5, 116.5)", "(90.5, 117.5)", "(91.5, 108.5)", "(92.5, 108.5)"
twogroups-813, "(61.0, 99.0)", "(84.5, 92.5)", "(84.5, 96.5)", "(36.5, 93.5)", "(36.5, 96.5)"
twogroups-814, "(94.0, 39.0)", "(116.5, 37.5)", "(117.5, 34.5)", "(86.5, 12.5)", "(87.5, 14.5)"
twogroups-815, "(31.0, 87.0)", "(33.5, 65.5)", "(32.5, 65.5)", "(59.5, 97.5)", "(60.5, 97.5)"
twogroups-816, "(24.0, 78.0)", "(27.5, 96.5)", "(25.5, 97.5)", "(42.5, 74.5)", "(43.5, 76.5)"
twogroups-817, "(97.0, 47.0)", "(109.5, 54.5)", "(109.5, 53.5)", "(97.5, 70.5)", "(99.5, 69.5)"
twogroups-818, "(98.0, 48.0)", "(94.5, 74.5)", "(97.5, 75.5)", "(102.5, 71.5)", "(102.5, 70.5)"
twogroups-819, "(37.0, 27.0)", "(48.5, 46.5)", "(49.5, 46.5)", "(18.5, 34.5)", "(20.5, 34.5)"
twogroups-82, "(86.0, 90.0)", "(111.5, 96.5)", "(112.5, 93.5)", "(106.5, 91.5)", "(106.5, 90.5)"
twogroups-820, "(84.0, 91.0)", "(93.5, 109.5)", "(93.5, 105.5)", "(64.5, 85.5)", "(63.5, 85.5)"
twogroups-821, "(100.0, 60.0)", "(82.5, 68.5)", "(84.5, 72.5)", "(96.5, 31.5)", "(96.5, 32.5)"
twogroups-822, "(30.0, 86.0)", "(7.5, 84.5)", "(8.5, 84.5)", "(56.5, 79.5)", "(56.5, 81.5)"
twogroups-823, "(34.0, 28.0)", "(9.5, 24.5)", "(8.5, 25.5)", "(59.5, 21.5)", "(60.5, 21.5)"
twogroups-824, "(46.0, 22.0)", "(63.5, 31.5)", "(62.5, 31.5)", "(63.5, 12.5)", "(63.5, 15.5)"
twogroups-825, "(23.0, 43.0)", "(45.5, 57.5)", "(42.5, 54.5)", "(2.5, 54.5)", "(3.5, 54.5)"
twogroups-826, "(24.0, 78.0)", "(31.5, 95.5)", "(29.5, 95.5)", "(0.5, 65.5)", "(1.5, 64.5)"
twogroups-827, "(73.0, 97.0)", "(86.5, 84.5)", "(87.5, 83.5)", "(104.5, 97.5)", "(104.5, 98.5)"
twogroups-828, "(67.0, 20.0)", "(85.5, 22.5)", "(86.5, 22.5)", "(53.5, 5.5)", "(55.5, 2.5)"
twogroups-829, "(31.0, 31.0)", "(16.5, 40.5)", "(15.5, 40.5)", "(35.5, 6.5)", "(36.5, 6.5)"
twogroups-83, "(98.0, 49.0)", "(118.5, 47.5)", "(119.5, 47.5)", "(77.5, 50.5)", "(75.5, 51.5)"
twogroups-830, "(96.0, 76.0)", "(117.5, 83.5)", "(118.5, 80.5)", "(91.5, 96.5)", "(94.5, 96.5)"
twogroups-831, "(95.0, 40.0)", "(109.5, 15.5)", "(108.5, 16.5)", "(91.5, 63.5)", "(90.5, 63.5)"
twogroups-832, "(20.0, 67.0)", "(50.5, 76.5)", "(51.5, 76.5)", "(17.5, 89.5)", "(16.5, 89.5)"
twogroups-833, "(98.0, 68.0)", "(82.5, 79.5)", "(79.5, 80.5)", "(84.5, 51.5)", "(87.5, 52.5)"
twogroups-834, "(98.0, 49.0)", "(91.5, 16.5)", "(95.5, 18.5)", "(77.5, 53.5)", "(79.5, 49.5)"
twogroups-835, "(96.0, 43.0)", "(118.5, 37.5)", "(119.5, 37.5)", "(73.5, 44.5)", "(71.5, 45.5)"
twogroups-836, "(98.0, 48.0)", "(95.5, 65.5)", "(92.5, 65.5)", "(74.5, 53.5)", "(77.5, 54.5)"
twogroups-837, "(84.0, 28.0)", "(65.5, 22.5)", "(67.5, 22.5)", "(108.5, 37.5)", "(109.5, 35.5)"
twogroups-838, "(20.0, 53.0)", "(0.5, 44.5)", "(0.5, 45.5)", "(14.5, 84.5)", "(14.5, 83.5)"
twogroups-839, "(96.0, 77.0)", "(99.5, 100.5)", "(96.5, 100.5)", "(108.5, 61.5)", "(109.5, 61.5)"
twogroups-84, "(47.0, 21.0)", "(48.5, 41.5)", "(44.5, 40.5)", "(51.5, 47.5)", "(52.5, 47.5)"
twogroups-840, "(66.0, 99.0)", "(92.5, 106.5)", "(92.5, 104.5)", "(52.5, 117.5)", "(50.5, 117.5)"
twogroups-841, "(99.0, 66.0)", "(69.5, 72.5)", "(69.5, 71.5)", "(89.5, 92.5)", "(89.5, 91.5)"
twogroups-842, "(98.0, 48.0)", "(72.5, 52.5)", "(70.5, 51.5)", "(90.5, 68.5)", "(90.5, 67.5)"
twogroups-843, "(60.0, 20.0)", "(79.5, 34.5)", "(81.5, 36.5)", "(27.5, 11.5)", "(30.5, 14.5)"
twogroups-844, "(45.0, 22.0)", "(39.5, 40.5)", "(40.5, 39.5)", "(43.5, 49.5)", "(46.5, 48.5)"
twogroups-845, "(20.0, 57.0)", "(36.5, 83.5)", "(37.5, 83.5)", "(34.5, 29.5)", "(31.5, 28.5)"
twogroups-846, "(54.0, 99.0)", "(69.5, 87.5)", "(69.5, 88.5)", "(28.5, 94.5)", "(28.5, 92.5)"
twogroups-847, "(35.0, 91.0)", "(5.5, 79.5)", "(8.5, 79.5)", "(28.5, 73.5)", "(28.5, 71.5)"
twogroups-848, "(44.0, 23.0)", "(18.5, 20.5)", "(17.5, 20.5)", "(58.5, 50.5)", "(55.5, 51.5)"
twogroups-849, "(20.0, 66.0)", "(2.5, 93.5)", "(1.5, 91.5)", "(16.5, 89.5)", "(16.5, 88.5)"
twogroups-85, "(77.0, 23.0)", "(80.5, 42.5)", "(77.5, 43.5)", "(107.5, 14.5)", "(105.5, 11.5)"
twogroups-850, "(27.0, 36.0)", "(8.5, 42.5)", "(9.5, 39.5)", "(51.5, 45.5)", "(52.5, 43.5)"
twogroups-851, "(31.0, 88.0)", "(41.5, 103.5)", "(42.5, 100.5)", "(22.5, 106.5)", "(23.5, 105.5)"
twogroups-852, "(21.0, 69.0)", "(2.5, 83.5)", "(3.5, 83.5)", "(3.5, 71.5)", "(1.5, 73.5)"
twogroups-853, "(83.0, 27.0)", "(70.5, 53.5)", "(68.5, 54.5)", "(64.5, 33.5)", "(66.5, 32.5)"
twogroups-854, "(42.0, 95.0)", "(28.5, 75.5)", "(32.5, 74.5)", "(22.5, 102.5)", "(21.5, 102.5)"
twogroups-855, "(96.0, 44.0)", "(119.5, 43.5)", "(119.5, 44.5)", "(111.5, 18.5)", "(113.5, 17.5)"
twogroups-856, "(25.0, 40.0)", "(34.5, 65.5)", "(37.5, 63.5)", "(1.5, 49.5)", "(0.5, 46.5)"
twogroups-857, "(84.0, 91.0)", "(110.5, 78.5)", "(111.5, 79.5)", "(83.5, 110.5)", "(85.5, 110.5)"
twogroups-858, "(25.0, 39.0)", "(22.5, 61.5)", "(23.5, 61.5)", "(5.5, 43.5)", "(8.5, 45.5)"
twogroups-859, "(52.0, 99.0)", "(71.5, 99.5)", "(71.5, 103.5)", "(74.5, 97.5)", "(75.5, 97.5)"
twogroups-86, "(97.0, 47.0)", "(101.5, 74.5)", "(101.5, 73.5)", "(91.5, 74.5)", "(92.5, 73.5)"
twogroups-860, "(36.0, 27.0)", "(41.5, 44.5)", "(40.5, 44.5)", "(66.5, 26.5)", "(65.5, 25.5)"
twogroups-861, "(91.0, 84.0)", "(84.5, 64.5)", "(84.5, 63.5)", "(105.5, 64.5)", "(105.5, 66.5)"
twogroups-862, "(98.0, 68.0)", "(68.5, 67.5)", "(67.5, 68.5)", "(82.5, 87.5)", "(83.5, 84.5)"
twogroups-863, "(96.0, 43.0)", "(90.5, 21.5)", "(87.5, 19.5)", "(63.5, 41.5)", "(65.5, 40.5)"
twogroups-864, "(69.0, 21.0)", "(89.5, 22.5)", "(90.5, 22.5)", "(72.5, 52.5)", "(73.5, 51.5)"
twogroups-865, "(49.0, 98.0)", "(52.5, 115.5)", "(51.5, 115.5)", "(34.5, 77.5)", "(33.5, 74.5)"
twogroups-866, "(92.0, 37.0)", "(115.5, 49.5)", "(117.5, 45.5)", "(97.5, 54.5)", "(97.5, 55.5)"
twogroups-867, "(57.0, 99.0)", "(75.5, 113.5)", "(76.5, 116.5)", "(34.5, 98.5)", "(37.5, 95.5)"
twogroups-868, "(87.0, 30.0)", "(81.5, 52.5)", "(81.5, 53.5)", "(103.5, 49.5)", "(103.5, 52.5)"
twogroups-869, "(30.0, 86.0)", "(21.5, 111.5)", "(20.5, 110.5)", "(50.5, 89.5)", "(50.5, 90.5)"
twogroups-87, "(20.0, 53.0)", "(43.5, 51.5)", "(43.5, 54.5)", "(42.5, 37.5)", "(44.5, 38.5)"
twogroups-870, "(25.0, 40.0)", "(41.5, 47.5)", "(43.5, 44.5)", "(1.5, 41.5)", "(2.5, 42.5)"
twogroups-871, "(61.0, 99.0)", "(44.5, 90.5)", "(44.5, 89.5)", "(83.5, 94.5)", "(84.5, 94.5)"
twogroups-872, "(93.0, 81.0)", "(91.5, 110.5)", "(91.5, 111.5)", "(91.5, 49.5)", "(95.5, 50.5)"
twogroups-873, "(23.0, 76.0)", "(37.5, 52.5)", "(37.5, 51.5)", "(31.5, 94.5)", "(32.5, 94.5)"
twogroups-874, "(99.0, 55.0)", "(74.5, 49.5)", "(77.5, 51.5)", "(90.5, 81.5)", "(89.5, 80.5)"
twogroups-875, "(51.0, 99.0)", "(69.5, 105.5)", "(70.5, 105.5)", "(70.5, 114.5)", "(67.5, 110.5)"
twogroups-876, "(99.0, 56.0)", "(117.5, 53.5)", "(117.5, 52.5)", "(95.5, 37.5)", "(93.5, 36.5)"
twogroups-877, "(82.0, 26.0)", "(74.5, 38.5)", "(74.5, 42.5)", "(102.5, 19.5)", "(102.5, 20.5)"
twogroups-878, "(54.0, 99.0)", "(74.5, 94.5)", "(73.5, 94.5)", "(80.5, 94.5)", "(81.5, 96.5)"
twogroups-879, "(28.0, 84.0)", "(29.5, 107.5)", "(26.5, 106.5)", "(21.5, 103.5)", "(18.5, 101.5)"
twogroups-88, "(90.0, 34.0)", "(90.5, 53.5)", "(93.5, 52.5)", "(115.5, 42.5)", "(115.5, 39.5)"
twogroups-880, "(40.0, 25.0)", "(37.5, 44.5)", "(35.5, 44.5)", "(37.5, 54.5)", "(36.5, 54.5)"
twogroups-881, "(20.0, 58.0)", "(32.5, 77.5)", "(33.5, 77.5)", "(30.5, 83.5)", "(31.5, 83.5)"
twogroups-882, "(31.0, 31.0)", "(27.5, 10.5)", "(29.5, 9.5)", "(39.5, 45.5)", "(40.5, 45.5)"
twogroups-883, "(21.0, 71.0)", "(46.5, 79.5)", "(47.5, 78.5)", "(28.5, 46.5)", "(25.5, 43.5)"
twogroups-884, "(98.0, 48.0)", "(73.5, 60.5)", "(72.5, 60.5)", "(76.5, 63.5)", "(79.5, 61.5)"
twogroups-885, "(32.0, 30.0)", "(33.5, 49.5)", "(35.5, 48.5)", "(60.5, 39.5)", "(61.5, 35.5)"
twogroups-886, "(25.0, 39.0)", "(17.5, 68.5)", "(18.5, 68.5)", "(31.5, 9.5)", "(27.5, 9.5)"
twogroups-887, "(20.0, 67.0)", "(41.5, 64.5)", "(40.5, 67.5)", "(36.5, 57.5)", "(37.5, 59.5)"
twogroups-888, "(53.0, 99.0)", "(30.5, 99.5)", "(29.5, 99.5)", "(55.5, 118.5)", "(56.5, 118.5)"
twogroups-889, "(73.0, 97.0)", "(83.5, 68.5)", "(83.5, 67.5)", "(92.5, 103.5)", "(93.5, 101.5)"
twogroups-89, "(25.0, 40.0)", "(10.5, 54.5)", "(13.5, 54.5)", "(19.5, 10.5)", "(16.5, 11.5)"
twogroups-890, "(25.0, 79.0)", "(39.5, 100.5)", "(41.5, 104.5)", "(1.5, 97.5)", "(3.5, 93.5)"
twogroups-891, "(47.0, 98.0)", "(27.5, 106.5)", "(28.5, 108.5)", "(23.5, 109.5)", "(20.5, 108.5)"
twogroups-892, "(20.0, 62.0)", "(11.5, 37.5)", "(9.5, 38.5)", "(20.5, 30.5)", "(23.5, 31.5)"
twogroups-893, "(42.0, 95.0)", "(25.5, 107.5)", "(26.5, 108.5)", "(17.5, 91.5)", "(17.5, 94.5)"
twogroups-894, "(97.0, 47.0)", "(89.5, 64.5)", "(90.5, 64.5)", "(66.5, 40.5)", "(65.5, 42.5)"
twogroups-895, "(93.0, 38.0)", "(89.5, 58.5)", "(88.5, 57.5)", "(100.5, 55.5)", "(101.5, 55.5)"
twogroups-896, "(22.0, 45.0)", "(21.5, 72.5)", "(19.5, 71.5)", "(1.5, 41.5)", "(1.5, 43.5)"
twogroups-897, "(99.0, 57.0)", "(94.5, 84.5)", "(94.5, 83.5)", "(100.5, 77.5)", "(101.5, 76.5)"
twogroups-898, "(20.0, 66.0)", "(16.5, 45.5)", "(20.5, 47.5)", "(47.5, 70.5)", "(47.5, 73.5)"
twogroups-899, "(66.0, 99.0)", "(47.5, 92.5)", "(46.5, 90.5)", "(93.5, 116.5)", "(93.5, 115.5)"
twogroups-9, "(89.0, 87.0)", "(81.5, 57.5)", "(81.5, 56.5)", "(103.5, 113.5)", "(100.5, 114.5)"
twogroups-90, "(99.0, 56.0)", "(100.5, 27.5)", "(102.5, 30.5)", "(94.5, 27.5)", "(93.5, 27.5)"
twogroups-900, "(46.0, 97.0)", "(50.5, 116.5)", "(49.5, 116.5)", "(44.5, 117.5)", "(43.5, 117.5)"
twogroups-901, "(38.0, 93.0)", "(31.5, 111.5)", "(28.5, 110.5)", "(38.5, 74.5)", "(40.5, 73.5)"
twogroups-902, "(62.0, 99.0)", "(40.5, 88.5)", "(40.5, 89.5)", "(65.5, 80.5)", "(61.5, 81.5)"
twogroups-903, "(72.0, 97.0)", "(76.5, 66.5)", "(72.5, 65.5)", "(94.5, 113.5)", "(97.5, 114.5)"
twogroups-904, "(34.0, 29.0)", "(56.5, 15.5)", "(52.5, 13.5)", "(14.5, 25.5)", "(13.5, 26.5)"
twogroups-905, "(46.0, 22.0)", "(44.5, 43.5)", "(47.5, 42.5)", "(38.5, 39.5)", "(40.5, 39.5)"
twogroups-906, "(67.0, 20.0)", "(95.5, 33.5)", "(96.5, 31.5)", "(71.5, 1.5)", "(70.5, 1.5)"
twogroups-907, "(20.0, 55.0)", "(11.5, 29.5)", "(8.5, 29.5)", "(31.5, 62.5)", "(32.5, 62.5)"
twogroups-908, "(98.0, 48.0)", "(77.5, 58.5)", "(75.5, 55.5)", "(87.5, 63.5)", "(88.5, 63.5)"
twogroups-909, "(28.0, 84.0)", "(23.5, 62.5)", "(25.5, 61.5)", "(48.5, 90.5)", "(47.5, 91.5)"
twogroups-91, "(51.0, 99.0)", "(53.5, 78.5)", "(53.5, 79.5)", "(71.5, 102.5)", "(71.5, 104.5)"
twogroups-910, "(34.0, 91.0)", "(62.5, 100.5)", "(62.5, 99.5)", "(44.5, 115.5)", "(46.5, 114.5)"
twogroups-911, "(57.0, 99.0)", "(31.5, 95.5)", "(29.5, 92.5)", "(48.5, 78.5)", "(46.5, 78.5)"
twogroups-912, "(34.0, 91.0)", "(26.5, 70.5)", "(30.5, 71.5)", "(29.5, 114.5)", "(31.5, 114.5)"
twogroups-913, "(38.0, 26.0)", "(12.5, 33.5)", "(12.5, 34.5)", "(21.5, 30.5)", "(20.5, 29.5)"
twogroups-914, "(68.0, 99.0)", "(40.5, 88.5)", "(39.5, 91.5)", "(96.5, 88.5)", "(97.5, 89.5)"
twogroups-915, "(89.0, 86.0)", "(71.5, 96.5)", "(72.5, 97.5)", "(74.5, 77.5)", "(70.5, 79.5)"
twogroups-916, "(22.0, 44.0)", "(24.5, 62.5)", "(20.5, 62.5)", "(31.5, 14.5)", "(34.5, 15.5)"
twogroups-917, "(77.0, 23.0)", "(82.5, 41.5)", "(81.5, 41.5)", "(96.5, 27.5)", "(96.5, 28.5)"
twogroups-918, "(98.0, 49.0)", "(92.5, 16.5)", "(89.5, 18.5)", "(100.5, 67.5)", "(100.5, 66.5)"
twogroups-919, "(69.0, 98.0)", "(41.5, 105.5)", "(43.5, 107.5)", "(44.5, 89.5)", "(43.5, 90.5)"
twogroups-92, "(98.0, 69.0)", "(107.5, 98.5)", "(106.5, 98.5)", "(87.5, 43.5)", "(88.5, 43.5)"
twogroups-920, "(99.0, 57.0)", "(111.5, 67.5)", "(110.5, 68.5)", "(104.5, 87.5)", "(105.5, 87.5)"
twogroups-921, "(46.0, 22.0)", "(66.5, 19.5)", "(67.5, 19.5)", "(58.5, 38.5)", "(56.5, 37.5)"
twogroups-922, "(44.0, 96.0)", "(64.5, 99.5)", "(64.5, 103.5)", "(70.5, 80.5)", "(71.5, 82.5)"
twogroups-923, "(99.0, 53.0)", "(116.5, 79.5)", "(114.5, 80.5)", "(83.5, 29.5)", "(84.5, 31.5)"
twogroups-924, "(69.0, 98.0)", "(48.5, 99.5)", "(49.5, 96.5)", "(67.5, 79.5)", "(68.5, 78.5)"
twogroups-925, "(49.0, 21.0)", "(58.5, 46.5)", "(60.5, 45.5)", "(27.5, 17.5)", "(27.5, 19.5)"
twogroups-926, "(20.0, 52.0)", "(35.5, 76.5)", "(37.5, 73.5)", "(46.5, 59.5)", "(46.5, 60.5)"
twogroups-927, "(87.0, 88.0)", "(87.5, 57.5)", "(86.5, 58.5)", "(108.5, 85.5)", "(108.5, 84.5)"
twogroups-928, "(97.0, 46.0)", "(94.5, 15.5)", "(92.5, 16.5)", "(95.5, 72.5)", "(98.5, 72.5)"
twogroups-929, "(56.0, 99.0)", "(50.5, 69.5)", "(51.5, 67.5)", "(85.5, 112.5)", "(86.5, 108.5)"
twogroups-93, "(21.0, 69.0)", "(35.5, 81.5)", "(33.5, 78.5)", "(40.5, 66.5)", "(41.5, 66.5)"
twogroups-930, "(79.0, 94.0)", "(50.5, 104.5)", "(50.5, 101.5)", "(68.5, 73.5)", "(70.5, 73.5)"
twogroups-931, "(31.0, 32.0)", "(4.5, 42.5)", "(2.5, 39.5)", "(45.5, 40.5)", "(45.5, 39.5)"
twogroups-932, "(97.0, 47.0)", "(94.5, 20.5)", "(95.5, 19.5)", "(98.5, 65.5)", "(101.5, 64.5)"
twogroups-933, "(64.0, 99.0)", "(86.5, 82.5)", "(87.5, 84.5)", "(59.5, 117.5)", "(58.5, 117.5)"
twogroups-934, "(29.0, 33.0)", "(21.5, 10.5)", "(21.5, 9.5)", "(25.5, 62.5)", "(23.5, 62.5)"
twogroups-935, "(72.0, 97.0)", "(44.5, 103.5)", "(47.5, 103.5)", "(48.5, 90.5)", "(49.5, 87.5)"
twogroups-936, "(20.0, 63.0)", "(4.5, 85.5)", "(5.5, 85.5)", "(25.5, 42.5)", "(24.5, 43.5)"
twogroups-937, "(72.0, 22.0)", "(61.5, 43.5)", "(64.5, 43.5)", "(78.5, 38.5)", "(75.5, 39.5)"
twogroups-938, "(98.0, 49.0)", "(118.5, 50.5)", "(119.5, 50.5)", "(92.5, 17.5)", "(94.5, 16.5)"
twogroups-939, "(99.0, 63.0)", "(116.5, 84.5)", "(115.5, 85.5)", "(102.5, 81.5)", "(103.5, 81.5)"
twogroups-94, "(88.0, 31.0)", "(57.5, 23.5)", "(59.5, 23.5)", "(65.5, 27.5)", "(65.5, 29.5)"
twogroups-940, "(81.0, 26.0)", "(61.5, 34.5)", "(62.5, 31.5)", "(74.5, 48.5)", "(75.5, 47.5)"
twogroups-941, "(23.0, 43.0)", "(36.5, 61.5)", "(37.5, 61.5)", "(42.5, 45.5)", "(43.5, 42.5)"
twogroups-942, "(37.0, 27.0)", "(54.5, 32.5)", "(54.5, 30.5)", "(53.5, 21.5)", "(52.5, 18.5)"
twogroups-943, "(66.0, 20.0)", "(69.5, 39.5)", "(70.5, 39.5)", "(47.5, 19.5)", "(47.5, 21.5)"
twogroups-944, "(92.0, 36.0)", "(88.5, 66.5)", "(87.5, 65.5)", "(60.5, 39.5)", "(60.5, 37.5)"
twogroups-945, "(92.0, 83.0)", "(107.5, 105.5)", "(108.5, 104.5)", "(96.5, 106.5)", "(95.5, 105.5)"
twogroups-946, "(75.0, 96.0)", "(81.5, 70.5)", "(78.5, 68.5)", "(87.5, 115.5)", "(90.5, 115.5)"
twogroups-947, "(47.0, 21.0)", "(27.5, 42.5)", "(26.5, 43.5)", "(56.5, 43.5)", "(58.5, 41.5)"
twogroups-948, "(81.0, 26.0)", "(75.5, 55.5)", "(73.5, 55.5)", "(65.5, 18.5)", "(62.5, 17.5)"
twogroups-949, "(38.0, 93.0)", "(64.5, 107.5)", "(65.5, 105.5)", "(50.5, 74.5)", "(48.5, 72.5)"
twogroups-95, "(34.0, 28.0)", "(59.5, 34.5)", "(60.5, 34.5)", "(34.5, 4.5)", "(33.5, 4.5)"
twogroups-950, "(60.0, 99.0)", "(81.5, 106.5)", "(82.5, 106.5)", "(86.5, 114.5)", "(87.5, 113.5)"
twogroups-951, "(45.0, 22.0)", "(23.5, 21.5)", "(20.5, 23.5)", "(18.5, 1.5)", "(19.5, 4.5)"
twogroups-952, "(62.0, 99.0)", "(73.5, 75.5)", "(76.5, 75.5)", "(65.5, 66.5)", "(68.5, 69.5)"
twogroups-953, "(99.0, 67.0)", "(72.5, 72.5)", "(72.5, 74.5)", "(99.5, 47.5)", "(101.5, 49.5)"
twogroups-954, "(47.0, 21.0)", "(50.5, 41.5)", "(49.5, 42.5)", "(70.5, 19.5)", "(69.5, 19.5)"
twogroups-955, "(89.0, 86.0)", "(112.5, 90.5)", "(112.5, 86.5)", "(84.5, 106.5)", "(84.5, 105.5)"
twogroups-956, "(20.0, 58.0)", "(2.5, 52.5)", "(3.5, 51.5)", "(29.5, 83.5)", "(33.5, 81.5)"
twogroups-957, "(66.0, 99.0)", "(52.5, 117.5)", "(53.5, 115.5)", "(56.5, 82.5)", "(56.5, 83.5)"
twogroups-958, "(99.0, 65.0)", "(114.5, 55.5)", "(115.5, 55.5)", "(92.5, 96.5)", "(93.5, 95.5)"
twogroups-959, "(47.0, 21.0)", "(66.5, 28.5)", "(67.5, 28.5)", "(54.5, 41.5)", "(56.5, 39.5)"
twogroups-96, "(99.0, 62.0)", "(110.5, 31.5)", "(110.5, 32.5)", "(117.5, 68.5)", "(118.5, 68.5)"
twogroups-960, "(39.0, 94.0)", "(12.5, 78.5)", "(12.5, 77.5)", "(52.5, 66.5)", "(53.5, 66.5)"
twogroups-961, "(25.0, 40.0)", "(18.5, 57.5)", "(17.5, 56.5)", "(6.5, 34.5)", "(6.5, 32.5)"
twogroups-962, "(41.0, 24.0)", "(13.5, 19.5)", "(15.5, 19.5)", "(46.5, 42.5)", "(49.5, 40.5)"
twogroups-963, "(20.0, 53.0)", "(45.5, 65.5)", "(45.5, 64.5)", "(37.5, 79.5)", "(39.5, 77.5)"
twogroups-964, "(83.0, 92.0)", "(52.5, 89.5)", "(53.5, 87.5)", "(62.5, 82.5)", "(60.5, 84.5)"
twogroups-965, "(61.0, 20.0)", "(64.5, 40.5)", "(66.5, 40.5)", "(55.5, 0.5)", "(54.5, 1.5)"
twogroups-966, "(29.0, 33.0)", "(25.5, 52.5)", "(22.5, 53.5)", "(7.5, 34.5)", "(5.5, 34.5)"
twogroups-967, "(96.0, 77.0)", "(97.5, 56.5)", "(95.5, 56.5)", "(73.5, 73.5)", "(73.5, 74.5)"
twogroups-968, "(20.0, 66.0)", "(22.5, 41.5)", "(20.5, 42.5)", "(3.5, 90.5)", "(4.5, 89.5)"
twogroups-969, "(29.0, 86.0)", "(55.5, 87.5)", "(55.5, 89.5)", "(26.5, 108.5)", "(27.5, 109.5)"
twogroups-97, "(86.0, 29.0)", "(74.5, 49.5)", "(72.5, 47.5)", "(64.5, 27.5)", "(61.5, 27.5)"
twogroups-970, "(25.0, 39.0)", "(20.5, 14.5)", "(22.5, 17.5)", "(35.5, 59.5)", "(32.5, 60.5)"
twogroups-971, "(94.0, 80.0)", "(70.5, 79.5)", "(69.5, 77.5)", "(76.5, 79.5)", "(76.5, 77.5)"
twogroups-972, "(72.0, 22.0)", "(80.5, 52.5)", "(84.5, 50.5)", "(42.5, 32.5)", "(42.5, 31.5)"
twogroups-973, "(98.0, 51.0)", "(100.5, 70.5)", "(99.5, 69.5)", "(93.5, 30.5)", "(93.5, 31.5)"
twogroups-974, "(63.0, 99.0)", "(55.5, 77.5)", "(51.5, 78.5)", "(56.5, 116.5)", "(57.5, 116.5)"
twogroups-975, "(40.0, 94.0)", "(18.5, 82.5)", "(19.5, 80.5)", "(59.5, 84.5)", "(57.5, 83.5)"
twogroups-976, "(27.0, 83.0)", "(8.5, 85.5)", "(8.5, 84.5)", "(5.5, 94.5)", "(7.5, 94.5)"
twogroups-977, "(96.0, 76.0)", "(74.5, 77.5)", "(76.5, 81.5)", "(92.5, 102.5)", "(91.5, 102.5)"
twogroups-978, "(93.0, 38.0)", "(97.5, 64.5)", "(97.5, 63.5)", "(90.5, 68.5)", "(89.5, 67.5)"
twogroups-979, "(46.0, 22.0)", "(75.5, 10.5)", "(73.5, 7.5)", "(30.5, 31.5)", "(29.5, 30.5)"
twogroups-98, "(61.0, 20.0)", "(70.5, 0.5)", "(71.5, 0.5)", "(82.5, 16.5)", "(81.5, 17.5)"
twogroups-980, "(99.0, 55.0)", "(96.5, 76.5)", "(96.5, 75.5)", "(100.5, 32.5)", "(102.5, 32.5)"
twogroups-981, "(74.0, 22.0)", "(88.5, 49.5)", "(85.5, 50.5)", "(85.5, 4.5)", "(85.5, 3.5)"
twogroups-982, "(80.0, 94.0)", "(70.5, 118.5)", "(70.5, 119.5)", "(82.5, 112.5)", "(85.5, 111.5)"
twogroups-983, "(44.0, 96.0)", "(67.5, 99.5)", "(67.5, 95.5)", "(73.5, 84.5)", "(72.5, 84.5)"
twogroups-984, "(97.0, 45.0)", "(85.5, 64.5)", "(85.5, 65.5)", "(74.5, 36.5)", "(74.5, 34.5)"
twogroups-985, "(92.0, 83.0)", "(113.5, 67.5)", "(111.5, 68.5)", "(94.5, 103.5)", "(97.5, 103.5)"
twogroups-986, "(39.0, 94.0)", "(41.5, 70.5)", "(42.5, 69.5)", "(47.5, 116.5)", "(47.5, 115.5)"
twogroups-987, "(99.0, 56.0)", "(82.5, 63.5)", "(80.5, 60.5)", "(80.5, 82.5)", "(79.5, 81.5)"
twogroups-988, "(20.0, 53.0)", "(23.5, 83.5)", "(19.5, 84.5)", "(35.5, 75.5)", "(31.5, 72.5)"
twogroups-989, "(90.0, 34.0)", "(93.5, 12.5)", "(96.5, 15.5)", "(84.5, 56.5)", "(87.5, 57.5)"
twogroups-99, "(20.0, 51.0)", "(42.5, 48.5)", "(42.5, 46.5)", "(37.5, 47.5)", "(38.5, 47.5)"
twogroups-990, "(29.0, 34.0)", "(30.5, 13.5)", "(29.5, 11.5)", "(16.5, 16.5)", "(18.5, 13.5)"
twogroups-991, "(73.0, 22.0)", "(53.5, 8.5)", "(52.5, 8.5)", "(46.5, 22.5)", "(46.5, 23.5)"
twogroups-992, "(31.0, 87.0)", "(13.5, 98.5)", "(11.5, 96.5)", "(13.5, 77.5)", "(12.5, 76.5)"
twogroups-993, "(23.0, 76.0)", "(6.5, 83.5)", "(3.5, 81.5)", "(41.5, 78.5)", "(44.5, 74.5)"
twogroups-994, "(20.0, 52.0)", "(47.5, 56.5)", "(47.5, 53.5)", "(2.5, 65.5)", "(0.5, 63.5)"
twogroups-995, "(21.0, 49.0)", "(31.5, 30.5)", "(30.5, 33.5)", "(37.5, 75.5)", "(38.5, 75.5)"
twogroups-996, "(21.0, 49.0)", "(41.5, 42.5)", "(40.5, 44.5)", "(47.5, 46.5)", "(48.5, 44.5)"
twogroups-997, "(20.0, 62.0)", "(42.5, 80.5)", "(42.5, 78.5)", "(11.5, 83.5)", "(11.5, 84.5)"
twogroups-998, "(20.0, 60.0)", "(31.5, 80.5)", "(32.5, 79.5)", "(10.5, 77.5)", "(9.5, 78.5)"
twogroups-999, "(47.0, 98.0)", "(63.5, 88.5)", "(65.5, 90.5)", "(16.5, 107.5)", "(15.5, 104.5)"